# Blender 4.3.2
# www.blender.org
o model
v -0.167865 0.070096 -0.092233
v -0.178932 0.070096 -0.125436
v -0.186310 0.099611 -0.114369
v -0.175243 0.099611 -0.088544
v -0.060874 1.656505 0.059029
v -0.064563 1.667572 0.055340
v -0.068252 1.667572 0.047962
v -0.060874 1.652816 0.055340
v 0.267476 0.409515 -0.036893
v 0.263787 0.409515 -0.088544
v 0.271165 0.427960 -0.092233
v 0.271165 0.427960 -0.033204
v 0.164176 0.070096 -0.092233
v 0.171554 0.099611 -0.088544
v 0.182621 0.099611 -0.114369
v 0.175243 0.070096 -0.125436
v 0.263787 1.095728 0.011067
v 0.289612 1.099417 0.007378
v 0.285923 1.121554 0.011067
v 0.260098 1.117865 0.014756
v 0.285923 0.527573 0.047962
v 0.263787 0.579224 0.044273
v 0.226894 0.568155 0.106991
v 0.241650 0.527573 0.114369
v -0.212136 1.191650 -0.036893
v -0.208447 1.213787 -0.033204
v -0.219514 1.213787 -0.022136
v -0.223205 1.195339 -0.022136
v -0.064563 0.494370 0.040582
v -0.068252 0.531262 0.036893
v -0.094077 0.534951 0.073785
v -0.094077 0.494370 0.077476
v 0.289612 0.844855 0.044273
v 0.285923 0.863301 0.047962
v 0.274854 0.863301 0.033204
v 0.282234 0.844855 0.029515
v -0.138350 1.165827 0.033204
v -0.097766 1.165827 0.081166
v -0.094077 1.165827 0.073785
v -0.130970 1.165827 0.029515
v -0.326505 0.852234 0.007378
v -0.322816 0.848544 0.029515
v -0.322816 0.870681 0.033204
v -0.330194 0.874370 0.007378
v -0.060874 1.874176 -0.000000
v -0.064563 1.885244 0.014756
v -0.049806 1.874176 0.014756
v -0.046117 1.852040 -0.011067
v 0.223205 1.353981 0.047962
v 0.182621 1.372427 0.070096
v 0.182621 1.361359 0.062718
v 0.223205 1.342914 0.044273
v -0.079321 1.630680 0.062718
v -0.071941 1.630680 0.059029
v -0.068252 1.652816 0.073785
v -0.079321 1.652816 0.077476
v -0.293301 0.833786 -0.014756
v -0.293301 0.852234 -0.014756
v -0.293301 0.848544 0.007378
v -0.293301 0.830097 0.007378
v -0.186310 1.468350 -0.106991
v -0.189999 1.483107 -0.088544
v -0.164176 1.490485 -0.092233
v -0.167865 1.468350 -0.118058
v -0.079321 0.782135 0.095922
v -0.042426 0.771068 0.062718
v -0.020292 0.855923 0.062718
v -0.046117 0.885437 0.088544
v -0.260098 1.339223 -0.007378
v -0.237961 1.335534 0.011067
v -0.234272 1.379807 0.018447
v -0.256408 1.387185 -0.003689
v 0.105147 1.501554 -0.125436
v 0.105147 1.508932 -0.129126
v 0.138350 1.520001 -0.099611
v 0.138350 1.512621 -0.095922
v -0.009223 1.420389 -0.162331
v -0.009223 1.446214 -0.158640
v 0.020292 1.446214 -0.158640
v 0.046117 1.409321 -0.158640
v -0.256408 1.280194 -0.088544
v -0.271165 1.283885 -0.070096
v -0.271165 1.298641 -0.070096
v -0.252717 1.294952 -0.092233
v 0.212136 0.018447 0.169709
v 0.215825 0.036893 0.173398
v 0.193690 0.051651 0.110680
v 0.189999 0.018447 0.106991
v 0.304368 0.018447 0.143884
v 0.319127 0.018447 0.110680
v 0.315438 0.033204 0.110680
v 0.300679 0.033204 0.143884
v 0.267476 1.302330 -0.081166
v 0.263787 1.317089 -0.081166
v 0.274854 1.313398 -0.051651
v 0.274854 1.306019 -0.051651
v -0.167865 0.409515 0.077476
v -0.116214 0.409515 0.044273
v -0.119903 0.439030 0.051651
v -0.164176 0.439030 0.084855
v -0.164176 0.807961 0.099611
v -0.123592 0.796893 0.110680
v -0.101456 0.874370 0.103302
v 0.226894 1.302330 0.025825
v 0.256408 1.306019 0.007378
v 0.249028 1.328156 0.007378
v 0.219516 1.342914 0.025825
v 0.001845 1.789322 -0.070096
v -0.023981 1.789322 -0.066407
v -0.020292 1.796700 -0.047962
v 0.009223 1.793011 -0.040582
v 0.186310 0.022136 0.047962
v 0.182621 0.062718 0.055340
v 0.171554 0.073785 -0.025825
v 0.178932 0.040582 -0.029515
v -0.009223 0.641942 -0.169709
v 0.012912 0.660388 -0.169709
v 0.027670 0.641942 -0.169709
v 0.012912 0.627184 -0.173398
v 0.064563 1.361359 0.129126
v 0.086699 1.368738 0.118058
v 0.094077 1.368738 0.136506
v 0.071941 1.365049 0.143884
v -0.208447 0.143884 -0.114369
v -0.230583 0.140195 -0.106991
v -0.226894 0.162331 -0.095922
v -0.208447 0.162331 -0.103302
v 0.075632 1.593787 0.003689
v 0.071941 1.593787 -0.003689
v 0.075632 1.623302 -0.014756
v 0.083010 1.626991 -0.000000
v -0.149417 1.180583 -0.022136
v -0.145728 1.184272 0.029515
v -0.153106 1.210098 0.025825
v -0.156796 1.202719 -0.025825
v 0.208447 0.000000 -0.132815
v 0.175243 0.000000 -0.118058
v 0.171554 0.025825 -0.125436
v 0.208447 0.025825 -0.140195
v -0.130970 1.538447 -0.084855
v -0.127281 1.586409 -0.062718
v -0.101456 1.593787 -0.099611
v -0.108836 1.531069 -0.110680
v 0.237961 0.036893 0.180777
v 0.252719 0.051651 0.136506
v 0.219516 0.055340 0.143884
v 0.046117 1.678642 0.099611
v 0.064563 1.678642 0.092233
v 0.060874 1.700778 0.103302
v 0.038737 1.697089 0.114369
v -0.293301 0.874370 -0.044273
v -0.289612 0.896504 -0.047962
v -0.282234 0.889126 -0.022136
v -0.289612 0.870681 -0.018447
v 0.057185 1.106797 0.143884
v 0.057185 1.125243 0.143884
v 0.049806 1.125243 0.132815
v 0.049806 1.106797 0.132815
v -0.263787 0.848544 0.022136
v -0.263787 0.859612 0.022136
v -0.252717 0.859612 0.029515
v -0.252717 0.848544 0.025825
v -0.189999 0.162331 -0.095922
v -0.204757 0.202913 -0.099611
v -0.186310 0.202913 -0.095922
v 0.101457 0.944466 0.151262
v 0.097766 0.944466 0.147573
v 0.083010 1.088350 0.110680
v 0.086699 1.088350 0.114369
v 0.289612 1.055146 -0.070096
v 0.271165 1.051457 -0.073785
v 0.263787 1.084661 -0.084855
v 0.289612 1.092039 -0.077476
v -0.123592 1.501554 -0.121747
v -0.119903 1.520001 -0.121747
v -0.068252 1.505243 -0.154951
v -0.071941 1.483107 -0.158640
v 0.256408 0.405826 0.018447
v 0.260098 0.424271 0.025825
v -0.208447 1.372427 0.025825
v -0.182621 1.365049 0.022136
v -0.178932 1.398252 0.040582
v -0.201068 1.409321 0.036893
v 0.097766 1.579031 0.062718
v 0.119903 1.586409 0.029515
v 0.086699 1.586409 0.055340
v 0.060874 1.575340 0.081166
v -0.075630 1.531069 -0.022136
v -0.079321 1.564272 -0.014756
v -0.068252 1.553205 0.018447
v -0.064563 1.512621 0.007378
v 0.079321 0.782135 -0.125436
v 0.042428 0.771068 -0.099611
v 0.023981 0.859612 -0.092233
v 0.053496 0.885437 -0.118058
v -0.304368 0.878059 -0.059029
v -0.300679 0.900194 -0.059029
v 0.101457 0.398448 -0.099611
v 0.097766 0.394757 -0.047962
v 0.094077 0.409515 -0.044273
v 0.094077 0.413204 -0.103302
v -0.197379 1.239612 -0.029515
v -0.212136 1.239612 -0.014756
v 0.278545 0.830097 0.007378
v 0.278545 0.826408 0.025825
v 0.282234 0.848544 0.007378
v -0.267476 1.294952 -0.014756
v -0.274854 1.298641 -0.007378
v -0.282234 1.302330 -0.040582
v -0.274854 1.298641 -0.040582
v 0.108836 1.361359 -0.173398
v 0.108836 1.361359 -0.158640
v 0.075632 1.387185 -0.154951
v 0.071941 1.387185 -0.173398
v 0.038737 1.674953 0.099611
v 0.031359 1.697089 0.110680
v -0.075630 1.527380 0.088544
v -0.042426 1.523691 0.106991
v -0.042426 1.553205 0.114369
v -0.075630 1.560583 0.092233
v 0.215825 0.822719 -0.022136
v 0.186310 0.926019 -0.022136
v 0.178932 0.918641 0.036893
v 0.201068 0.819030 0.040582
v 0.252719 1.055146 0.007378
v 0.271165 1.058836 0.014756
v 0.241650 1.088350 0.003689
v -0.237961 0.202913 -0.081166
v -0.245339 0.202913 -0.055340
v -0.245339 0.261942 -0.055340
v -0.237961 0.261942 -0.081166
v -0.208447 0.498059 0.121747
v -0.160485 0.479611 0.110680
v -0.153106 0.498059 0.114369
v -0.208447 0.512815 0.125436
v 0.035048 1.582720 0.055340
v 0.035048 1.579031 0.044273
v 0.049806 1.601165 0.033204
v 0.049806 1.604854 0.047962
v -0.046117 1.309708 -0.136506
v -0.094077 1.291263 -0.121747
v -0.108836 1.335534 -0.132815
v -0.060874 1.346603 -0.147573
v 0.060874 1.420389 0.118058
v 0.083010 1.420389 0.118058
v 0.105147 1.442525 0.099611
v 0.083010 1.453592 0.084855
v 0.256408 0.996117 0.003689
v 0.263787 0.999806 0.018447
v 0.260098 1.025632 0.011067
v 0.249028 1.021943 -0.003689
v 0.278545 0.815341 -0.051651
v 0.271165 0.819030 -0.051651
v 0.282234 0.837475 -0.051651
v 0.293301 0.833786 -0.051651
v -0.271165 0.789515 0.003689
v -0.274854 0.796893 0.003689
v -0.274854 0.793204 0.018447
v -0.271165 0.785826 0.018447
v -0.009223 0.538640 -0.162331
v -0.094077 0.605048 -0.143884
v -0.097766 0.605048 -0.166020
v -0.009223 0.538640 -0.184466
v -0.142039 0.538640 0.103302
v -0.116214 0.645632 0.099611
v -0.164176 0.656699 0.110680
v -0.193688 0.553399 0.118058
v -0.001845 0.833786 -0.018447
v -0.001845 0.855923 -0.055340
v 0.005534 0.841164 -0.059029
v 0.001845 0.826408 -0.018447
v 0.005534 1.667572 0.118058
v 0.016603 1.689709 0.121747
v 0.001845 1.689709 0.129126
v -0.001845 1.667572 0.121747
v -0.057185 1.125243 0.099611
v -0.009223 1.125243 0.114369
v -0.012912 1.165827 0.118058
v -0.060874 1.165827 0.103302
v -0.245339 0.018447 0.184466
v -0.226894 0.003689 0.169709
v -0.215825 0.018447 0.169709
v -0.219514 0.036893 0.173398
v 0.046117 0.634564 0.029515
v 0.068252 0.638253 0.066407
v 0.038737 0.771068 0.062718
v 0.020292 0.763690 0.025825
v 0.153106 0.907574 0.099611
v 0.142039 0.900194 0.088544
v 0.189999 0.929710 0.040582
v -0.009223 1.199030 -0.121747
v -0.009223 1.213787 -0.118058
v 0.038737 1.213787 -0.118058
v 0.038737 1.199030 -0.121747
v -0.049806 0.634564 0.029515
v -0.071941 0.638253 0.066407
v 0.046117 1.291263 -0.136506
v -0.009223 1.291263 -0.140195
v -0.009223 1.335534 -0.151262
v 0.049806 1.335534 -0.147573
v 0.016603 1.601165 -0.084855
v 0.016603 1.615923 -0.084855
v 0.038737 1.615923 -0.073785
v 0.038737 1.597476 -0.073785
v 0.075632 1.464661 0.077476
v 0.075632 1.453592 0.070096
v 0.112525 1.486796 0.055340
v 0.112525 1.490485 0.055340
v 0.263787 0.778446 0.029515
v 0.271165 0.782135 0.029515
v 0.263787 0.789515 0.033204
v 0.260098 0.785826 0.029515
v 0.031359 1.785631 -0.062718
v 0.031359 1.793011 -0.033204
v 0.057185 1.781942 -0.051651
v -0.267476 0.992428 -0.033204
v -0.260098 1.018252 -0.040582
v -0.256408 1.018252 -0.022136
v -0.263787 0.992428 -0.014756
v -0.035048 1.556894 -0.099611
v -0.031359 1.564272 -0.084855
v -0.009223 1.564272 -0.092233
v -0.009223 1.556894 -0.106991
v -0.260098 0.937088 0.003689
v -0.267476 0.951845 -0.003689
v -0.271165 0.955534 0.014756
v -0.263787 0.940777 0.025825
v 0.001845 1.674953 -0.140195
v 0.005534 1.708156 -0.143884
v 0.012912 1.708156 -0.132815
v 0.009223 1.671263 -0.125436
v -0.009223 1.634369 0.114369
v -0.009223 1.649127 0.106991
v -0.020292 1.638060 0.084855
v -0.020292 1.626991 0.088544
v -0.027670 1.674953 0.092233
v -0.020292 1.689709 0.092233
v -0.035048 1.697089 0.092233
v -0.049806 1.674953 0.084855
v -0.009223 1.165827 0.103302
v -0.057185 1.165827 0.092233
v -0.178932 0.000000 -0.118058
v -0.175243 0.025825 -0.125436
v -0.160485 0.025825 -0.088544
v -0.164176 0.000000 -0.084855
v 0.260098 0.785826 0.000000
v 0.256408 0.793204 -0.022136
v 0.263787 0.796893 -0.022136
v 0.267476 0.789515 0.000000
v 0.134661 1.195339 0.036893
v 0.142039 1.187961 -0.025825
v 0.142039 1.202719 -0.025825
v 0.134661 1.232234 0.033204
v 0.285923 1.258059 -0.051651
v 0.274854 1.254368 -0.081166
v 0.230583 0.450097 0.077476
v 0.260098 0.453786 0.033204
v 0.285923 0.512815 0.047962
v 0.245339 0.512815 0.110680
v 0.053496 0.627184 -0.143884
v 0.079321 0.605048 -0.143884
v 0.053496 0.874370 -0.132815
v -0.304368 0.833786 -0.051651
v -0.315438 0.855923 -0.051651
v -0.304368 0.855923 -0.055340
v -0.296990 0.837475 -0.051651
v 0.083010 1.143690 0.121747
v 0.083010 1.143690 0.132815
v 0.094077 1.143690 0.125436
v 0.105147 1.143690 0.114369
v -0.023981 1.715534 0.118058
v -0.012912 1.737671 0.118058
v -0.023981 1.741360 0.121747
v -0.035048 1.719223 0.121747
v 0.123592 1.376118 0.121747
v 0.105147 1.383496 0.106991
v 0.119903 1.394563 0.095922
v 0.153106 1.405632 0.092233
v -0.315438 1.062525 -0.007378
v -0.300679 1.062525 0.011067
v -0.296990 1.099417 0.007378
v -0.315438 1.099417 -0.011067
v 0.245339 1.324467 -0.114369
v 0.245339 1.335534 -0.118058
v 0.274854 1.328156 -0.088544
v 0.274854 1.317089 -0.084855
v 0.112525 1.722913 -0.044273
v 0.105147 1.719223 -0.070096
v 0.094077 1.741360 -0.066407
v 0.101457 1.745049 -0.033204
v 0.256408 0.948155 -0.022136
v 0.256408 0.951845 -0.003689
v 0.256408 0.970292 -0.011067
v 0.260098 0.970292 -0.029515
v 0.097766 1.232234 0.077476
v 0.097766 1.195339 0.077476
v 0.123592 0.398448 -0.121747
v 0.119903 0.416893 -0.129126
v -0.230583 0.125436 -0.103302
v -0.245339 0.121747 -0.084855
v -0.249028 0.136506 -0.088544
v 0.182621 0.202913 -0.095922
v 0.175243 0.261942 -0.099611
v 0.197379 0.261942 -0.103302
v 0.201068 0.202913 -0.099611
v 0.315438 0.929710 -0.018447
v 0.311749 0.929710 -0.040582
v 0.308058 0.955534 -0.040582
v 0.315438 0.955534 -0.018447
v 0.256408 1.339223 0.022136
v 0.256408 1.328156 0.018447
v 0.020292 1.575340 0.070096
v 0.020292 1.564272 0.062718
v 0.031359 1.590098 0.062718
v 0.293301 1.217476 -0.014756
v 0.296990 1.213787 -0.047962
v 0.282234 1.261748 -0.018447
v -0.009223 1.080972 0.114369
v 0.038737 1.080972 0.110680
v 0.035048 1.088350 0.121747
v -0.012912 1.088350 0.121747
v 0.064563 1.593787 -0.011067
v 0.064563 1.615923 -0.018447
v 0.079321 0.977670 -0.140195
v 0.075632 1.040388 -0.121747
v 0.075632 1.036699 -0.110680
v 0.075632 0.973981 -0.121747
v 0.020292 1.785631 0.055340
v 0.027670 1.811456 0.044273
v 0.001845 1.818836 0.062718
v 0.001845 1.785631 0.066407
v 0.311749 0.955534 0.007378
v 0.311749 0.977670 0.003689
v 0.296990 0.977670 0.022136
v 0.296990 0.955534 0.029515
v -0.009223 1.538447 0.059029
v -0.009223 1.560583 0.110680
v 0.027670 1.567961 0.103302
v 0.027670 1.542136 0.051651
v 0.289612 1.210098 -0.077476
v -0.186310 1.287574 0.014756
v -0.182621 1.320778 0.018447
v -0.212136 1.324467 0.025825
v -0.219514 1.291263 0.022136
v -0.020292 0.593981 0.143884
v 0.012912 0.616117 0.143884
v -0.001845 0.630873 0.143884
v -0.020292 0.616117 0.143884
v -0.201068 1.239612 -0.077476
v -0.189999 1.269127 -0.077476
v -0.182621 1.269127 -0.055340
v -0.193688 1.239612 -0.055340
v 0.208447 0.000000 -0.095922
v 0.245339 0.000000 -0.121747
v 0.263787 0.000000 -0.088544
v 0.263787 0.000000 -0.044273
v 0.090388 0.534951 -0.106991
v 0.068252 0.638253 -0.103302
v 0.108836 0.645632 -0.129126
v 0.134661 0.538640 -0.129126
v -0.112525 0.645632 -0.129126
v -0.153106 0.653010 -0.129126
v -0.119903 0.789515 -0.132815
v -0.083010 0.782135 -0.125436
v 0.278545 1.117865 0.055340
v 0.245339 1.114176 0.055340
v -0.252717 0.833786 0.033204
v -0.263787 0.830097 0.029515
v -0.263787 0.841164 0.022136
v -0.252717 0.841164 0.025825
v -0.226894 1.195339 -0.092233
v -0.223205 1.217476 -0.092233
v -0.208447 1.213787 -0.077476
v -0.212136 1.191650 -0.077476
v -0.009223 0.833786 0.025825
v -0.005534 0.826408 -0.018447
v -0.001845 0.841164 0.025825
v 0.020292 1.479418 -0.162331
v -0.023981 1.472040 -0.169709
v -0.023981 1.497865 -0.166020
v 0.020292 1.501554 -0.158640
v -0.274854 0.859612 0.025825
v -0.278543 0.870681 0.025825
v -0.263787 0.870681 0.022136
v 0.267476 0.003689 0.084855
v 0.315438 0.003689 0.110680
v 0.300679 0.003689 0.140195
v 0.267476 0.003689 0.158640
v -0.060874 1.597476 -0.129126
v -0.090388 1.604854 -0.088544
v -0.053496 1.608543 -0.110680
v 0.005534 0.833786 0.025825
v 0.012912 0.760001 -0.018447
v -0.064563 0.627184 -0.169709
v -0.097766 0.874370 -0.151262
v -0.064563 0.874370 -0.154951
v 0.130970 1.590098 -0.003689
v 0.127281 1.590098 -0.036893
v 0.116214 1.597476 -0.029515
v 0.116214 1.597476 -0.000000
v 0.016603 1.564272 -0.084855
v 0.038737 1.560583 -0.073785
v 0.123592 1.084661 -0.081166
v 0.116214 1.125243 -0.077476
v 0.134661 1.125243 -0.022136
v 0.145728 1.084661 -0.022136
v -0.001845 0.878059 0.062718
v 0.016603 0.855923 0.062718
v 0.042428 0.885437 0.088544
v -0.001845 0.922330 0.088544
v -0.071941 1.700778 -0.114369
v -0.086699 1.726602 -0.103302
v -0.057185 1.730293 -0.125436
v -0.057185 1.704467 -0.129126
v 0.289612 0.855923 -0.055340
v 0.300679 0.855923 -0.051651
v -0.009223 1.195339 0.106991
v -0.090388 1.210098 0.095922
v -0.023981 1.575340 0.070096
v -0.012912 1.593787 0.073785
v -0.023981 1.601165 0.070096
v -0.035048 1.590098 0.062718
v 0.274854 1.158447 -0.099611
v 0.241650 1.151068 -0.106991
v 0.230583 1.195339 -0.114369
v 0.263787 1.202719 -0.103302
v -0.271165 0.036893 0.173398
v -0.256408 0.051651 0.136506
v -0.293301 0.044273 0.121747
v -0.304368 0.033204 0.143884
v -0.009223 0.579224 -0.151262
v 0.156796 0.261942 -0.033204
v 0.178932 0.261942 -0.014756
v 0.164176 0.328349 0.000000
v 0.138350 0.328349 -0.022136
v -0.175243 1.497865 -0.062718
v -0.186310 1.494176 -0.029515
v -0.186310 1.505243 -0.029515
v -0.178932 1.508932 -0.062718
v 0.296990 0.830097 -0.040582
v 0.308058 0.855923 -0.040582
v 0.311749 0.852234 -0.018447
v 0.300679 0.830097 -0.018447
v 0.237961 0.158640 -0.081166
v 0.234272 0.202913 -0.081166
v 0.241650 0.202913 -0.055340
v 0.245339 0.158640 -0.059029
v 0.097766 0.948155 0.158640
v 0.083010 1.088350 0.118058
v -0.156796 1.497865 -0.084855
v -0.160485 1.508932 -0.088544
v -0.123592 1.490485 -0.114369
v 0.274854 0.937088 0.047962
v 0.296990 0.926019 0.040582
v 0.278545 0.959223 0.036893
v 0.300679 0.501748 -0.022136
v 0.285923 0.486990 -0.084855
v 0.289612 0.505437 -0.084855
v 0.308058 0.520195 -0.022136
v 0.053496 1.379807 0.147573
v 0.049806 1.379807 0.136506
v 0.256408 0.807961 -0.051651
v 0.256408 0.807961 -0.036893
v 0.267476 0.819030 -0.036893
v -0.075630 1.545825 -0.055340
v -0.060874 1.553205 -0.047962
v -0.049806 1.560583 -0.073785
v -0.060874 1.553205 -0.084855
v -0.075630 1.630680 0.044273
v -0.071941 1.649127 0.040582
v -0.197379 0.051651 0.110680
v -0.186310 0.062718 0.055340
v -0.204757 0.081166 0.059029
v -0.215825 0.066407 0.110680
v -0.020292 0.546019 0.129126
v 0.064563 0.608739 0.118058
v 0.068252 0.608739 0.140195
v -0.020292 0.546019 0.151262
v 0.090388 0.944466 0.154951
v 0.079321 1.088350 0.114369
v -0.119903 1.291263 0.088544
v -0.127281 1.335534 0.084855
v -0.149417 1.324467 0.055340
v -0.138350 1.272816 0.059029
v 0.049806 1.586409 -0.047962
v 0.049806 1.553205 -0.047962
v -0.009223 0.579224 -0.180777
v -0.009223 0.590291 -0.173398
v 0.027670 0.612428 -0.169709
v 0.049806 0.627184 -0.169709
v -0.282234 0.789515 0.000000
v -0.285923 0.782135 0.018447
v -0.300679 0.800583 0.022136
v -0.300679 0.804272 0.003689
v 0.090388 1.781942 -0.018447
v 0.046117 1.807767 -0.025825
v 0.068252 1.811456 -0.003689
v -0.160485 0.261942 -0.033204
v -0.142039 0.328349 -0.022136
v -0.167865 0.328349 0.000000
v -0.182621 0.261942 -0.014756
v 0.012912 1.759807 0.106991
v 0.027670 1.759807 0.106991
v 0.023981 1.774564 0.084855
v 0.009223 1.774564 0.088544
v -0.167865 1.413010 -0.132815
v -0.182621 1.398252 -0.114369
v -0.197379 1.446214 -0.114369
v -0.171554 1.446214 -0.132815
v 0.153106 0.261942 -0.059029
v 0.130970 0.328349 -0.055340
v 0.142039 0.328349 -0.088544
v 0.156796 0.261942 -0.084855
v -0.046117 1.656505 0.062718
v -0.046117 1.671263 0.073785
v -0.057185 1.671263 0.066407
v -0.057185 1.660194 0.059029
v 0.038737 0.977670 0.125436
v 0.071941 0.977670 0.118058
v 0.071941 1.040388 0.110680
v 0.038737 1.040388 0.118058
v -0.038737 1.582720 0.055340
v -0.023981 1.564272 0.062718
v 0.308058 1.058836 -0.051651
v 0.308058 1.095728 -0.059029
v -0.075630 1.571651 -0.051651
v -0.060874 1.579031 -0.081166
v -0.112525 1.597476 -0.059029
v -0.090388 1.656505 0.059029
v -0.090388 1.682331 0.070096
v -0.105146 1.686020 0.044273
v -0.101456 1.656505 0.040582
v -0.249028 0.328349 -0.051651
v -0.252717 0.387379 -0.044273
v -0.249028 0.387379 -0.081166
v -0.241650 0.328349 -0.081166
v 0.075632 0.472233 0.036893
v 0.060874 0.494370 0.040582
v 0.060874 0.494370 -0.025825
v 0.079321 0.472233 -0.029515
v 0.311749 0.903885 -0.044273
v 0.300679 0.903885 -0.059029
v 0.296990 0.929710 -0.055340
v -0.160485 1.446214 0.047962
v -0.130970 1.446214 0.059029
v -0.156796 1.468350 0.033204
v -0.164176 1.464661 0.036893
v -0.252717 0.885437 0.029515
v -0.252717 0.896504 0.022136
v -0.252717 0.900194 0.040582
v -0.249028 0.885437 0.044273
v -0.145728 1.165827 -0.018447
v -0.138350 1.165827 -0.018447
v 0.016603 1.652816 0.077476
v 0.020292 1.656505 0.070096
v 0.016603 1.660194 0.073785
v 0.012912 1.660194 0.084855
v 0.219516 0.202913 -0.095922
v 0.219516 0.261942 -0.095922
v 0.234272 0.261942 -0.081166
v 0.256408 0.793204 -0.040582
v 0.263787 0.796893 -0.040582
v -0.060874 1.667572 0.055340
v -0.108836 1.246990 0.099611
v -0.079321 1.276505 0.121747
v -0.083010 1.283885 0.110680
v -0.108836 1.254368 0.088544
v 0.042428 1.040388 -0.125436
v 0.038737 1.073592 -0.110680
v 0.071941 1.077281 -0.099611
v -0.060874 1.829904 0.022136
v -0.068252 1.852040 0.022136
v -0.064563 1.852040 0.003689
v -0.060874 1.829904 -0.000000
v 0.123592 1.184272 -0.084855
v 0.127281 1.199030 -0.084855
v 0.138350 1.512621 0.022136
v 0.134661 1.516310 0.022136
v 0.108836 1.490485 0.051651
v -0.031359 1.826214 0.062718
v -0.001845 1.840971 0.047962
v -0.027670 1.848351 0.047962
v -0.249028 0.512815 0.110680
v -0.245339 0.527573 0.114369
v -0.289612 0.527573 0.047962
v -0.289612 0.512815 0.047962
v 0.071941 0.874370 0.125436
v 0.068252 0.874370 0.106991
v 0.071941 0.959223 0.099611
v 0.097766 0.977670 0.118058
v 0.094077 1.040388 0.106991
v -0.009223 1.601165 -0.092233
v 0.035048 1.125243 -0.106991
v 0.035048 1.165827 -0.114369
v 0.071941 1.165827 -0.106991
v 0.071941 1.125243 -0.099611
v -0.145728 1.210098 -0.025825
v -0.134659 1.202719 -0.025825
v -0.127281 1.213787 -0.066407
v -0.134659 1.217476 -0.066407
v -0.182621 0.546019 -0.129126
v -0.223205 0.557088 -0.114369
v -0.193688 0.660388 -0.114369
v 0.311749 0.929710 0.011067
v -0.289612 0.059029 0.092233
v -0.249028 0.066407 0.103302
v -0.245339 0.081166 0.073785
v -0.285923 0.070096 0.062718
v 0.219516 1.210098 0.036893
v 0.249028 1.213787 0.033204
v 0.237961 1.258059 0.025825
v 0.208447 1.254368 0.029515
v -0.322816 0.977670 -0.040582
v -0.326505 0.977670 -0.018447
v -0.326505 0.999806 -0.022136
v -0.319127 0.999806 -0.040582
v 0.193690 1.158447 0.011067
v 0.204757 1.162136 0.033204
v 0.193690 1.206408 0.025825
v 0.186310 1.202719 0.003689
v -0.035048 1.317089 0.140195
v -0.042426 1.324467 0.129126
v -0.278543 1.302330 -0.073785
v -0.256408 1.298641 -0.099611
v 0.256408 0.955534 0.014756
v 0.263787 0.959223 0.029515
v 0.263787 0.977670 0.022136
v 0.256408 0.973981 0.007378
v 0.046117 1.405632 0.125436
v 0.046117 1.427767 0.103302
v 0.016603 1.409321 0.114369
v 0.234272 1.114176 0.003689
v -0.278543 1.254368 -0.047962
v -0.274854 1.283885 -0.044273
v -0.274854 1.254368 -0.070096
v -0.042426 1.497865 0.033204
v -0.031359 1.516310 0.025825
v -0.049806 1.523691 0.007378
v -0.263787 0.896504 0.000000
v -0.252717 0.914952 0.011067
v -0.263787 0.889126 0.018447
v -0.027670 1.863107 0.014756
v -0.020292 1.848351 -0.018447
v 0.042428 1.756118 -0.110680
v 0.016603 1.759807 -0.121747
v 0.012912 1.778253 -0.095922
v 0.038737 1.774564 -0.088544
v 0.186310 1.431456 0.059029
v 0.215825 1.457281 0.025825
v 0.219516 1.464661 0.033204
v 0.189999 1.438836 0.066407
v 0.035048 1.361359 -0.158640
v 0.020292 1.372427 -0.162331
v 0.031359 1.372427 -0.173398
v 0.038737 1.361359 -0.169709
v -0.175243 0.114369 -0.051651
v -0.167865 0.129126 -0.055340
v -0.171554 0.129126 -0.025825
v -0.178932 0.114369 -0.022136
v -0.212136 0.261942 -0.011067
v -0.208447 0.328349 0.003689
v -0.237961 0.328349 -0.018447
v -0.237961 0.261942 -0.029515
v 0.064563 1.807767 0.022136
v 0.049806 1.833593 0.007378
v 0.049806 1.833593 0.022136
v -0.326505 0.929710 0.011067
v -0.308058 0.926019 0.040582
v -0.311747 0.955534 0.029515
v -0.326505 0.955534 0.007378
v -0.274854 0.453786 -0.025825
v -0.304368 0.501748 -0.022136
v -0.289612 0.486990 -0.084855
v -0.267476 0.446408 -0.084855
v -0.193688 1.331845 -0.103302
v -0.189999 1.372427 -0.106991
v -0.171554 1.365049 -0.092233
v -0.171554 1.328156 -0.088544
v 0.282234 0.926019 -0.059029
v 0.278545 0.948155 -0.051651
v 0.293301 0.951845 -0.051651
v 0.068252 1.630680 0.062718
v 0.068252 1.652816 0.077476
v 0.057185 1.652816 0.073785
v 0.060874 1.630680 0.059029
v -0.038737 1.579031 0.044273
v -0.053496 1.601165 0.033204
v -0.049806 1.597476 0.003689
v -0.031359 1.579031 0.022136
v 0.237961 0.885437 0.029515
v 0.234272 0.885437 0.044273
v 0.237961 0.900194 0.040582
v 0.237961 0.896504 0.022136
v 0.274854 0.804272 0.036893
v 0.285923 0.822719 0.040582
v 0.271165 0.807961 0.022136
v -0.267476 0.881748 0.022136
v -0.252717 0.870681 0.029515
v 0.245339 0.405826 -0.121747
v 0.204757 0.405826 -0.147573
v 0.208447 0.424271 -0.151262
v 0.249028 0.424271 -0.125436
v 0.226894 0.671457 -0.077476
v 0.189999 0.660388 -0.114369
v 0.153106 0.800583 -0.114369
v 0.193690 0.815341 -0.077476
v 0.223205 1.095728 -0.095922
v 0.208447 1.095728 -0.081166
v 0.197379 1.106797 -0.088544
v 0.215825 1.106797 -0.106991
v -0.046117 1.800389 -0.047962
v -0.046117 1.826214 -0.022136
v -0.020292 1.822525 -0.029515
v -0.249028 1.180583 -0.011067
v -0.245339 1.199030 -0.014756
v -0.267476 1.202719 -0.018447
v -0.274854 1.184272 -0.014756
v 0.293301 1.062525 0.011067
v 0.204757 0.328349 0.003689
v 0.201068 0.380000 0.018447
v 0.153106 0.376311 0.014756
v -0.097766 0.977670 0.114369
v -0.094077 1.040388 0.103302
v -0.094077 1.036699 0.088544
v -0.094077 0.973981 0.095922
v -0.060874 1.520001 -0.136506
v -0.020292 1.601165 -0.140195
v -0.020292 1.516310 -0.147573
v 0.285923 0.804272 0.003689
v 0.300679 0.826408 0.003689
v 0.300679 0.822719 0.025825
v 0.285923 0.800583 0.022136
v 0.046117 1.730293 -0.125436
v 0.071941 1.748738 -0.092233
v 0.075632 1.726602 -0.103302
v 0.079321 1.213787 -0.106991
v 0.083010 1.199030 -0.110680
v -0.267476 0.796893 -0.018447
v -0.271165 0.804272 -0.014756
v 0.223205 0.003689 0.169709
v 0.241650 0.018447 0.184466
v -0.097766 1.387185 0.103302
v -0.094077 1.427767 0.084855
v -0.134659 1.420389 0.070096
v -0.134659 1.383496 0.081166
v -0.249028 1.047768 -0.051651
v -0.234272 1.080972 -0.059029
v -0.230583 1.080972 -0.036893
v -0.245339 1.047768 -0.029515
v 0.016603 1.516310 0.025825
v 0.016603 1.545825 0.025825
v -0.009223 1.542136 0.033204
v -0.009223 1.512621 0.033204
v -0.260098 0.900194 0.059029
v -0.256408 0.881748 0.059029
v 0.223205 1.080972 -0.036893
v 0.226894 1.084661 -0.014756
v 0.219516 1.110487 -0.014756
v 0.215825 1.106797 -0.040582
v 0.245339 0.025825 -0.121747
v 0.237961 0.070096 -0.121747
v 0.256408 0.070096 -0.092233
v 0.263787 0.025825 -0.092233
v 0.311749 1.169516 -0.044273
v 0.300679 1.165827 -0.077476
v -0.189999 0.125436 -0.103302
v -0.178932 0.125436 -0.084855
v -0.252717 1.438836 -0.066407
v -0.230583 1.472040 -0.062718
v -0.215825 1.464661 -0.092233
v -0.234272 1.431456 -0.092233
v -0.027670 0.660388 -0.169709
v -0.009223 0.671457 -0.166020
v 0.127281 0.977670 0.095922
v 0.108836 1.040388 0.088544
v 0.101457 1.036699 0.081166
v 0.116214 0.977670 0.084855
v 0.201068 0.413204 0.084855
v 0.197379 0.442719 0.092233
v 0.160487 0.439030 0.084855
v 0.164176 0.409515 0.077476
v 0.237961 1.475729 -0.084855
v 0.230583 1.486796 -0.081166
v 0.245339 1.483107 -0.051651
v 0.249028 1.479418 -0.051651
v 0.042428 1.652816 0.066407
v 0.042428 1.656505 0.062718
v 0.027670 1.656505 0.066407
v 0.027670 1.652816 0.070096
v 0.049806 0.973981 -0.125436
v -0.035048 1.697089 0.110680
v -0.046117 1.697089 0.114369
v 0.249028 0.830097 0.040582
v 0.237961 0.830097 0.040582
v 0.237961 0.833786 0.033204
v 0.249028 0.830097 0.029515
v 0.046117 1.608543 0.059029
v 0.060874 1.630680 0.044273
v 0.057185 1.634369 0.055340
v -0.053496 1.246990 0.110680
v -0.009223 1.291263 0.129126
v -0.031359 1.667572 0.084855
v -0.049806 1.671263 0.081166
v 0.263787 0.800583 -0.051651
v -0.296990 0.807961 -0.018447
v -0.315438 0.826408 0.003689
v -0.315438 0.830097 -0.018447
v -0.119903 1.383496 -0.143884
v -0.068252 1.387185 -0.154951
v -0.271165 1.202719 -0.092233
v -0.263787 1.224856 -0.088544
v -0.241650 1.221165 -0.095922
v -0.249028 1.199030 -0.099611
v 0.282234 0.855923 -0.040582
v 0.282234 0.874370 -0.044273
v 0.289612 0.878059 -0.059029
v 0.212136 0.066407 0.110680
v 0.245339 0.066407 0.103302
v 0.241650 0.081166 0.073785
v 0.201068 0.081166 0.059029
v -0.322816 1.062525 -0.029515
v -0.319127 1.099417 -0.036893
v 0.311749 0.852234 0.007378
v 0.308058 0.848544 0.029515
v -0.219514 1.287574 0.011067
v -0.249028 1.294952 0.014756
v -0.249028 1.291263 0.003689
v 0.119903 1.165827 -0.081166
v 0.138350 1.165827 -0.025825
v 0.212136 0.202913 -0.018447
v 0.234272 0.202913 -0.033204
v 0.234272 0.261942 -0.029515
v 0.208447 0.261942 -0.011067
v 0.271165 0.453786 -0.025825
v 0.263787 0.446408 -0.084855
v -0.271165 0.881748 0.059029
v -0.274854 0.896504 0.059029
v -0.167865 0.202913 -0.059029
v -0.156796 0.261942 -0.059029
v -0.175243 0.202913 -0.036893
v 0.256408 0.571844 -0.077476
v 0.278545 0.579224 -0.022136
v -0.245339 1.328156 0.018447
v -0.267476 1.331845 -0.003689
v -0.249028 0.405826 -0.121747
v -0.252717 0.424271 -0.125436
v -0.212136 0.424271 -0.151262
v -0.208447 0.405826 -0.147573
v -0.123592 1.272816 -0.099611
v -0.142039 1.324467 -0.110680
v 0.023981 1.833593 -0.003689
v 0.016603 1.840971 0.014756
v 0.031359 1.840971 0.014756
v 0.038737 1.833593 -0.003689
v 0.149417 0.988739 -0.084855
v 0.134661 1.047768 -0.081166
v 0.160487 1.051457 -0.025825
v 0.178932 0.992428 -0.025825
v 0.053496 1.763496 0.081166
v 0.038737 1.778253 0.066407
v 0.031359 1.774564 0.081166
v 0.038737 1.759807 0.099611
v -0.057185 0.885437 -0.118058
v -0.245339 0.158640 -0.033204
v -0.237961 0.202913 -0.033204
v -0.249028 0.158640 -0.059029
v 0.252719 1.431456 -0.088544
v 0.263787 1.431456 -0.051651
v -0.178932 0.261942 -0.099611
v -0.201068 0.261942 -0.103302
v -0.197379 0.328349 -0.110680
v -0.167865 0.328349 -0.106991
v -0.023981 1.460972 -0.162331
v -0.009223 1.457281 -0.147573
v -0.071941 1.468350 -0.143884
v -0.071941 1.472040 -0.151262
v 0.319127 0.874370 0.007378
v 0.311749 0.870681 0.033204
v -0.289612 0.863301 0.033204
v -0.278543 0.878059 0.033204
v -0.289612 0.878059 0.051651
v -0.296990 0.863301 0.047962
v 0.064563 0.531262 0.036893
v 0.064563 0.531262 -0.022136
v 0.237961 1.475729 -0.018447
v 0.245339 1.486796 -0.051651
v 0.241650 1.483107 -0.014756
v 0.153106 1.523691 -0.018447
v 0.149417 1.527380 -0.018447
v 0.071941 1.770874 0.044273
v 0.046117 1.785631 0.044273
v 0.263787 0.940777 -0.040582
v 0.267476 0.966603 -0.044273
v 0.278545 0.970292 -0.051651
v 0.237961 0.848544 0.025825
v 0.234272 0.841164 0.036893
v 0.234272 0.855923 0.040582
v 0.237961 0.859612 0.029515
v 0.035048 1.125243 0.121747
v 0.049806 1.136310 0.132815
v 0.035048 1.147379 0.121747
v 0.020292 1.733982 -0.136506
v -0.212136 0.025825 -0.140195
v -0.208447 0.070096 -0.140195
v -0.308058 0.018447 0.143884
v -0.319127 0.033204 0.110680
v -0.322816 0.018447 0.110680
v 0.285923 1.313398 -0.051651
v -0.060874 1.586409 -0.047962
v -0.049806 1.597476 -0.073785
v 0.263787 0.870681 0.025825
v 0.267476 0.878059 0.025825
v 0.271165 0.878059 0.040582
v 0.267476 0.866990 0.040582
v -0.105146 1.678642 0.018447
v -0.101456 1.656505 0.018447
v 0.293301 1.021943 -0.059029
v 0.274854 1.018252 -0.062718
v -0.140096 1.078824 0.037697
v -0.147474 1.086202 0.041387
v -0.157952 1.087086 -0.018230
v -0.149417 1.080972 -0.018447
v 0.027670 1.715534 0.121747
v 0.005534 1.715534 0.129126
v 0.086699 1.778253 0.014756
v 0.046117 1.807767 0.036893
v -0.060874 0.977670 -0.143884
v -0.094077 0.977670 -0.140195
v -0.090388 1.040388 -0.121747
v -0.057185 1.040388 -0.125436
v 0.112525 1.671263 -0.000000
v 0.108836 1.693398 0.011067
v 0.094077 1.678642 0.018447
v 0.101457 1.667572 0.011067
v -0.274854 0.427960 -0.092233
v -0.249028 0.442719 -0.121747
v -0.138350 1.184272 -0.066407
v -0.145728 1.210098 -0.070096
v 0.112525 0.472233 -0.114369
v 0.097766 0.494370 -0.118058
v 0.149417 0.494370 -0.140195
v 0.160487 0.475922 -0.136506
v -0.271165 1.018252 -0.055340
v -0.260098 1.047768 -0.066407
v -0.123592 1.593787 -0.029515
v -0.127281 1.590098 -0.003689
v 0.094077 1.656505 -0.003689
v 0.090388 1.656505 0.018447
v 0.079321 1.626991 0.018447
v -0.326505 0.903885 -0.044273
v -0.322816 0.929710 -0.040582
v -0.311747 0.929710 -0.055340
v -0.315438 0.903885 -0.059029
v -0.134659 1.125243 0.033204
v -0.142039 1.125243 -0.018447
v -0.234272 1.143690 -0.092233
v -0.230583 1.169516 -0.095922
v -0.215825 1.169516 -0.077476
v -0.219514 1.143690 -0.073785
v 0.057185 1.553205 0.025825
v -0.068252 0.531262 -0.022136
v -0.046117 0.634564 -0.018447
v -0.119903 0.380000 -0.051651
v -0.130970 0.380000 -0.088544
v -0.105146 0.398448 -0.099611
v -0.101456 0.394757 -0.047962
v 0.086699 0.830097 0.162331
v 0.101457 0.830097 0.158640
v 0.097766 0.962914 0.132815
v 0.083010 0.962914 0.132815
v -0.023981 1.564272 0.051651
v -0.009223 1.571651 0.029515
v 0.234272 0.870681 0.044273
v 0.237961 0.866990 0.059029
v 0.241650 0.881748 0.059029
v 0.171554 0.202913 -0.036893
v 0.186310 0.202913 -0.022136
v 0.282234 0.852234 -0.014756
v 0.278545 0.870681 -0.018447
v -0.285923 0.819030 -0.051651
v -0.293301 0.837475 -0.036893
v -0.282234 0.819030 -0.036893
v -0.079321 1.726602 0.088544
v -0.068252 1.748738 0.088544
v -0.094077 1.752427 0.059029
v -0.105146 1.730293 0.055340
v -0.271165 0.793204 -0.040582
v -0.278543 0.796893 -0.040582
v -0.278543 0.800583 -0.051651
v -0.271165 0.796893 -0.051651
v 0.123592 0.376311 -0.011067
v -0.256408 0.922330 0.033204
v 0.108836 1.165827 -0.073785
v 0.127281 1.165827 -0.025825
v 0.068252 1.545825 -0.051651
v 0.049806 1.553205 -0.084855
v 0.020292 1.420389 0.125436
v 0.046117 1.438836 0.106991
v 0.038737 1.449903 0.103302
v -0.009223 1.442525 0.118058
v -0.271165 0.807961 -0.051651
v -0.267476 0.800583 -0.047962
v -0.046117 1.745049 0.110680
v -0.057185 1.722913 0.110680
v -0.274854 0.844855 0.036893
v -0.271165 0.841164 0.044273
v -0.274854 0.852234 0.047962
v -0.278543 0.855923 0.036893
v -0.160485 0.383689 -0.110680
v -0.127281 0.398448 -0.121747
v 0.319127 0.903885 -0.018447
v 0.319127 0.900194 0.011067
v 0.285923 1.110487 -0.084855
v 0.308058 1.117865 -0.066407
v -0.311747 0.822719 0.025825
v -0.304368 1.158447 -0.073785
v -0.296990 1.184272 -0.077476
v -0.278543 1.180583 -0.095922
v -0.285923 1.154757 -0.092233
v -0.271165 0.948155 -0.022136
v -0.271165 0.970292 -0.029515
v -0.267476 0.970292 -0.011067
v -0.263787 0.837475 0.047962
v -0.252717 0.837475 0.047962
v -0.252717 0.852234 0.055340
v -0.263787 0.852234 0.055340
v -0.130970 1.446214 -0.147573
v -0.127281 1.468350 -0.132815
v -0.071941 1.446214 -0.158640
v 0.182621 1.250679 0.018447
v 0.175243 1.246990 -0.003689
v -0.171554 0.391068 0.062718
v -0.123592 0.391068 0.033204
v -0.308058 1.162136 -0.047962
v -0.300679 1.162136 -0.025825
v -0.293301 1.187961 -0.029515
v -0.300679 1.187961 -0.051651
v 0.300679 0.866990 0.047962
v 0.300679 0.844855 0.040582
v -0.027670 1.715534 0.095922
v -0.046117 1.674953 0.099611
v -0.267476 0.409515 -0.088544
v -0.237961 1.246990 -0.095922
v -0.215825 1.243301 -0.092233
v -0.079321 1.593787 -0.036893
v -0.071941 1.593787 -0.044273
v -0.068252 1.612234 -0.036893
v -0.079321 1.615923 -0.029515
v -0.127281 1.457281 0.066407
v -0.094077 1.442525 0.092233
v -0.083010 1.497865 0.095922
v -0.116214 1.505243 0.066407
v 0.237961 0.852234 0.055340
v 0.049806 1.615923 -0.047962
v 0.049806 1.615923 -0.022136
v 0.049806 1.571651 -0.018447
v -0.060874 1.538447 -0.018447
v -0.326505 0.852234 -0.018447
v -0.330194 0.878059 -0.018447
v 0.038737 1.184272 -0.118058
v -0.009223 1.184272 -0.118058
v 0.027670 1.453592 -0.166020
v 0.016603 1.460972 -0.143884
v 0.020292 1.472040 -0.154951
v -0.212136 1.453592 0.025825
v -0.186310 1.468350 0.025825
v -0.197379 1.483107 -0.000000
v -0.226894 1.464661 0.003689
v -0.330194 0.903885 -0.018447
v -0.330194 0.900194 0.011067
v -0.330194 0.929710 -0.018447
v -0.009223 1.232234 0.114369
v -0.035048 1.763496 0.099611
v -0.057185 1.767185 0.081166
v 0.267476 0.815341 -0.014756
v 0.271165 0.811652 0.007378
v 0.278545 0.833786 -0.014756
v 0.256408 0.129126 -0.029515
v 0.256408 0.129126 -0.059029
v 0.241650 0.158640 -0.033204
v 0.237961 0.328349 -0.081166
v 0.219516 0.328349 -0.099611
v 0.223205 0.387379 -0.106991
v 0.245339 0.387379 -0.081166
v 0.057185 1.372427 -0.169709
v 0.053496 1.353981 -0.166020
v -0.189999 0.140195 -0.003689
v -0.193688 0.125436 -0.003689
v 0.071941 1.361359 -0.151262
v 0.071941 1.361359 -0.162331
v 0.079321 1.372427 -0.162331
v -0.249028 1.051457 -0.007378
v -0.234272 1.084661 -0.014756
v -0.249028 1.088350 0.003689
v -0.260098 1.055146 0.007378
v 0.252719 0.866990 0.059029
v 0.256408 0.881748 0.059029
v -0.020292 1.612234 -0.121747
v 0.009223 1.612234 -0.121747
v 0.016603 1.601165 -0.140195
v -0.001845 1.604854 0.081166
v -0.001845 1.612234 0.099611
v -0.009223 1.615923 0.095922
v -0.012912 1.608543 0.081166
v 0.171554 1.497865 0.029515
v 0.189999 1.512621 -0.018447
v -0.260098 1.221165 -0.018447
v -0.256408 1.246990 -0.011067
v -0.271165 1.250679 -0.025825
v -0.274854 1.224856 -0.033204
v -0.208447 1.191650 -0.055340
v -0.208447 1.169516 -0.051651
v -0.308058 1.128932 -0.066407
v -0.315438 1.132621 -0.040582
v 0.193690 0.003689 0.106991
v -0.252717 1.176894 -0.103302
v 0.068252 1.531069 -0.018447
v 0.053496 1.512621 0.011067
v 0.071941 1.564272 -0.011067
v 0.260098 0.852234 0.047962
v 0.263787 0.866990 0.051651
v 0.252719 0.852234 0.055340
v 0.086699 1.752427 0.047962
v 0.105147 1.748738 0.003689
v 0.278545 0.837475 -0.036893
v 0.075632 0.782135 0.095922
v 0.119903 0.796893 0.110680
v 0.097766 0.874370 0.106991
v -0.241650 1.217476 -0.014756
v -0.234272 1.243301 -0.007378
v -0.167865 1.320778 -0.092233
v -0.189999 1.324467 -0.110680
v 0.237961 1.427767 0.022136
v 0.208447 1.420389 0.051651
v 0.256408 0.848544 0.025825
v 0.249028 0.848544 0.022136
v 0.249028 0.859612 0.022136
v 0.260098 0.859612 0.025825
v 0.031359 1.697089 0.092233
v 0.023981 1.715534 0.095922
v 0.035048 1.147379 0.103302
v -0.208447 0.129126 -0.110680
v -0.186310 0.140195 -0.106991
v -0.009223 0.841164 -0.059029
v -0.027670 0.859612 -0.092233
v -0.001845 0.896504 -0.084855
v 0.060874 1.649127 0.040582
v 0.064563 1.630680 0.044273
v -0.260098 0.405826 0.018447
v -0.263787 0.424271 0.025825
v -0.274854 0.427960 -0.033204
v -0.271165 0.409515 -0.036893
v 0.020292 1.674953 -0.132815
v 0.016603 1.671263 -0.121747
v 0.020292 1.708156 -0.140195
v 0.071941 1.080972 0.103302
v 0.068252 1.088350 0.121747
v 0.252719 0.992428 -0.014756
v 0.256408 0.992428 -0.033204
v -0.020292 0.586602 0.121747
v -0.075630 0.630873 0.114369
v -0.020292 0.656699 0.114369
v 0.038737 0.630873 0.118058
v 0.285923 1.324467 -0.051651
v 0.101457 0.959223 0.110680
v 0.090388 0.959223 0.099611
v 0.105147 0.959223 0.121747
v -0.263787 0.830097 0.040582
v -0.252717 0.830097 0.040582
v -0.260098 1.438836 -0.029515
v -0.249028 1.431456 0.003689
v -0.234272 1.472040 -0.029515
v -0.035048 1.674953 -0.132815
v -0.035048 1.708156 -0.140195
v -0.027670 1.708156 -0.132815
v -0.031359 1.671263 -0.121747
v 0.197379 1.147379 -0.084855
v 0.186310 1.191650 -0.088544
v 0.201068 1.191650 -0.106991
v 0.212136 1.147379 -0.099611
v -0.193688 1.283885 0.003689
v -0.223205 1.117865 -0.018447
v -0.215825 1.147379 -0.025825
v -0.230583 1.151068 -0.011067
v -0.237961 1.121554 -0.003689
v 0.252719 0.870681 0.022136
v 0.252719 0.881748 0.022136
v 0.068252 1.143690 0.099611
v 0.090388 1.143690 0.073785
v 0.086699 1.165827 0.070096
v 0.038737 1.165827 0.095922
v 0.156796 1.409321 0.099611
v 0.071941 1.597476 -0.051651
v 0.075632 1.626991 -0.055340
v 0.079321 1.623302 -0.036893
v 0.075632 1.593787 -0.040582
v -0.204757 0.380000 0.018447
v -0.156796 0.376311 0.014756
v -0.204757 0.394757 0.070096
v 0.023981 1.626991 0.073785
v 0.035048 1.612234 0.066407
v 0.042428 1.630680 0.066407
v 0.027670 1.638060 0.073785
v -0.271165 0.793204 -0.022136
v -0.278543 0.796893 -0.022136
v -0.090388 0.973981 -0.121747
v -0.090388 1.036699 -0.110680
v -0.208447 1.272816 -0.095922
v -0.230583 1.276505 -0.099611
v -0.226894 1.291263 -0.103302
v -0.201068 1.287574 -0.099611
v 0.009223 1.818836 -0.025825
v 0.005534 1.840971 -0.014756
v 0.031359 1.815147 -0.018447
v 0.112525 0.830097 0.147573
v 0.038737 0.874370 0.106991
v 0.038737 0.959223 0.103302
v 0.064563 1.593787 -0.055340
v 0.060874 1.593787 -0.044273
v 0.057185 1.612234 -0.036893
v 0.057185 1.615923 -0.066407
v -0.201068 1.490485 -0.029515
v -0.134659 0.328349 -0.055340
v -0.127281 0.376311 -0.011067
v 0.046117 1.232234 0.106991
v 0.049806 1.272816 0.110680
v -0.009223 1.272816 0.118058
v 0.241650 0.922330 0.033204
v 0.237961 0.914952 0.011067
v 0.330194 1.128932 -0.044273
v 0.315438 1.125243 -0.081166
v 0.311749 1.029321 -0.025825
v 0.315438 1.062525 -0.029515
v 0.308058 1.062525 -0.007378
v 0.308058 1.029321 -0.003689
v -0.075630 1.767185 -0.073785
v -0.068252 1.781942 -0.055340
v -0.046117 1.785631 -0.062718
v -0.049806 1.774564 -0.088544
v 0.038737 1.383496 -0.173398
v 0.031359 1.387185 -0.162331
v 0.053496 1.398252 -0.158640
v 0.053496 1.390874 -0.169709
v 0.005534 1.623302 0.118058
v 0.005534 1.619612 0.110680
v 0.016603 1.626991 0.088544
v 0.005534 1.634369 0.114369
v 0.119903 1.077281 -0.073785
v 0.138350 1.080972 -0.022136
v -0.068252 0.645632 0.136506
v -0.053496 0.678835 0.136506
v -0.071941 0.874370 0.129126
v -0.075630 0.630873 0.140195
v -0.263787 0.922330 0.051651
v 0.237961 0.841164 0.025825
v -0.064563 1.815147 -0.025825
v -0.079321 1.815147 -0.000000
v -0.009223 1.623302 0.118058
v -0.009223 1.619612 0.110680
v -0.263787 0.475922 -0.125436
v -0.241650 0.468544 -0.147573
v -0.215825 0.439030 -0.147573
v -0.035048 1.641749 -0.121747
v -0.031359 1.638060 -0.110680
v 0.282234 0.811652 -0.040582
v 0.282234 0.807961 -0.018447
v 0.138350 1.272816 0.033204
v 0.145728 1.335534 0.033204
v 0.108836 1.335534 0.084855
v 0.101457 1.272816 0.081166
v 0.123592 1.147379 0.029515
v 0.119903 1.165827 0.029515
v -0.156796 1.475729 0.036893
v -0.142039 1.512621 0.033204
v -0.009223 1.490485 0.044273
v 0.027670 1.497865 0.033204
v 0.090388 1.080972 0.095922
v 0.101457 1.084661 0.099611
v 0.245339 1.018252 -0.022136
v 0.249028 1.018252 -0.040582
v 0.123592 1.213787 -0.081166
v 0.138350 1.217476 -0.025825
v -0.156796 0.800583 -0.114369
v 0.189999 0.125436 -0.003689
v 0.219516 0.132815 0.000000
v 0.219516 0.147573 0.000000
v 0.186310 0.140195 -0.003689
v 0.234272 0.003689 0.022136
v 0.223205 0.029515 -0.036893
v 0.267476 0.029515 -0.044273
v 0.285923 0.003689 0.007378
v 0.112525 0.645632 0.099611
v -0.237961 0.675146 0.040582
v -0.201068 0.667768 0.099611
v -0.204757 0.819030 0.040582
v -0.009223 1.342914 -0.147573
v -0.046117 1.302330 -0.143884
v -0.079321 1.165827 -0.088544
v -0.046117 1.165827 -0.099611
v -0.049806 1.165827 -0.110680
v -0.083010 1.165827 -0.099611
v 0.094077 0.977670 -0.129126
v 0.090388 0.977670 -0.114369
v 0.079321 1.036699 -0.106991
v 0.083010 1.040388 -0.118058
v 0.101457 0.394757 0.003689
v 0.090388 0.409515 0.014756
v 0.237961 0.870681 0.029515
v 0.079321 0.874370 -0.129126
v 0.116214 0.789515 -0.132815
v -0.249028 0.870681 0.044273
v -0.064563 0.959223 0.099611
v 0.274854 1.025632 0.018447
v 0.293301 1.029321 0.011067
v 0.252719 0.800583 -0.047962
v 0.252719 0.800583 -0.040582
v -0.123592 1.195339 0.070096
v -0.134659 1.224856 0.070096
v -0.282234 1.206408 -0.033204
v 0.226894 1.494176 -0.014756
v 0.204757 1.475729 0.033204
v 0.083010 0.472233 -0.088544
v 0.064563 0.494370 -0.088544
v 0.134661 1.077281 0.033204
v 0.142039 1.084661 0.036893
v -0.237961 0.095922 0.040582
v -0.274854 0.084855 0.022136
v -0.049806 1.125243 -0.103302
v -0.079321 1.125243 -0.092233
v 0.149417 1.346603 -0.147573
v 0.193690 1.335534 -0.129126
v 0.186310 1.394563 -0.125436
v 0.145728 1.401943 -0.143884
v -0.249028 0.025825 -0.121747
v -0.241650 0.070096 -0.121747
v 0.189999 0.162331 -0.018447
v 0.215825 0.162331 -0.014756
v -0.282234 0.866990 0.040582
v -0.308058 0.822719 0.036893
v -0.311747 0.844855 0.040582
v 0.189999 0.383689 -0.118058
v 0.064563 0.531262 -0.077476
v 0.189999 1.110487 -0.062718
v 0.193690 1.151068 -0.062718
v 0.046117 0.977670 -0.143884
v -0.001845 1.634369 0.118058
v -0.001845 1.649127 0.110680
v -0.130970 0.914952 -0.132815
v -0.108836 0.977670 -0.129126
v -0.105146 0.977670 -0.114369
v -0.127281 0.911263 -0.118058
v -0.278543 0.778446 0.018447
v -0.274854 0.785826 0.029515
v -0.278543 0.778446 0.029515
v -0.311747 0.866990 0.047962
v -0.278543 0.881748 0.007378
v -0.289612 0.866990 0.007378
v 0.068252 1.486796 -0.143884
v 0.083010 1.453592 -0.166020
v -0.023981 1.405632 0.140195
v -0.023981 1.409321 0.118058
v 0.020292 1.409321 0.121747
v 0.031359 1.641749 -0.114369
v 0.020292 1.641749 -0.121747
v 0.042428 1.674953 -0.121747
v -0.249028 0.000000 -0.121747
v -0.212136 0.000000 -0.132815
v 0.219516 0.557088 -0.114369
v -0.049806 1.556894 0.007378
v -0.060874 1.571651 -0.018447
v 0.171554 1.431456 0.051651
v -0.267476 0.000000 -0.088544
v -0.212136 0.000000 -0.095922
v -0.267476 0.000000 -0.044273
v -0.260098 1.021943 -0.003689
v -0.267476 0.996117 0.003689
v 0.042428 1.645438 0.066407
v 0.027670 1.649127 0.070096
v 0.249028 0.926019 -0.018447
v 0.249028 0.937088 -0.014756
v -0.223205 1.328156 -0.114369
v -0.252717 1.331845 -0.099611
v -0.245339 1.339223 -0.092233
v -0.219514 1.335534 -0.106991
v 0.175243 1.453592 0.070096
v 0.142039 1.472040 0.066407
v -0.263787 1.128932 0.003689
v -0.256408 1.158447 -0.003689
v -0.282234 1.162136 -0.007378
v -0.289612 1.132621 -0.000000
v 0.186310 1.339223 0.029515
v 0.182621 1.361359 0.029515
v 0.149417 1.365049 0.014756
v 0.160487 1.335534 0.018447
v 0.271165 0.018447 0.177087
v 0.315438 1.099417 -0.036893
v 0.315438 1.121554 -0.040582
v 0.127281 0.446408 -0.121747
v 0.171554 0.450097 -0.147573
v 0.153106 1.291263 -0.029515
v 0.153106 1.324467 -0.011067
v 0.005534 1.567961 0.073785
v 0.005534 1.556894 0.066407
v 0.057185 1.656505 0.059029
v 0.057185 1.652816 0.055340
v 0.060874 1.667572 0.047962
v 0.057185 1.667572 0.055340
v 0.226894 1.080972 -0.059029
v 0.219516 1.103106 -0.066407
v 0.160487 0.000000 -0.084855
v 0.175243 0.000000 -0.033204
v 0.189999 0.003689 0.044273
v 0.178932 0.029515 -0.029515
v -0.156796 1.376118 -0.125436
v -0.127281 1.420389 -0.151262
v -0.035048 1.582720 -0.095922
v -0.175243 0.136506 -0.088544
v 0.171554 1.294952 0.014756
v 0.160487 1.294952 -0.007378
v -0.219514 0.822719 -0.022136
v -0.182621 0.918641 0.040582
v -0.193688 0.926019 -0.022136
v 0.189999 1.239612 -0.106991
v 0.219516 1.243301 -0.114369
v -0.296990 0.926019 -0.059029
v 0.142039 1.291263 -0.092233
v 0.097766 1.291263 -0.121747
v 0.105147 1.335534 -0.132815
v 0.153106 1.335534 -0.099611
v -0.020292 1.660194 0.073785
v -0.016601 1.660194 0.084855
v -0.031359 1.667572 0.073785
v 0.134661 1.147379 0.033204
v 0.130970 1.125243 0.033204
v -0.156796 1.376118 0.051651
v -0.167865 1.365049 0.014756
v -0.167865 1.313398 0.014756
v -0.068252 1.700778 0.103302
v -0.086699 1.704467 0.081166
v -0.293301 0.815341 -0.051651
v 0.112525 1.383496 0.129126
v 0.101457 1.387185 0.140195
v 0.090388 1.376118 0.143884
v -0.142039 1.579031 -0.000000
v -0.142039 1.582720 -0.029515
v 0.230583 0.398448 0.055340
v 0.230583 0.420582 0.070096
v -0.208447 0.099611 -0.125436
v -0.282234 0.918641 -0.047962
v -0.278543 0.940777 -0.040582
v -0.263787 0.926019 -0.018447
v -0.271165 0.907574 -0.025825
v 0.282234 0.070096 0.062718
v 0.271165 0.084855 0.022136
v 0.234272 0.095922 0.040582
v -0.267476 0.579224 0.044273
v -0.252717 0.678835 -0.022136
v -0.282234 0.579224 -0.022136
v -0.322816 0.855923 -0.040582
v -0.326505 0.878059 -0.044273
v -0.315438 0.878059 -0.055340
v 0.193690 1.117865 0.018447
v 0.208447 1.121554 0.047962
v -0.023981 1.413010 0.143884
v -0.046117 1.446214 0.114369
v -0.060874 1.424078 0.125436
v -0.304368 0.996117 -0.051651
v -0.308058 0.973981 -0.051651
v 0.023981 1.556894 -0.099611
v 0.274854 0.866990 0.007378
v -0.260098 0.571844 -0.077476
v -0.230583 0.671457 -0.077476
v 0.079321 1.656505 0.059029
v 0.090388 1.656505 0.040582
v 0.094077 1.686020 0.044273
v 0.079321 1.682331 0.070096
v 0.009223 1.789322 -0.066407
v 0.083010 0.605048 -0.166020
v -0.278543 0.866990 0.051651
v -0.282234 0.878059 0.051651
v -0.285923 0.878059 0.040582
v -0.197379 1.490485 -0.062718
v -0.278543 1.058836 0.014756
v -0.271165 1.095728 0.011067
v -0.064563 0.977670 0.121747
v -0.105146 0.874370 0.121747
v 0.064563 1.420389 0.136506
v 0.086699 1.420389 0.129126
v -0.282234 0.918641 0.055340
v 0.237961 1.051457 -0.007378
v 0.234272 1.047768 -0.029515
v -0.167865 0.420582 -0.158640
v -0.175243 0.450097 -0.147573
v -0.130970 0.446408 -0.121747
v -0.123592 0.416893 -0.129126
v 0.267476 0.918641 0.055340
v 0.256408 0.940777 0.040582
v 0.249028 0.922330 0.051651
v -0.296990 0.811652 -0.040582
v -0.311747 0.830097 -0.040582
v -0.083010 1.593787 0.014756
v -0.075630 1.593787 0.018447
v -0.075630 1.623302 0.025825
v -0.090388 1.626991 0.018447
v -0.112525 0.977670 0.088544
v 0.256408 0.841164 0.044273
v 0.249028 0.837475 0.047962
v 0.278545 1.328156 -0.014756
v 0.256408 1.431456 -0.014756
v 0.105147 1.667572 -0.014756
v 0.094077 1.689709 -0.014756
v 0.271165 0.782135 0.018447
v 0.263787 0.778446 0.018447
v -0.241650 1.387185 -0.092233
v -0.208447 1.420389 -0.110680
v -0.215825 1.379807 -0.106991
v 0.252719 1.047768 -0.066407
v 0.241650 1.080972 -0.077476
v -0.164176 1.413010 0.051651
v -0.223205 0.000000 -0.040582
v -0.226894 0.029515 -0.036893
v -0.271165 0.029515 -0.044273
v -0.098356 1.087468 0.089133
v -0.060874 1.088350 0.110680
v -0.094077 1.125243 0.077476
v 0.252719 1.250679 -0.103302
v 0.208447 1.291263 -0.114369
v 0.241650 1.298641 -0.106991
v -0.060874 1.184272 -0.110680
v -0.009223 1.165827 -0.103302
v 0.197379 1.449903 0.036893
v 0.175243 1.405632 0.070096
v 0.156796 1.523691 -0.059029
v 0.153106 1.527380 -0.059029
v 0.064563 1.383496 0.151262
v 0.060874 1.401943 0.147573
v 0.049806 1.405632 0.143884
v 0.027670 1.368738 0.143884
v 0.016603 1.376118 0.132815
v 0.156796 0.025825 -0.088544
v -0.226894 1.272816 -0.000000
v -0.249028 1.276505 -0.003689
v -0.322816 0.003689 0.081166
v -0.326505 0.018447 0.081166
v -0.322816 0.018447 0.051651
v -0.319127 0.003689 0.051651
v 0.237961 0.837475 0.047962
v 0.315438 0.878059 -0.044273
v 0.319127 0.878059 -0.018447
v 0.315438 0.977670 -0.018447
v -0.031359 1.652816 0.070096
v -0.020292 1.652816 0.077476
v -0.023981 1.656505 0.070096
v -0.031359 1.656505 0.066407
v -0.009223 1.556894 0.066407
v -0.009223 1.567961 0.073785
v -0.249028 1.080972 -0.077476
v 0.020292 0.763690 -0.066407
v -0.101456 0.494370 -0.118058
v -0.153106 0.494370 -0.140195
v -0.138350 0.538640 -0.129126
v -0.094077 0.534951 -0.106991
v -0.160485 0.261942 -0.084855
v -0.145728 0.328349 -0.088544
v -0.193688 0.018447 0.106991
v -0.189999 0.022136 0.047962
v 0.293301 0.889126 0.051651
v 0.274854 0.878059 0.051651
v 0.237961 1.047768 -0.051651
v -0.086699 1.770874 0.055340
v -0.060874 1.615923 -0.022136
v 0.186310 0.125436 -0.103302
v 0.175243 0.125436 -0.084855
v 0.171554 0.136506 -0.088544
v 0.182621 0.140195 -0.106991
v -0.212136 0.479611 -0.151262
v -0.282234 0.815341 -0.014756
v -0.212136 1.173205 -0.033204
v -0.226894 1.176894 -0.018447
v 0.142039 1.424078 0.103302
v -0.127281 1.538447 0.025825
v -0.105146 1.534758 0.059029
v -0.105146 1.567961 0.062718
v -0.127281 1.575340 0.029515
v 0.149417 0.498059 0.114369
v 0.204757 0.512815 0.125436
v 0.189999 0.553399 0.118058
v 0.138350 0.538640 0.103302
v 0.193690 1.516310 -0.055340
v 0.046117 0.634564 -0.070096
v -0.031359 1.545825 0.025825
v 0.204757 0.070096 -0.140195
v -0.178932 0.158640 -0.081166
v -0.171554 0.202913 -0.081166
v -0.175243 0.158640 -0.059029
v -0.234272 0.420582 0.070096
v -0.234272 0.450097 0.077476
v -0.263787 0.453786 0.033204
v -0.285923 0.885437 0.051651
v 0.193690 0.328349 -0.110680
v 0.083010 1.394563 0.147573
v 0.071941 1.413010 0.143884
v -0.105146 1.199030 -0.099611
v -0.119903 1.232234 -0.106991
v -0.271165 0.848544 0.025825
v -0.223205 0.202913 -0.095922
v -0.223205 0.261942 -0.095922
v 0.005534 1.649127 0.106991
v -0.226894 1.294952 -0.110680
v -0.193688 1.291263 -0.106991
v 0.101457 0.439030 -0.036893
v 0.105147 0.442719 -0.095922
v 0.164176 0.402137 -0.151262
v 0.164176 0.420582 -0.158640
v 0.267476 0.878059 0.033204
v 0.263787 0.881748 0.007378
v -0.009223 1.246990 -0.125436
v -0.083010 1.265438 -0.129126
v 0.071941 1.593787 0.014756
v 0.064563 1.623302 0.025825
v 0.064563 1.593787 0.018447
v -0.086699 1.630680 0.044273
v 0.322816 1.121554 -0.003689
v 0.322816 1.117865 -0.044273
v 0.326505 1.132621 -0.000000
v -0.075630 1.630680 -0.081166
v -0.086699 1.630680 -0.070096
v -0.090388 1.667572 -0.073785
v -0.083010 1.663883 -0.092233
v 0.197379 0.937088 -0.025825
v 0.145728 1.527380 -0.018447
v 0.145728 1.531069 -0.059029
v 0.127281 1.553205 -0.051651
v 0.127281 1.553205 -0.014756
v 0.178932 0.546019 -0.129126
v 0.149417 0.653010 -0.129126
v 0.057185 1.615923 0.003689
v 0.060874 1.593787 0.003689
v -0.164176 1.527380 -0.066407
v -0.167865 1.527380 -0.033204
v -0.142039 1.542136 -0.036893
v -0.001845 1.615923 0.114369
v -0.001845 1.623302 0.121747
v 0.308058 0.999806 -0.040582
v 0.308058 1.025632 -0.044273
v 0.311749 0.999806 -0.022136
v -0.001845 0.948155 -0.106991
v -0.241650 1.114176 -0.084855
v -0.223205 1.110487 -0.066407
v -0.053496 1.604854 0.047962
v -0.304368 0.889126 0.051651
v -0.112525 1.243301 -0.095922
v -0.083010 1.272816 -0.118058
v 0.249028 0.896504 0.000000
v 0.256408 0.907574 -0.025825
v 0.075632 1.704467 0.081166
v 0.046117 1.195339 0.103302
v 0.064563 1.748738 0.088544
v 0.046117 1.745049 0.110680
v -0.223205 0.055340 0.143884
v -0.046117 1.390874 0.118058
v -0.046117 1.427767 0.095922
v -0.053496 0.616117 0.140195
v -0.038737 0.630873 0.143884
v -0.130970 1.202719 0.022136
v -0.142039 1.213787 0.022136
v -0.127281 1.232234 0.062718
v -0.119903 1.228545 0.062718
v 0.226894 1.427767 -0.118058
v 0.212136 1.468350 -0.114369
v -0.090388 1.309708 0.110680
v -0.094077 1.346603 0.106991
v -0.086699 1.077281 -0.099611
v -0.130970 1.080972 -0.070096
v -0.138350 1.084661 -0.077476
v -0.090388 1.080972 -0.106991
v 0.031359 1.737671 0.118058
v 0.009223 1.737671 0.121747
v 0.042428 1.246990 -0.121747
v 0.086699 1.246990 -0.110680
v 0.042428 1.413010 -0.169709
v -0.031359 1.601165 -0.084855
v -0.267476 1.280194 -0.018447
v 0.171554 0.114369 -0.051651
v 0.175243 0.114369 -0.022136
v 0.167865 0.129126 -0.025825
v 0.164176 0.129126 -0.055340
v 0.237961 0.383689 -0.007378
v 0.201068 0.394757 0.070096
v -0.038737 0.664077 0.140195
v -0.020292 0.675146 0.140195
v -0.020292 0.693593 0.136506
v 0.038737 1.080972 -0.118058
v 0.075632 1.080972 -0.110680
v -0.267476 1.342914 -0.036893
v -0.263787 1.390874 -0.033204
v 0.311749 1.173205 -0.007378
v 0.278545 1.217476 0.014756
v 0.293301 1.173205 0.025825
v 0.308058 0.999806 -0.000000
v 0.296990 0.999806 0.018447
v -0.193688 0.929710 0.044273
v -0.149417 0.907574 0.106991
v -0.123592 0.977670 0.099611
v -0.175243 0.988739 0.044273
v -0.053496 1.756118 -0.110680
v -0.023981 1.778253 -0.095922
v -0.027670 1.759807 -0.121747
v -0.271165 0.940777 0.040582
v -0.289612 0.937088 0.047962
v 0.116214 0.380000 -0.051651
v 0.197379 1.298641 0.029515
v 0.049806 1.342914 0.136506
v 0.049806 1.335534 0.121747
v 0.112525 1.383496 0.081166
v 0.289612 0.022136 0.007378
v 0.293301 0.051651 0.007378
v 0.315438 0.040582 0.051651
v 0.319127 0.018447 0.051651
v 0.249028 0.387379 -0.044273
v 0.097766 1.730293 0.044273
v 0.123592 1.722913 -0.011067
v 0.053496 1.579031 -0.081166
v 0.075632 1.604854 -0.088544
v 0.042428 1.608543 -0.110680
v 0.023981 1.582720 -0.095922
v -0.285923 0.811652 0.007378
v -0.204757 0.413204 0.084855
v 0.230583 0.099611 -0.114369
v 0.245339 0.099611 -0.088544
v 0.234272 0.328349 -0.018447
v -0.271165 0.973981 0.007378
v -0.308058 0.999806 0.018447
v -0.293301 0.999806 0.022136
v -0.285923 1.025632 0.018447
v -0.304368 1.029321 0.011067
v -0.009223 1.165827 -0.118058
v 0.031359 1.165827 -0.099611
v -0.311747 0.520195 -0.022136
v 0.278545 1.317089 -0.014756
v 0.267476 1.317089 -0.022136
v -0.293301 0.970292 -0.051651
v -0.289612 0.992428 -0.055340
v -0.274854 0.992428 -0.047962
v -0.278543 0.966603 -0.044273
v -0.097766 0.409515 -0.044273
v -0.097766 0.413204 -0.103302
v -0.108836 0.442719 -0.095922
v -0.105146 0.439030 -0.036893
v 0.260098 0.896504 0.059029
v 0.245339 0.900194 0.059029
v -0.256408 0.114369 -0.025825
v -0.223205 0.132815 0.000000
v -0.223205 0.147573 0.000000
v -0.260098 0.129126 -0.029515
v 0.083010 1.136310 0.143884
v 0.071941 1.143690 0.129126
v 0.057185 1.136310 0.143884
v -0.212136 1.331845 0.018447
v 0.219516 1.110487 0.040582
v 0.237961 1.125243 0.062718
v 0.064563 1.512621 -0.143884
v 0.016603 1.520001 -0.143884
v 0.057185 1.527380 -0.132815
v -0.171554 1.287574 -0.088544
v 0.079321 1.184272 -0.106991
v 0.175243 1.239612 -0.066407
v 0.160487 1.287574 -0.066407
v 0.164176 1.287574 -0.088544
v 0.175243 1.239612 -0.088544
v -0.278543 0.878059 0.025825
v 0.237961 1.103106 -0.084855
v 0.060874 1.626991 0.025825
v 0.005534 1.615923 0.095922
v 0.308058 0.896504 0.036893
v 0.282234 0.907574 0.055340
v -0.278543 0.959223 0.029515
v -0.278543 0.977670 0.022136
v -0.293301 0.977670 0.029515
v -0.293301 0.959223 0.036893
v 0.068252 1.143690 0.121747
v 0.083010 1.143690 0.099611
v 0.009223 1.660194 0.095922
v -0.001845 1.660194 0.099611
v -0.289612 1.125243 -0.084855
v -0.260098 1.147379 -0.099611
v -0.263787 1.117865 -0.092233
v -0.189999 0.202913 -0.022136
v -0.226894 1.420389 0.025825
v -0.116214 1.752427 0.025825
v -0.123592 1.730293 0.022136
v -0.012912 0.977670 0.125436
v -0.012912 1.040388 0.121747
v 0.249028 1.110487 -0.118058
v 0.252719 1.099417 -0.106991
v 0.201068 1.099417 -0.059029
v 0.204757 1.106797 0.014756
v -0.138350 1.542136 -0.003689
v 0.046117 1.671263 0.081166
v 0.042428 1.671263 0.073785
v 0.053496 1.671263 0.066407
v 0.057185 1.671263 0.070096
v -0.016601 1.641749 -0.129126
v -0.020292 1.638060 -0.114369
v -0.023981 1.671263 -0.125436
v -0.020292 1.674953 -0.140195
v 0.130970 1.531069 -0.095922
v 0.101457 1.523691 -0.125436
v 0.090388 1.534758 -0.114369
v 0.116214 1.542136 -0.088544
v -0.049806 1.615923 -0.073785
v -0.068252 1.626991 -0.077476
v -0.057185 1.626991 -0.088544
v -0.031359 1.615923 -0.084855
v 0.249028 0.678835 -0.022136
v 0.234272 0.675146 0.040582
v -0.164176 0.475922 -0.136506
v -0.116214 0.472233 -0.114369
v -0.009223 1.582720 -0.103302
v 0.116214 1.106797 0.077476
v 0.116214 1.125243 0.073785
v 0.245339 0.442719 -0.121747
v 0.260098 0.475922 -0.125436
v 0.204757 0.143884 -0.114369
v 0.204757 0.162331 -0.103302
v 0.223205 0.162331 -0.095922
v 0.226894 0.140195 -0.106991
v 0.112525 0.914952 -0.132815
v 0.108836 0.911263 -0.118058
v 0.071941 1.571651 -0.047962
v 0.101457 1.601165 -0.059029
v -0.071941 0.874370 0.106991
v -0.178932 1.283885 -0.081166
v -0.105146 1.741360 -0.066407
v -0.105146 1.759807 -0.047962
v -0.079321 1.748738 -0.092233
v -0.031359 1.649127 0.070096
v -0.020292 1.649127 0.077476
v -0.193688 0.383689 -0.118058
v -0.167865 0.402137 -0.151262
v 0.105147 1.516310 0.055340
v 0.116214 1.549514 0.025825
v 0.094077 1.542136 0.055340
v 0.304368 1.121554 0.033204
v 0.308058 1.132621 0.040582
v 0.016603 1.376118 -0.154951
v -0.042426 1.542136 0.047962
v -0.071941 1.571651 0.077476
v -0.042426 1.564272 0.099611
v -0.293301 0.505437 -0.084855
v -0.263787 0.490680 -0.132815
v -0.009223 0.653010 -0.147573
v -0.009223 0.874370 -0.140195
v -0.068252 0.874370 -0.132815
v -0.068252 0.627184 -0.143884
v 0.086699 0.826408 0.132815
v 0.097766 0.826408 0.129126
v 0.094077 0.830097 0.147573
v 0.079321 0.826408 0.140195
v -0.064563 1.630680 0.044273
v -0.068252 1.626991 0.025825
v -0.038737 1.612234 0.066407
v -0.049806 1.608543 0.059029
v 0.241650 0.261942 -0.055340
v 0.267476 0.889126 -0.022136
v 0.038737 1.523691 0.007378
v 0.083010 1.630680 0.033204
v -0.046117 0.771068 -0.099611
v -0.071941 0.638253 -0.103302
v -0.175243 1.490485 0.011067
v -0.160485 1.520001 -0.000000
v -0.241650 0.158640 -0.081166
v 0.319127 0.003689 0.081166
v 0.315438 0.003689 0.051651
v 0.322816 0.018447 0.081166
v -0.267476 0.866990 0.059029
v -0.031359 1.733982 -0.136506
v -0.079321 0.472233 0.036893
v -0.083010 0.472233 -0.029515
v -0.064563 0.494370 -0.025825
v 0.256408 0.833786 0.040582
v 0.256408 0.837475 0.033204
v 0.260098 0.844855 0.036893
v -0.005534 1.759807 0.106991
v -0.012912 1.759807 0.106991
v -0.319127 0.896504 0.036893
v -0.296990 0.907574 0.055340
v -0.153106 1.258059 0.018447
v -0.167865 1.291263 -0.025825
v -0.156796 1.254368 -0.025825
v -0.322816 0.036893 0.081166
v -0.319127 0.040582 0.051651
v -0.241650 0.383689 -0.007378
v -0.330194 0.955534 -0.018447
v -0.322816 0.955534 -0.040582
v -0.182621 1.328156 0.011067
v 0.042428 0.634564 -0.018447
v -0.296990 0.800583 0.033204
v -0.289612 0.804272 0.036893
v -0.296990 0.822719 0.040582
v 0.230583 1.165827 0.047962
v 0.319127 0.036893 0.081166
v -0.057185 1.080972 0.103302
v -0.204757 1.213787 -0.055340
v -0.201068 0.442719 0.092233
v 0.263787 0.793204 0.018447
v -0.057185 0.641942 -0.166020
v -0.042426 0.675146 -0.162331
v -0.296990 1.092039 -0.077476
v -0.271165 1.084661 -0.084855
v -0.219514 0.162331 -0.014756
v -0.215825 0.202913 -0.018447
v -0.105146 0.608739 0.114369
v -0.108836 0.608739 0.136506
v -0.042426 1.800389 0.070096
v -0.075630 1.678642 0.092233
v 0.252719 0.114369 -0.025825
v 0.038737 1.597476 0.003689
v 0.038737 1.556894 0.007378
v -0.219514 1.114176 -0.044273
v -0.212136 1.143690 -0.047962
v 0.223205 1.464661 0.014756
v -0.230583 0.568155 0.106991
v -0.186310 0.992428 -0.022136
v -0.156796 1.047768 0.040582
v -0.167865 1.051457 -0.022136
v -0.263787 0.937088 -0.014756
v -0.164176 0.988739 -0.084855
v -0.149417 1.047768 -0.081166
v -0.097766 1.040388 -0.118058
v 0.204757 0.099611 -0.125436
v 0.068252 1.165827 -0.092233
v -0.300679 0.844855 0.044273
v -0.053496 1.073592 -0.110680
v 0.263787 0.855923 0.036893
v 0.053496 1.597476 -0.125436
v -0.267476 0.025825 -0.092233
v -0.260098 0.070096 -0.092233
v -0.023981 0.763690 0.025825
v 0.249028 0.841164 0.022136
v 0.068252 1.567961 0.092233
v 0.064563 1.534758 0.084855
v -0.271165 0.837475 0.033204
v -0.271165 0.841164 0.025825
v 0.178932 1.287574 -0.106991
v -0.005534 1.774564 0.088544
v 0.083010 1.106797 0.143884
v 0.083010 1.125243 0.143884
v 0.023981 1.715534 0.118058
v 0.035048 1.719223 0.121747
v 0.020292 1.737671 0.118058
v -0.023981 1.615923 0.077476
v -0.016601 1.619612 0.092233
v -0.027670 1.626991 0.073785
v 0.160487 0.922330 -0.077476
v 0.167865 0.933399 -0.088544
v -0.009223 1.387185 -0.158640
v 0.005534 1.667572 0.106991
v 0.020292 1.689709 0.106991
v 0.094077 1.700778 -0.084855
v 0.075632 1.700778 -0.106991
v -0.020292 0.645632 0.140195
v 0.167865 0.391068 0.062718
v 0.112525 0.409515 0.044273
v 0.119903 0.391068 0.033204
v -0.016601 0.874370 0.106991
v 0.256408 0.841164 0.025825
v 0.271165 0.918641 -0.047962
v 0.212136 0.439030 -0.147573
v 0.267476 0.878059 0.051651
v 0.016603 1.579031 0.022136
v 0.020292 1.564272 0.051651
v 0.116214 1.136310 0.073785
v -0.138350 1.700778 -0.007378
v -0.130970 1.726602 -0.007378
v -0.123592 1.719223 -0.022136
v -0.127281 1.693398 -0.025825
v 0.289612 0.900194 -0.059029
v 0.278545 0.896504 -0.047962
v -0.271165 1.335534 -0.073785
v -0.278543 0.789515 0.033204
v -0.285923 0.807961 0.022136
v -0.278543 1.051457 -0.073785
v 0.027670 1.667572 0.084855
v 0.023981 1.674953 0.092233
v 0.009223 1.667572 0.095922
v -0.105146 1.040388 0.092233
v -0.090388 1.080972 0.081166
v -0.086699 1.593787 -0.040582
v -0.090388 1.623302 -0.036893
v -0.293301 0.022136 0.007378
v -0.289612 0.003689 0.007378
v -0.282234 1.228545 -0.051651
v -0.319127 1.029321 -0.003689
v 0.256408 0.789515 0.003689
v 0.260098 0.785826 0.018447
v 0.260098 0.796893 0.003689
v -0.289612 1.206408 -0.051651
v -0.278543 1.228545 -0.073785
v -0.285923 1.206408 -0.073785
v 0.130970 1.457281 -0.154951
v -0.046117 1.641749 -0.114369
v -0.053496 1.674953 -0.121747
v 0.094077 0.955534 0.106991
v 0.083010 0.955534 0.106991
v -0.274854 0.785826 0.000000
v 0.304368 0.878059 -0.055340
v -0.178932 0.158640 -0.033204
v 0.009223 1.608543 0.081166
v 0.116214 1.136310 0.099611
v 0.101457 1.143690 0.099611
v 0.116214 1.136310 0.118058
v 0.189999 1.501554 -0.092233
v 0.230583 1.497865 -0.051651
v 0.263787 1.169516 0.044273
v -0.119903 1.165827 -0.062718
v -0.127281 1.165827 -0.070096
v -0.271165 1.025632 0.011067
v -0.278543 0.999806 0.018447
v -0.001845 1.590098 0.073785
v -0.308058 1.136310 -0.018447
v 0.086699 1.593787 -0.103302
v 0.112525 1.590098 -0.070096
v -0.042426 1.638060 -0.103302
v -0.049806 1.660194 -0.103302
v -0.322816 0.999806 -0.000000
v -0.322816 1.029321 -0.025825
v 0.042428 0.641942 -0.166020
v 0.027670 0.675146 -0.162331
v 0.049806 0.874370 -0.154951
v -0.308058 0.951845 -0.051651
v -0.293301 0.948155 -0.051651
v 0.260098 1.106797 -0.092233
v 0.142039 1.250679 -0.029515
v 0.130970 1.246990 -0.084855
v -0.237961 0.003689 0.022136
v -0.296990 0.051651 0.007378
v -0.274854 0.077476 -0.044273
v -0.278543 0.040582 -0.044273
v -0.267476 0.833786 0.040582
v 0.075632 1.372427 0.147573
v -0.252717 0.866990 0.059029
v 0.245339 0.328349 -0.051651
v -0.094077 0.409515 0.014756
v -0.101456 0.439030 0.022136
v 0.101457 1.143690 0.084855
v -0.204757 0.937088 -0.022136
v 0.274854 0.040582 -0.044273
v 0.201068 1.335534 -0.143884
v 0.201068 1.346603 -0.147573
v 0.027670 0.645632 0.140195
v 0.035048 0.630873 0.143884
v 0.038737 0.874370 0.132815
v 0.012912 0.678835 0.140195
v 0.068252 1.593787 -0.036893
v 0.068252 1.615923 -0.029515
v -0.149417 1.258059 -0.070096
v 0.293301 0.822719 0.036893
v -0.094077 1.630680 0.033204
v 0.175243 0.158640 -0.081166
v 0.171554 0.158640 -0.059029
v 0.164176 0.202913 -0.059029
v 0.167865 0.202913 -0.081166
v -0.112525 1.719223 -0.070096
v -0.068252 0.494370 -0.088544
v -0.068252 0.531262 -0.077476
v -0.009223 0.977670 -0.147573
v -0.009223 1.040388 -0.129126
v 0.260098 1.018252 -0.055340
v -0.116214 1.704467 0.044273
v -0.263787 0.800583 -0.040582
v 0.285923 1.106797 -0.099611
v 0.285923 1.117865 -0.106991
v 0.311749 1.114176 -0.073785
v -0.094077 1.036699 -0.106991
v -0.083010 1.597476 -0.051651
v -0.086699 1.626991 -0.055340
v 0.263787 0.992428 -0.047962
v 0.278545 0.992428 -0.055340
v 0.064563 1.630680 -0.081166
v 0.071941 1.663883 -0.092233
v 0.079321 1.667572 -0.073785
v 0.075632 1.630680 -0.070096
v 0.105147 0.830097 0.136506
v -0.009223 0.874370 -0.158640
v -0.252717 0.114369 -0.055340
v -0.260098 0.129126 -0.059029
v -0.064563 1.626991 -0.095922
v -0.064563 1.663883 -0.110680
v -0.260098 1.250679 -0.088544
v 0.053496 1.660194 0.059029
v 0.105147 1.088350 0.114369
v 0.116214 1.106797 0.099611
v 0.116214 1.106797 0.118058
v -0.009223 1.073592 -0.114369
v -0.053496 1.080972 -0.118058
v -0.009223 1.080972 -0.125436
v -0.249028 0.841164 0.036893
v -0.175243 0.073785 -0.025825
v -0.009223 0.689902 -0.162331
v -0.105146 0.472233 0.073785
v 0.226894 0.125436 -0.103302
v 0.241650 0.121747 -0.084855
v -0.020292 1.708156 -0.143884
v -0.001845 0.959223 0.103302
v -0.123592 1.689709 -0.062718
v -0.130970 1.697089 -0.044273
v -0.123592 1.719223 -0.044273
v -0.193688 0.162331 -0.018447
v -0.322816 0.977670 0.003689
v 0.293301 0.996117 -0.051651
v 0.053496 1.353981 -0.154951
v 0.086699 1.416700 0.140195
v -0.274854 0.018447 0.177087
v 0.245339 0.136506 -0.088544
v 0.175243 1.460972 -0.140195
v 0.160487 1.490485 -0.125436
v 0.197379 1.490485 -0.103302
v 0.156796 0.383689 -0.110680
v -0.060874 1.815147 0.047962
v -0.049806 1.829904 0.044273
v -0.075630 1.811456 0.029515
v 0.208447 0.479611 -0.151262
v -0.012912 1.689709 0.121747
v -0.009223 1.667572 0.118058
v -0.260098 1.390874 -0.066407
v 0.097766 0.439030 0.022136
v 0.053496 1.667572 0.081166
v 0.256408 0.796893 -0.051651
v -0.020292 0.586602 0.151262
v 0.053496 1.667572 0.055340
v 0.142039 1.383496 0.033204
v 0.153106 1.047768 0.036893
v 0.090388 1.077281 0.081166
v -0.046117 1.645438 0.066407
v -0.046117 1.652816 0.066407
v -0.105146 1.656505 -0.003689
v -0.105146 1.689709 -0.014756
v 0.289612 0.044273 0.121747
v 0.267476 0.036893 0.173398
v -0.060874 1.634369 0.055340
v -0.046117 1.630680 0.066407
v -0.193688 0.003689 0.044273
v -0.182621 0.029515 -0.029515
v -0.182621 0.040582 -0.029515
v 0.167865 1.335534 -0.110680
v 0.197379 1.339223 -0.118058
v 0.256408 0.804272 -0.014756
v -0.053496 0.645632 0.140195
v 0.234272 1.324467 -0.106991
v 0.215825 1.387185 -0.110680
v 0.249028 0.940777 0.025825
v 0.249028 0.889126 0.018447
v -0.009223 1.490485 0.121747
v -0.046117 1.494176 0.118058
v -0.016601 0.874370 0.132815
v 0.071941 1.505243 0.084855
v -0.012912 1.660194 0.095922
v -0.293301 0.826408 0.025825
v -0.267476 0.807961 -0.036893
v 0.164176 0.328349 -0.106991
v -0.001845 1.641749 -0.129126
v -0.012912 1.667572 0.095922
v -0.241650 0.036893 0.180777
v -0.130970 1.704467 0.018447
v 0.160487 0.656699 0.110680
v 0.293301 0.973981 -0.051651
v 0.149417 1.387185 0.062718
v 0.153106 1.376118 0.051651
v -0.031359 1.638060 0.073785
v 0.090388 1.656505 -0.029515
v 0.031359 1.715534 0.106991
v 0.035048 1.737671 0.103302
v 0.282234 0.977670 0.029515
v 0.278545 0.999806 0.022136
v 0.046117 1.674953 0.084855
v 0.012912 1.689709 0.095922
v 0.038737 1.833593 0.029515
v -0.189999 1.435147 0.040582
v -0.311747 0.977670 0.022136
v -0.060874 1.199030 -0.114369
v -0.060874 1.213787 -0.110680
v -0.278543 1.335534 -0.036893
v -0.123592 1.125243 -0.066407
v -0.005534 1.852040 0.014756
v -0.293301 0.844855 0.029515
v 0.171554 0.988739 0.040582
v 0.285923 0.059029 0.092233
v -0.319127 1.025632 -0.044273
v -0.304368 1.021943 -0.059029
v 0.186310 1.195339 -0.066407
v -0.009223 1.615923 -0.092233
v 0.090388 0.534951 0.073785
v -0.175243 1.483107 0.007378
v 0.083010 1.634369 -0.062718
v 0.090388 1.667572 -0.070096
v 0.094077 1.663883 -0.047962
v 0.086699 1.630680 -0.051651
v 0.204757 0.498059 0.121747
v 0.156796 0.479611 0.110680
v 0.186310 0.162331 -0.095922
v 0.097766 1.401943 0.140195
v 0.245339 0.937088 0.003689
v -0.249028 0.099611 -0.088544
v -0.234272 0.099611 -0.114369
v -0.249028 0.855923 0.040582
v -0.105146 0.394757 0.003689
v 0.160487 0.807961 0.099611
v 0.197379 0.667768 0.099611
v -0.178932 1.453592 0.040582
v 0.263787 1.261748 0.007378
v 0.282234 0.800583 0.033204
v -0.049806 0.634564 -0.070096
v -0.023981 0.763690 -0.066407
v -0.016601 0.760001 -0.018447
v -0.001845 1.667572 0.099611
v 0.083010 0.874370 -0.151262
v 0.153106 1.324467 -0.051651
v -0.064563 0.973981 -0.125436
v -0.094077 0.874370 -0.129126
v -0.315438 1.058836 -0.051651
v -0.315438 1.095728 -0.059029
v -0.300679 1.055146 -0.070096
v 0.046117 1.420389 -0.177087
v 0.094077 1.416700 -0.177087
v 0.274854 1.128932 0.062718
v 0.219516 0.000000 -0.040582
v -0.263787 1.342914 -0.070096
v -0.296990 0.855923 -0.040582
v -0.223205 0.328349 -0.099611
v -0.226894 0.387379 -0.106991
v -0.234272 0.398448 0.055340
v -0.060874 1.040388 0.114369
v -0.049806 1.852040 0.040582
v 0.105147 1.106797 0.132815
v 0.094077 1.088350 0.125436
v 0.016603 1.649127 0.077476
v 0.016603 1.638060 0.084855
v 0.175243 0.158640 -0.033204
v -0.105146 1.770874 0.029515
v 0.105147 1.125243 0.132815
v 0.127281 1.376118 0.132815
v -0.020292 1.689709 0.106991
v -0.016601 1.715534 0.121747
v 0.075632 1.630680 0.044273
v 0.105147 1.593787 0.029515
v 0.101457 1.084661 0.084855
v 0.116214 1.383496 -0.143884
v 0.153106 1.376118 -0.125436
v 0.005534 1.733982 -0.140195
v 0.005534 1.759807 -0.121747
v 0.079321 1.671263 -0.099611
v 0.090388 1.671263 -0.081166
v -0.060874 1.671263 0.070096
v -0.009223 1.556894 0.055340
v 0.005534 1.556894 0.055340
v 0.009223 1.593787 0.073785
v -0.009223 0.973981 -0.129126
v 0.186310 1.424078 -0.147573
v -0.009223 0.612428 -0.173398
v 0.031359 1.527380 0.106991
v 0.031359 1.556894 0.114369
v -0.009223 1.549514 0.125436
v -0.009223 1.520001 0.114369
v 0.001845 1.638060 -0.114369
v -0.075630 1.874176 0.007378
v -0.164176 1.313398 -0.077476
v -0.053496 1.678642 0.099611
v 0.101457 1.704467 0.044273
v -0.167865 1.324467 -0.007378
v -0.178932 0.000000 -0.033204
v -0.123592 1.748738 -0.000000
v 0.260098 0.490680 -0.132815
v -0.197379 0.815341 -0.077476
v -0.271165 0.003689 0.084855
v -0.197379 0.003689 0.106991
v 0.064563 1.767185 -0.073785
v 0.119903 1.125243 0.118058
v 0.271165 1.306019 -0.022136
v -0.097766 1.579031 0.047962
v 0.001845 1.778253 -0.099611
v 0.241650 1.475729 -0.018447
v 0.308058 1.099417 -0.011067
v -0.086699 0.472233 -0.088544
v -0.009223 1.125243 -0.110680
v 0.308058 0.977670 -0.040582
v 0.071941 1.398252 -0.180777
v -0.285923 1.018252 -0.062718
v 0.046117 1.626991 -0.088544
v 0.057185 1.626991 -0.077476
v 0.101457 1.405632 0.129126
v -0.186310 1.269127 -0.025825
v -0.201068 1.269127 -0.007378
v 0.204757 0.129126 -0.110680
v -0.178932 0.933399 -0.084855
v -0.042426 0.641942 -0.169709
v -0.027670 0.627184 -0.173398
v 0.079321 0.830097 0.151262
v 0.075632 0.959223 0.125436
v 0.038737 1.660194 -0.103302
v 0.027670 1.638060 -0.103302
v -0.075630 1.593787 -0.011067
v -0.075630 1.615923 -0.018447
v -0.068252 1.615923 0.003689
v -0.071941 1.593787 0.003689
v 0.071941 1.387185 -0.166020
v -0.060874 1.413010 0.121747
v -0.068252 1.615923 -0.066407
v -0.075630 1.593787 -0.055340
v 0.149417 1.413010 0.047962
v 0.053496 1.722913 0.110680
v -0.282234 0.782135 0.029515
v -0.060874 1.615923 -0.047962
v 0.105147 1.136310 0.132815
v 0.068252 1.494176 -0.147573
v -0.009223 1.007185 -0.121747
v -0.064563 1.874176 0.029515
v 0.271165 0.885437 0.051651
v 0.020292 1.601165 0.070096
v 0.020292 1.615923 0.077476
v 0.237961 0.468544 -0.147573
v 0.090388 1.036699 0.088544
v -0.105146 1.796700 0.003689
v -0.097766 1.796700 0.033204
v 0.149417 1.512621 -0.099611
v 0.108836 1.390874 0.140195
v 0.119903 1.125243 0.099611
v 0.071941 1.088350 0.129126
v 0.108836 1.372427 -0.180777
v -0.071941 1.420389 -0.162331
v 0.101457 0.472233 0.073785
v 0.116214 0.439030 0.051651
v 0.271165 0.077476 -0.044273
v 0.083010 1.770874 -0.066407
v 0.097766 1.770874 -0.051651
v 0.138350 1.420389 -0.166020
v -0.149417 1.527380 -0.092233
v 0.071941 1.726602 0.088544
v -0.001845 0.664077 0.140195
v 0.027670 1.667572 0.073785
v 0.153106 1.357670 -0.169709
v 0.153106 1.346603 -0.162331
v -0.012912 1.667572 0.106991
v 0.016603 1.638060 -0.110680
v -0.271165 0.003689 0.158640
v -0.304368 0.003689 0.140195
v 0.049806 1.538447 -0.018447
v 0.012912 0.645632 0.140195
v 0.053496 1.626991 -0.095922
v 0.053496 1.663883 -0.110680
v -0.020292 1.733982 0.103302
v -0.060874 1.667572 0.081166
v 0.075632 0.959223 0.114369
v 0.153106 1.335534 -0.088544
v 0.090388 0.494370 0.077476
v -0.319127 0.003689 0.110680
v 0.252719 0.796893 -0.018447
v -0.171554 0.922330 -0.077476
v -0.116214 1.767185 0.003689
v -0.116214 1.586409 0.022136
v -0.090388 1.671263 -0.099611
v -0.101456 1.671263 -0.081166
v -0.105146 1.700778 -0.084855
v -0.086699 1.700778 -0.106991
v -0.042426 0.612428 -0.169709
v 0.149417 1.376118 0.018447
v -0.027670 1.778253 0.081166
v 0.127281 0.380000 -0.088544
v 0.308058 1.121554 -0.011067
v -0.075630 1.874176 0.022136
v 0.020292 1.833593 0.036893
v 0.046117 1.704467 -0.129126
v -0.094077 1.634369 -0.062718
v -0.097766 1.630680 -0.051651
v -0.105146 1.663883 -0.047962
v -0.101456 1.667572 -0.070096
v 0.035048 1.497865 0.110680
v 0.012912 1.619612 0.092233
v -0.101456 1.656505 -0.029515
v -0.086699 1.623302 -0.014756
v -0.094077 1.626991 -0.000000
v -0.083010 1.593787 -0.003689
v 0.105147 1.401943 -0.151262
v 0.020292 1.733982 0.103302
v 0.083010 1.088350 0.132815
v -0.094077 1.778253 -0.044273
v 0.060874 1.700778 -0.114369
v 0.249028 0.114369 -0.055340
v -0.086699 1.593787 0.003689
v -0.097766 1.036699 0.084855
v -0.116214 1.737671 -0.044273
v -0.046117 1.353981 0.125436
v -0.130970 1.811456 0.051651
v -0.057185 1.781942 0.070096
v -0.083010 1.579031 -0.044273
v -0.068252 0.630873 0.136506
v -0.156796 1.674953 0.007378
v 0.075632 1.601165 0.014756
v -0.057185 0.627184 -0.166020
v 0.094077 1.700778 -0.066407
v 0.112525 1.697089 -0.070096
v 0.119903 1.663883 -0.062718
v 0.101457 1.671263 -0.051651
v 0.071941 1.579031 -0.044273
v 0.027670 0.630873 0.140195
v -0.071941 1.615923 0.044273
v 0.060874 1.615923 0.044273
v 0.042428 0.627184 -0.166020
v -0.134659 1.811456 -0.044273
v -0.160485 1.737671 -0.036893
v -0.116214 1.763496 -0.025825
v -0.005534 1.656505 0.110680
v -0.086699 1.601165 0.014756
v -0.105146 1.700778 -0.066407
v -0.009223 1.638060 -0.114369
v -0.116214 1.671263 -0.051651
v 0.101457 1.667572 -0.033204
v 0.116214 1.645438 -0.011067
v 0.112525 1.693398 -0.040582
v 0.086699 1.752427 -0.081166
v 0.023981 1.608543 -0.114369
v 0.130970 1.697089 -0.070096
v -0.083010 1.900000 0.014756
v -0.116214 1.638060 -0.047962
v -0.116214 1.667572 -0.033204
v -0.101456 1.645438 -0.084855
v -0.083010 1.597476 -0.070096
v -0.071941 1.597476 -0.092233
v 0.108836 1.763496 -0.088544
v 0.060874 1.597476 -0.092233
v -0.009223 1.608543 -0.121747
v -0.138350 0.900194 0.095922
v -0.153106 1.663883 -0.040582
v 0.079321 1.601165 -0.055340
v 0.071941 1.597476 -0.070096
v 0.101457 1.638060 -0.047962
v -0.079321 1.567961 0.011067
v -0.090388 1.601165 -0.055340
v 0.090388 1.645438 -0.084855
v 0.064563 1.567961 0.011067
v -0.038737 1.608543 -0.114369
vn 0.8911 0.3047 -0.3363
vn 0.8938 0.3351 -0.2979
vn 0.8869 0.2977 -0.3532
vn 0.8761 0.2580 -0.4072
vn -0.9035 -0.2681 0.3343
vn -0.8846 -0.1474 0.4423
vn -0.8946 -0.1936 0.4028
vn -0.8946 -0.1936 0.4027
vn -0.9045 -0.3015 0.3015
vn -0.9036 -0.2682 0.3342
vn 0.9701 -0.2313 0.0735
vn 0.9219 -0.3819 -0.0658
vn 0.9392 -0.3395 -0.0505
vn 0.9784 -0.1665 0.1223
vn -0.8911 0.3047 -0.3363
vn -0.8761 0.2580 -0.4072
vn -0.8869 0.2977 -0.3532
vn -0.8938 0.3351 -0.2979
vn 0.1592 -0.1364 0.9778
vn 0.7717 0.3700 0.5173
vn 0.7891 0.3208 0.5238
vn 0.7888 0.3276 0.5200
vn 0.7716 0.3741 0.5144
vn 0.7359 -0.1883 0.6504
vn 0.6730 -0.3070 0.6729
vn 0.6955 -0.2834 0.6602
vn 0.7715 -0.1544 0.6173
vn 0.8012 0.1000 0.5899
vn 0.8178 0.1377 0.5587
vn 0.7971 0.0913 0.5969
vn 0.7796 0.0567 0.6237
vn -0.7998 -0.3453 0.4909
vn -0.7704 -0.2696 0.5778
vn -0.7962 -0.3346 0.5040
vn -0.7963 -0.3347 0.5040
vn -0.8165 -0.4083 0.4082
vn -0.7998 -0.3454 0.4909
vn -0.0000 1.0000 -0.0000
vn -0.9849 -0.1317 0.1122
vn -0.9868 -0.0267 0.1600
vn -0.9689 0.0035 0.2475
vn -0.9872 -0.0743 0.1408
vn 0.5863 0.6845 -0.4333
vn 0.5652 0.7215 -0.3999
vn 0.5808 0.6876 -0.4357
vn 0.6146 0.6402 -0.4610
vn 0.1977 -0.5437 0.8156
vn 0.2763 -0.3039 0.9118
vn 0.4362 -0.2846 0.8537
vn 0.3650 -0.2944 0.8832
vn 0.3431 -0.5924 0.7290
vn 0.3506 -0.6206 0.7014
vn 0.2767 -0.5369 0.7969
vn 0.2602 -0.5275 0.8087
vn 1.0000 -0.0000 -0.0000
vn 0.9946 -0.0868 -0.0574
vn 0.9951 -0.0978 -0.0155
vn -0.4013 0.6050 -0.6877
vn -0.3411 0.6996 -0.6279
vn -0.3342 0.7997 -0.4989
vn -0.3578 0.6311 -0.6883
vn 0.6276 -0.1414 0.7656
vn 0.6380 -0.1430 0.7566
vn 0.6188 -0.1479 0.7715
vn 0.6141 -0.1420 0.7763
vn -0.6706 -0.0444 0.7404
vn -0.6456 -0.0729 0.7602
vn -0.6970 -0.0127 0.7170
vn -0.7071 -0.0000 0.7071
vn 0.6106 -0.3542 -0.7083
vn 0.6126 -0.3535 -0.7069
vn 0.6865 -0.3251 -0.6504
vn 0.0139 -0.0026 -0.9999
vn -0.0000 0.1415 -0.9899
vn 0.0517 0.0831 -0.9952
vn 0.0544 -0.0603 -0.9967
vn -0.7695 0.0578 -0.6361
vn -0.7758 0.0446 -0.6295
vn -0.7753 0.0114 -0.6315
vn -0.7653 0.0307 -0.6429
vn -0.9317 0.1019 0.3485
vn -0.9280 0.1147 0.3545
vn -0.9589 0.0809 0.2718
vn -0.9590 0.0809 0.2717
vn -0.9832 -0.0611 0.1720
vn 0.8908 0.2227 0.3960
vn 0.9376 0.2253 0.2649
vn 0.9326 0.2331 0.2755
vn 0.9333 0.1931 -0.3026
vn 0.9203 0.2300 -0.3163
vn 0.9621 0.0652 -0.2649
vn 0.9619 0.1029 -0.2533
vn 0.5663 -0.2269 0.7924
vn 0.5353 -0.1413 0.8328
vn 0.5488 -0.1768 0.8171
vn 0.5785 -0.2652 0.7714
vn -0.2213 0.0983 0.9702
vn -0.2352 0.1109 0.9656
vn -0.1543 0.0935 0.9836
vn -0.1549 0.0906 0.9838
vn 0.5397 0.1189 0.8334
vn 0.5145 0.1252 0.8483
vn 0.5364 0.1353 0.8331
vn 0.5636 0.1025 0.8197
vn 0.0728 0.9532 -0.2936
vn -0.1376 0.9272 -0.3485
vn -0.1236 0.9296 -0.3471
vn 0.1622 0.9733 -0.1622
vn 0.1330 0.9741 -0.1829
vn -0.9839 -0.1636 0.0713
vn -0.9914 -0.0560 0.1179
vn -0.9934 -0.0533 0.1012
vn -0.9847 -0.1545 0.0805
vn 0.0023 0.1196 -0.9928
vn 0.0772 0.1703 -0.9824
vn -0.0000 0.1153 -0.9933
vn -0.0334 0.1949 -0.9802
vn 0.2357 -0.9714 0.0285
vn 0.2661 -0.9580 -0.1064
vn 0.2464 -0.9690 -0.0166
vn 0.2075 -0.9684 0.1384
vn -0.3385 0.4743 -0.8127
vn -0.3487 0.4650 -0.8137
vn -0.3374 0.4752 -0.8126
vn -0.3245 0.4866 -0.8111
vn 0.8376 -0.3614 -0.4096
vn 0.8391 -0.3460 -0.4198
vn 0.8881 -0.3279 -0.3222
vn 0.8783 -0.3140 -0.3606
vn -0.9523 -0.2872 0.1035
vn -0.9611 -0.2621 0.0874
vn -0.9578 -0.2718 0.0936
vn -0.9483 -0.2977 0.1103
vn -0.3697 -0.2745 -0.8877
vn -0.3869 -0.3040 -0.8706
vn -0.3931 -0.1479 -0.9075
vn -0.3676 -0.1437 -0.9188
vn -0.7539 0.2389 -0.6120
vn -0.8093 0.2964 -0.5072
vn -0.6859 0.2364 -0.6882
vn -0.6017 0.1624 -0.7820
vn 0.1260 0.9278 0.3513
vn 0.2289 0.9126 0.3389
vn 0.1527 0.9245 0.3493
vn -0.1690 0.8451 0.5071
vn 0.3438 -0.4635 0.8167
vn 0.3445 -0.3733 0.8614
vn 0.4101 -0.4093 0.8151
vn 0.4197 -0.4587 0.7832
vn 0.9376 -0.2614 -0.2293
vn 0.9233 -0.2077 -0.3231
vn 0.9075 -0.3495 -0.2330
vn 0.9315 -0.3330 -0.1465
vn -0.8321 -0.0000 0.5547
vn 0.5546 -0.0000 -0.8321
vn 0.3014 0.3016 -0.9045
vn 0.3251 0.0323 -0.9451
vn 0.3709 0.0506 -0.9273
vn 0.2223 -0.0342 -0.9744
vn 0.1922 -0.0484 -0.9802
vn 0.7028 -0.1082 -0.7031
vn 0.7030 -0.1081 -0.7029
vn 0.7030 -0.1081 -0.7030
vn 0.2580 -0.2546 -0.9320
vn 0.2405 -0.2705 -0.9322
vn 0.3130 -0.2285 -0.9218
vn 0.3172 -0.2347 -0.9189
vn -0.5922 0.1454 -0.7926
vn -0.6063 0.1212 -0.7860
vn -0.5137 0.2036 -0.8335
vn -0.5124 0.2236 -0.8291
vn 0.9539 -0.2505 0.1652
vn 0.9749 -0.1369 0.1755
vn -0.0135 -0.4845 0.8747
vn -0.2383 -0.1571 0.9584
vn -0.3126 -0.0923 0.9454
vn -0.3057 -0.1814 0.9347
vn 0.2446 0.8510 0.4647
vn 0.3638 0.8055 0.4678
vn 0.2601 0.8370 0.4814
vn 0.1474 0.8601 0.4883
vn 0.9520 0.1604 -0.2606
vn 0.9509 0.1640 -0.2623
vn 0.9520 0.1606 -0.2607
vn 0.9530 0.1573 -0.2590
vn -0.3917 -0.0539 -0.9185
vn -0.5543 -0.0714 -0.8293
vn -0.5697 -0.1404 -0.8097
vn -0.4845 -0.0874 -0.8704
vn 0.7519 -0.1493 -0.6421
vn 0.6499 -0.1384 -0.7473
vn 0.7164 -0.2081 -0.6660
vn 0.7934 -0.1942 -0.5769
vn -0.9068 -0.4199 -0.0370
vn -0.9711 -0.2381 -0.0183
vn -0.9643 -0.2649 -0.0003
vn -0.8912 -0.4528 -0.0283
vn 0.6702 -0.3792 0.6380
vn 0.6514 -0.3891 0.6513
vn -0.9502 0.3022 0.0758
vn -0.9328 0.3076 0.1880
vn -0.9807 0.1923 0.0352
vn -0.9801 0.1960 0.0327
vn -0.3951 -0.9165 0.0631
vn -0.3872 -0.9164 0.1013
vn -0.4470 -0.8942 -0.0261
vn -0.4455 -0.8950 -0.0237
vn -0.6032 -0.7970 0.0302
vn -0.6140 -0.7893 -0.0000
vn -0.5909 -0.7999 0.1047
vn -0.5954 -0.7969 0.1023
vn 0.2672 -0.5345 0.8018
vn -0.4047 -0.4254 0.8095
vn -0.4015 -0.4406 0.8029
vn -0.3841 -0.5122 0.7682
vn -0.6262 -0.1111 0.7717
vn -0.3924 -0.2483 0.8856
vn -0.4340 -0.1933 0.8799
vn -0.6486 -0.0840 0.7564
vn 0.9481 0.2278 0.2218
vn 0.9502 0.2715 0.1527
vn 0.9501 0.2541 0.1809
vn 0.9469 0.2188 0.2357
vn -0.3636 0.0164 0.9314
vn -0.3862 0.0243 0.9221
vn -0.2906 -0.1064 0.9509
vn -0.3211 -0.0738 0.9442
vn -0.9608 0.0397 -0.2745
vn -0.9588 0.0431 -0.2808
vn -0.9625 -0.0255 -0.2702
vn -0.9612 -0.0265 -0.2746
vn 0.0931 -0.3215 0.9423
vn 0.0894 -0.3869 0.9178
vn 0.1282 -0.2430 0.9615
vn 0.1283 -0.2405 0.9621
vn 0.8282 -0.5337 0.1713
vn 0.8242 -0.5452 0.1530
vn 0.8991 -0.4343 0.0546
vn 0.8873 -0.4482 0.1085
vn -0.1260 -0.3113 -0.9419
vn -0.3027 -0.3344 -0.8925
vn -0.3191 -0.3206 -0.8919
vn -0.1246 -0.2724 -0.9541
vn -0.2184 0.7080 0.6716
vn 0.0125 0.6327 0.7743
vn 0.0652 0.6641 0.7448
vn -0.1139 0.7270 0.6771
vn -0.8810 0.0250 0.4725
vn -0.8974 0.0362 0.4397
vn -0.8082 -0.0746 0.5842
vn -0.7665 -0.0985 0.6347
vn -0.0000 -0.0000 -1.0000
vn -0.0266 -0.0798 -0.9965
vn -0.0274 -0.0823 -0.9962
vn 0.8825 0.4253 0.2006
vn 0.8284 0.5103 0.2308
vn 0.8421 0.4954 0.2133
vn 0.8761 0.4380 0.2016
vn -0.6003 -0.7997 0.0117
vn -0.5997 -0.7940 0.0999
vn -0.6000 -0.7952 0.0876
vn -0.6000 -0.8000 -0.0000
vn 0.4150 0.0408 0.9089
vn 0.2249 -0.0401 0.9735
vn 0.2240 -0.0380 0.9739
vn 0.2660 0.0614 0.9620
vn -0.8736 -0.4255 -0.2362
vn -0.8919 -0.3878 -0.2327
vn -0.8893 -0.3933 -0.2332
vn -0.8689 -0.4346 -0.2370
vn 0.4191 -0.3492 0.8381
vn 0.4190 -0.3492 0.8381
vn -0.4011 -0.1191 0.9082
vn -0.2077 0.0701 0.9757
vn -0.2206 -0.1082 0.9693
vn -0.4075 -0.1194 0.9054
vn 0.3958 -0.0788 0.9150
vn 0.4240 -0.3180 0.8480
vn 0.4391 -0.1897 0.8782
vn 0.4063 -0.0207 0.9135
vn -0.8454 -0.1429 0.5147
vn -0.8373 -0.1440 0.5274
vn -0.8679 -0.1811 0.4625
vn -0.8672 -0.1708 0.4677
vn 0.5371 -0.8404 0.0729
vn 0.5119 -0.8570 0.0596
vn 0.6805 -0.7288 0.0763
vn 0.6944 -0.7165 0.0666
vn -0.0680 0.2420 -0.9679
vn -0.0695 0.2419 -0.9678
vn 0.1315 0.2404 -0.9617
vn 0.1238 0.2468 -0.9611
vn 0.8162 -0.1273 0.5636
vn 0.8454 -0.1429 0.5147
vn 0.8373 -0.1440 0.5274
vn 0.8059 -0.1315 0.5773
vn 0.1597 -0.2833 -0.9457
vn 0.0374 -0.2833 -0.9583
vn 0.0471 -0.2707 -0.9615
vn 0.1592 -0.3148 -0.9357
vn 0.3626 -0.0000 -0.9320
vn 0.4473 -0.0000 -0.8944
vn 0.7169 -0.3867 0.5801
vn 0.7364 -0.3645 0.5699
vn 0.6396 -0.4264 0.6396
vn 0.5145 -0.0000 0.8575
vn 0.1561 -0.3123 0.9371
vn 0.1662 -0.3029 0.9384
vn 0.1816 -0.3181 0.9305
vn -0.5346 -0.2672 0.8018
vn 0.2367 0.9298 -0.2820
vn 0.1462 0.9597 -0.2400
vn 0.2850 0.8841 -0.3703
vn 0.9131 -0.2702 -0.3055
vn 0.8537 -0.3783 -0.3580
vn 0.9192 -0.3481 -0.1839
vn 0.9497 -0.2491 -0.1899
vn -0.2251 0.8905 -0.3955
vn -0.2440 0.8966 -0.3696
vn -0.0151 0.9001 -0.4355
vn -0.0118 0.8944 -0.4471
vn 0.9036 0.4200 0.0843
vn 0.8751 0.4773 0.0796
vn 0.8388 0.5243 0.1466
vn 0.8508 0.4759 0.2227
vn 0.8483 -0.2053 -0.4881
vn 0.8314 -0.0403 -0.5542
vn 0.8378 -0.0613 -0.5426
vn 0.8589 -0.2336 -0.4557
vn -0.9209 0.1417 0.3631
vn -0.9213 0.1506 0.3585
vn -0.9099 0.1750 0.3760
vn -0.9098 0.1312 0.3938
vn -0.1308 0.0654 0.9893
vn -0.0705 -0.0187 0.9973
vn -0.0558 -0.1115 0.9922
vn -0.3145 -0.1048 0.9435
vn 0.9016 -0.2150 -0.3754
vn 0.9031 -0.2322 -0.3613
vn 0.9004 -0.2042 -0.3841
vn 0.8980 -0.1854 -0.3991
vn 0.4139 -0.8277 -0.3789
vn 0.4190 -0.8381 -0.3492
vn 0.5045 -0.8429 -0.1870
vn 0.4969 -0.8041 -0.3263
vn 0.9930 0.0101 0.1180
vn 0.9932 -0.0000 0.1168
vn 0.9932 0.0878 0.0768
vn 0.9938 0.0480 0.1002
vn 0.9199 0.1830 -0.3469
vn 0.9194 0.1862 -0.3463
vn 0.7576 -0.4428 0.4796
vn 0.8149 -0.4686 0.3412
vn 0.8204 -0.4378 0.3678
vn 0.7554 -0.4365 0.4888
vn -0.0637 -0.0568 0.9964
vn -0.0466 -0.0972 0.9942
vn -0.1380 -0.0616 0.9885
vn -0.1273 -0.0589 0.9901
vn -0.3123 -0.1562 -0.9371
vn 0.0819 -0.1638 -0.9831
vn 0.0412 -0.0824 -0.9957
vn 0.0351 -0.0703 -0.9969
vn 0.2721 -0.1361 0.9526
vn 0.2722 -0.1361 0.9526
vn 0.1750 -0.7892 -0.5887
vn 0.1536 -0.7936 -0.5887
vn 0.1926 -0.8034 -0.5634
vn 0.2293 -0.8500 -0.4742
vn 0.1751 -0.7892 -0.5887
vn -0.7600 0.1331 0.6361
vn -0.7616 0.1335 0.6341
vn -0.7069 0.1988 0.6788
vn -0.6893 0.1831 0.7009
vn 0.5942 -0.2543 -0.7630
vn 0.5519 -0.2637 -0.7911
vn 0.6562 -0.2386 -0.7159
vn 0.7453 0.6150 -0.2575
vn 0.7840 0.4613 -0.4155
vn 0.7806 0.4656 -0.4169
vn 0.7981 0.5612 -0.2194
vn -0.9412 0.1029 -0.3218
vn -1.0000 -0.0000 -0.0000
vn -0.9999 0.0044 -0.0134
vn -0.9409 0.0685 -0.3318
vn 0.7575 0.0409 0.6515
vn 0.7762 -0.0178 0.6303
vn 0.7585 -0.0519 0.6496
vn 0.7399 -0.0000 0.6727
vn -0.5739 -0.4117 -0.7079
vn -0.6247 -0.4687 -0.6246
vn -0.6238 -0.4423 -0.6444
vn -0.5619 -0.3912 -0.7289
vn -0.6884 -0.2298 -0.6880
vn -0.7028 -0.3328 -0.6287
vn -0.6967 -0.2807 -0.6602
vn -0.6967 -0.2806 -0.6602
vn -0.6778 -0.1783 -0.7133
vn -0.1922 -0.0484 -0.9802
vn -0.1581 -0.1030 -0.9820
vn -0.1668 -0.0986 -0.9811
vn -0.2223 -0.0342 -0.9744
vn 0.9706 0.0783 -0.2278
vn 0.9833 0.0796 -0.1639
vn 0.9587 0.0316 -0.2828
vn 0.9487 -0.0000 -0.3163
vn 0.5128 -0.2715 0.8144
vn 0.7446 -0.3398 0.5746
vn 0.7428 -0.3714 0.5571
vn 0.7359 -0.2819 0.6156
vn 0.7349 -0.2592 0.6267
vn 0.9448 0.3201 0.0694
vn 0.9489 0.2920 -0.1198
vn 0.9682 0.2368 0.0813
vn 0.9667 0.2404 0.0880
vn -0.0595 -0.7325 0.6782
vn 0.0326 -0.8486 0.5281
vn 0.0223 -0.8202 0.5716
vn -0.0896 -0.7263 0.6815
vn 0.6333 -0.2720 -0.7246
vn 0.6882 -0.2295 -0.6882
vn 0.5388 -0.3356 -0.7727
vn 0.5013 -0.3580 -0.7877
vn 0.9833 -0.0010 0.1822
vn 0.9975 0.0673 0.0224
vn 0.9975 0.0595 0.0381
vn 0.9808 -0.0048 0.1952
vn 0.5575 0.1275 0.8203
vn 0.6038 0.1620 0.7805
vn 0.5668 0.1343 0.8128
vn 0.5121 0.0948 0.8537
vn 0.8132 0.1131 0.5710
vn 0.7943 0.1347 0.5924
vn 0.7905 0.1278 0.5989
vn 0.8407 0.1519 0.5198
vn -0.2049 0.8846 -0.4189
vn -0.2540 0.8890 -0.3810
vn -0.2253 0.8868 -0.4035
vn -0.1761 0.8805 -0.4402
vn 0.9204 0.2735 -0.2793
vn 0.2107 -0.1426 0.9671
vn 0.2248 -0.1323 0.9654
vn 0.2115 -0.1421 0.9670
vn 0.1984 -0.1517 0.9683
vn -0.0554 -0.0000 0.9985
vn 0.0659 0.0659 0.9956
vn 0.0096 0.1224 0.9924
vn -0.0396 0.0207 0.9990
vn 0.9061 -0.2963 -0.3021
vn 0.8938 -0.3352 -0.2979
vn 0.8938 -0.3351 -0.2980
vn 0.9050 -0.3284 -0.2703
vn 0.9061 -0.2962 -0.3021
vn -0.0000 -1.0000 -0.0000
vn -0.4604 -0.0997 -0.8821
vn -0.5247 -0.0803 -0.8475
vn -0.5155 -0.0856 -0.8526
vn -0.4376 -0.1056 -0.8929
vn 0.0147 -0.0124 -0.9998
vn -0.0022 -0.0123 -0.9999
vn 0.1748 -0.0167 -0.9845
vn 0.2046 -0.0142 -0.9787
vn 0.1389 -0.9892 -0.0468
vn 0.0632 -0.9974 -0.0359
vn 0.1080 -0.9925 -0.0580
vn 0.1366 -0.9898 -0.0403
vn 0.4195 -0.5036 -0.7553
vn 0.2293 -0.6883 -0.6882
vn 0.6986 -0.0580 -0.7132
vn 0.6793 -0.1535 -0.7177
vn 0.6794 -0.1527 -0.7177
vn 0.7161 -0.0864 -0.6926
vn 0.9653 -0.2325 0.1192
vn 0.9405 -0.3085 0.1427
vn 0.8847 -0.4423 0.1474
vn 0.7023 -0.7022 0.1170
vn 0.1873 0.1573 -0.9696
vn 0.1400 0.1400 -0.9802
vn 0.1426 0.1465 -0.9789
vn 0.2040 0.1704 -0.9640
vn -0.2894 -0.0710 -0.9546
vn -0.2424 -0.0359 -0.9695
vn -0.2763 -0.0490 -0.9598
vn -0.3433 -0.0313 -0.9387
vn -0.2694 0.8647 -0.4239
vn -0.3866 0.8161 -0.4295
vn -0.3700 0.8288 -0.4198
vn -0.2692 0.8639 -0.4257
vn -0.9681 -0.1977 0.1541
vn -0.9653 -0.2325 0.1192
vn -0.9404 -0.3085 0.1428
vn -0.9816 -0.1904 0.0128
vn -0.1456 0.0557 -0.9878
vn -0.1454 0.0610 -0.9875
vn -0.1116 0.0842 -0.9902
vn -0.0823 0.0755 -0.9937
vn 0.4699 0.8826 -0.0163
vn 0.5159 0.8474 -0.1252
vn 0.4977 0.8635 -0.0816
vn 0.4472 0.8944 -0.0000
vn 0.3665 -0.0000 -0.9304
vn 0.9214 0.2173 -0.3222
vn 0.9300 0.1973 -0.3100
vn 0.9160 0.2291 -0.3293
vn 0.9072 0.2474 -0.3402
vn -0.4068 -0.4123 0.8152
vn -0.4262 -0.3552 0.8320
vn -0.4025 -0.4242 0.8112
vn -0.3872 -0.4646 0.7964
vn -0.5884 0.0695 -0.8056
vn -0.5495 0.0436 -0.8344
vn -0.6511 0.0413 -0.7579
vn -0.7159 0.0988 -0.6912
vn -0.0578 -0.1735 -0.9831
vn 0.3134 -0.1328 -0.9403
vn 0.2978 -0.1431 -0.9438
vn 0.3145 -0.1048 -0.9435
vn -0.1826 -0.1861 0.9654
vn -0.2232 -0.1209 0.9672
vn -0.0450 -0.1828 0.9821
vn -0.1792 -0.2034 0.9626
vn -0.2756 -0.0268 0.9609
vn -0.2990 -0.0114 0.9542
vn -0.3162 -0.0000 0.9487
vn -0.5547 -0.0000 0.8320
vn 0.2711 -0.0591 -0.9608
vn 0.2373 -0.1017 -0.9661
vn 0.2934 0.0151 -0.9559
vn 0.3092 0.0342 -0.9504
vn -0.1917 0.9324 0.3063
vn -0.2230 0.9148 0.3369
vn -0.3941 0.8668 0.3054
vn -0.3853 0.8879 0.2513
vn 0.0007 -0.1805 0.9836
vn -0.0000 -0.2631 0.9648
vn -0.6207 -0.2546 0.7416
vn -0.6276 -0.2478 0.7381
vn -0.6138 -0.3268 0.7186
vn -0.6166 -0.3267 0.7163
vn -0.9487 -0.0000 -0.3162
vn -0.9212 -0.3071 -0.2388
vn 0.8360 -0.5267 -0.1539
vn 0.9216 -0.3390 -0.1891
vn 0.9274 -0.3599 -0.1021
vn 0.8437 -0.5272 -0.1008
vn 0.9489 0.0963 -0.3005
vn 0.9608 0.0397 -0.2745
vn 0.9588 0.0431 -0.2808
vn 0.9435 0.1048 -0.3144
vn 0.9128 0.1868 0.3633
vn 0.6811 0.2688 0.6811
vn -0.6960 -0.4069 -0.5916
vn -0.6971 -0.4249 -0.5775
vn -0.6353 -0.4287 -0.6423
vn -0.6389 -0.4267 -0.6402
vn 0.3937 0.3201 0.8617
vn 0.4390 0.3176 0.8404
vn 0.4191 0.3066 0.8546
vn 0.4061 0.3150 0.8578
vn 0.9228 -0.3393 -0.1828
vn 0.9643 -0.1928 -0.1815
vn 0.9580 -0.2214 -0.1821
vn 0.9129 -0.3652 -0.1826
vn -0.5884 -0.7844 0.1962
vn -0.5935 -0.6594 0.4616
vn -0.6555 0.7518 -0.0723
vn -0.7058 0.7058 0.0607
vn -0.7455 0.6655 0.0347
vn -0.7455 0.6656 0.0347
vn -0.5934 0.7911 -0.1483
vn -0.6554 0.7518 -0.0723
vn -0.4864 0.8736 0.0180
vn -0.4673 0.8826 0.0519
vn -0.5054 0.8627 -0.0173
vn -0.5054 0.8627 -0.0174
vn -0.5209 0.8523 -0.0473
vn 0.9771 -0.1506 -0.1506
vn 0.9428 -0.2357 -0.2357
vn 0.9791 -0.1573 -0.1289
vn 0.9791 -0.1573 -0.1288
vn 0.9583 -0.2427 -0.1509
vn 0.9771 -0.1505 -0.1505
vn 0.6039 0.7188 0.3445
vn 0.6944 0.6221 0.3616
vn 0.6927 0.6170 0.3734
vn 0.5844 0.7305 0.3533
vn 0.5790 -0.8153 -0.0120
vn 0.5834 -0.8064 -0.0972
vn 0.5830 -0.8081 -0.0844
vn 0.5780 -0.8160 -0.0000
vn -0.5180 0.1874 0.8346
vn -0.5130 0.1884 0.8375
vn -0.6943 0.1451 0.7049
vn -0.6998 0.1435 0.6998
vn -0.7809 -0.1566 0.6048
vn -0.7851 -0.0746 0.6148
vn -0.8550 -0.0934 0.5102
vn -0.8306 -0.2249 0.5094
vn 0.9191 -0.0000 -0.3940
vn -0.2422 0.5382 -0.8072
vn -0.4656 0.6985 -0.5434
vn -0.7610 -0.5354 -0.3664
vn -0.6358 -0.7569 -0.1514
vn -0.6362 -0.7484 -0.1876
vn -0.4969 -0.8041 -0.3263
vn 0.4896 0.6854 -0.5390
vn 0.4975 0.7107 -0.4975
vn 0.4877 0.6705 -0.5590
vn 0.4856 0.6550 -0.5789
vn 0.6207 -0.2546 0.7416
vn 0.6166 -0.3267 0.7163
vn 0.6138 -0.3268 0.7186
vn 0.6276 -0.2478 0.7381
vn 0.0265 0.8029 0.5955
vn -0.0000 0.8321 0.5547
vn 0.0973 0.8050 0.5853
vn 0.0754 0.8529 0.5166
vn -0.5503 -0.2375 -0.8005
vn -0.6351 -0.2696 -0.7238
vn -0.6242 -0.1266 -0.7709
vn -0.5800 -0.0644 -0.8120
vn -0.9620 -0.2165 -0.1664
vn -0.9156 -0.2693 -0.2986
vn -0.9205 -0.2673 -0.2851
vn -0.9685 -0.2068 -0.1384
vn -0.9514 -0.2589 0.1667
vn -0.9354 -0.2963 0.1930
vn -0.9357 -0.2912 0.1994
vn -0.9579 -0.2524 0.1369
vn -0.4445 -0.5163 0.7320
vn -0.4706 -0.5294 0.7059
vn -0.4518 -0.5200 0.7249
vn -0.4195 -0.5035 0.7553
vn 0.1085 0.0934 0.9897
vn 0.1565 0.1157 0.9809
vn 0.1888 0.1453 0.9712
vn 0.1359 0.1375 0.9811
vn -0.7446 -0.3398 0.5746
vn -0.7349 -0.2592 0.6267
vn -0.7359 -0.2819 0.6156
vn -0.7428 -0.3714 0.5571
vn 0.7140 -0.1446 -0.6851
vn 0.7146 -0.1434 -0.6847
vn 0.7140 -0.1346 -0.6871
vn 0.7007 -0.1665 -0.6937
vn 0.4916 0.7940 0.3577
vn 0.5246 0.7264 0.4439
vn 0.4662 0.7422 0.4815
vn 0.4742 0.7890 0.3907
vn -0.8472 -0.2630 0.4616
vn -0.8289 -0.1767 0.5307
vn -0.8556 -0.1864 0.4829
vn -0.8197 -0.2807 0.4993
vn -0.9739 -0.0702 -0.2160
vn -0.9938 -0.0497 -0.0994
vn -0.9872 -0.0712 -0.1424
vn -0.9659 -0.0815 -0.2457
vn -0.8273 -0.5611 -0.0253
vn -0.8320 -0.5547 -0.0000
vn -0.7795 -0.6252 -0.0385
vn -0.8051 -0.5912 -0.0479
vn 0.7620 0.1054 -0.6390
vn 0.7944 0.1176 -0.5959
vn 0.7141 0.1842 -0.6754
vn 0.6756 0.1335 -0.7251
vn -0.3002 0.5187 0.8005
vn -0.3334 0.4430 0.8322
vn -0.2899 0.5639 0.7733
vn 0.1515 0.5307 0.8339
vn 0.9967 0.0740 0.0325
vn 0.9945 0.1029 -0.0206
vn 0.9545 0.1789 -0.2386
vn 0.9670 0.0807 -0.2417
vn 0.9679 0.0677 -0.2419
vn 0.8018 0.2674 0.5344
vn 0.9370 0.1563 0.3124
vn 0.9403 0.1328 0.3134
vn 0.9357 0.0723 0.3454
vn 0.7068 0.0314 -0.7068
vn 0.7070 -0.0199 -0.7070
vn 0.7079 0.0320 -0.7056
vn 0.4472 -0.8945 -0.0000
vn 0.5389 -0.8424 -0.0000
vn 0.5390 -0.8423 -0.0000
vn 0.4472 -0.8944 -0.0000
vn -0.2694 0.2694 0.9246
vn -0.2677 0.2677 0.9256
vn -0.3015 0.3015 0.9045
vn -0.0000 0.3162 0.9487
vn -0.8085 0.4774 0.3442
vn -0.7293 0.4199 0.5402
vn -0.7461 0.4281 0.5099
vn -0.8109 0.4869 0.3246
vn 0.1322 0.3766 -0.9169
vn 0.0848 0.3491 -0.9332
vn 0.1194 0.4440 -0.8880
vn 0.2181 0.5181 -0.8271
vn -0.9694 -0.2309 -0.0832
vn -0.9249 -0.3491 -0.1509
vn -0.9384 -0.3189 -0.1333
vn -0.9864 -0.1644 -0.0000
vn 0.9680 -0.0352 -0.2486
vn 0.9323 -0.2330 -0.2768
vn 0.9409 -0.2007 -0.2729
vn 0.9701 -0.0000 -0.2425
vn 0.4947 0.4947 0.7145
vn -0.3895 0.8346 0.3895
vn -0.3807 0.8427 0.3807
vn -0.3810 0.8425 0.3809
vn 0.1390 0.5473 0.8253
vn 0.1255 0.5647 0.8157
vn 0.1368 0.5502 0.8238
vn 0.1516 0.5306 0.8339
vn -0.8312 0.0621 0.5525
vn -0.8300 0.0692 0.5534
vn -0.8386 0.0086 0.5447
vn -0.8396 -0.0000 0.5433
vn 0.9828 -0.0358 -0.1813
vn 0.9797 -0.0414 -0.1959
vn 0.9998 -0.0056 -0.0184
vn -0.0000 0.1738 0.9848
vn 0.1707 0.1676 0.9710
vn 0.2747 -0.0000 -0.9615
vn 0.1385 -0.1772 -0.9744
vn 0.1367 -0.1772 -0.9746
vn 0.1931 -0.1755 -0.9654
vn 0.1931 -0.1755 -0.9653
vn 0.1385 -0.1771 -0.9744
vn 0.5153 0.8001 0.3070
vn 0.5271 0.7907 0.3115
vn 0.4498 0.8476 0.2815
vn 0.4302 0.8603 0.2737
vn -0.3202 0.0907 -0.9430
vn -0.3183 0.0910 -0.9436
vn -0.3253 0.0882 -0.9415
vn -0.3358 0.0873 -0.9379
vn 0.8619 0.1819 0.4734
vn 0.8608 0.2216 0.4582
vn -0.4359 0.8484 0.3004
vn -0.1854 0.9056 0.3814
vn -0.1260 0.9220 0.3661
vn -0.3416 0.8964 0.2823
vn 0.0934 0.2228 0.9704
vn 0.0905 0.2289 0.9692
vn 0.1091 0.1147 0.9874
vn 0.1106 0.1037 0.9884
vn -0.9757 0.0417 -0.2153
vn -0.9837 0.0737 -0.1639
vn -0.9860 -0.0274 -0.1643
vn -0.9237 0.1016 -0.3695
vn -0.9374 0.0906 -0.3363
vn -0.9176 0.1529 -0.3670
vn -0.9017 -0.0285 0.4315
vn -0.8925 -0.0213 0.4505
vn -0.9235 -0.1434 0.3559
vn -0.9321 -0.1398 0.3341
vn -0.5581 0.4611 0.6899
vn -0.5815 0.4550 0.6745
vn -0.3446 -0.8994 -0.2691
vn -0.4015 -0.9096 -0.1066
vn -0.4073 -0.9060 -0.1156
vn -0.3389 -0.8947 -0.2910
vn -0.8982 0.1633 0.4082
vn -0.8997 0.1184 0.4202
vn -0.8997 0.1170 0.4206
vn -0.8981 0.1633 0.4083
vn -0.2367 0.6870 0.6870
vn -0.2383 0.7210 0.6507
vn -0.1741 0.6963 0.6963
vn -0.3192 -0.1513 0.9355
vn -0.3785 -0.1081 0.9193
vn -0.9768 0.1453 -0.1571
vn -0.9881 0.0750 -0.1341
vn -0.9871 0.0662 -0.1458
vn -0.9763 0.1429 -0.1627
vn -0.4527 0.5625 0.6919
vn -0.4664 0.5553 0.6886
vn -0.4641 0.6064 0.6457
vn -0.4602 0.6172 0.6381
vn 0.8761 -0.2529 -0.4104
vn 0.8649 -0.2623 -0.4279
vn 0.8638 -0.2592 -0.4320
vn 0.5962 -0.7454 -0.2981
vn 0.5739 -0.7818 -0.2440
vn 0.6039 -0.7453 -0.2827
vn 0.3659 0.7318 -0.5750
vn 0.0155 0.9150 -0.4032
vn 0.3952 0.7487 -0.5322
vn 0.3338 0.7890 -0.5158
vn 0.3049 0.7753 -0.5531
vn 0.3911 0.7378 -0.5502
vn 0.5930 -0.1022 0.7987
vn 0.5744 -0.1046 0.8119
vn 0.7536 -0.6133 0.2367
vn 0.7925 -0.5800 0.1885
vn 0.7899 -0.5835 0.1885
vn 0.7538 -0.6184 0.2223
vn -0.4575 -0.7625 -0.4575
vn -0.7634 -0.5937 -0.2544
vn 0.8997 -0.4217 0.1125
vn -0.5812 -0.1045 0.8070
vn -0.5880 -0.1706 0.7907
vn -0.5889 -0.1670 0.7907
vn -0.5749 -0.0966 0.8125
vn 0.8165 0.5532 0.1650
vn 0.8094 0.5579 0.1837
vn 0.8434 0.5305 0.0849
vn 0.8683 0.4961 -0.0000
vn -0.8477 0.1306 0.5142
vn -0.6738 0.2279 0.7029
vn -0.8290 0.1264 0.5448
vn -0.8299 0.1440 0.5390
vn -0.8551 -0.5170 0.0383
vn -0.8786 -0.4554 0.1437
vn -0.8657 -0.4967 -0.0629
vn -0.8657 -0.4966 -0.0629
vn -0.8768 -0.4783 -0.0498
vn 0.5599 -0.0990 -0.8226
vn 0.5340 -0.2685 -0.8017
vn 0.5538 -0.1808 -0.8128
vn 0.5431 -0.0835 -0.8355
vn 0.1785 0.2401 -0.9542
vn 0.1721 0.2612 -0.9498
vn 0.1488 0.3349 -0.9304
vn -0.0174 0.0695 -0.9974
vn -0.0179 0.0714 -0.9973
vn -0.0395 0.1579 -0.9867
vn -0.3432 -0.5923 0.7290
vn -0.2786 -0.5126 0.8122
vn -0.2823 -0.5120 0.8113
vn -0.3507 -0.6206 0.7014
vn -0.7656 -0.6433 -0.0055
vn -0.8537 -0.5188 0.0458
vn -0.8320 -0.5537 -0.0348
vn -0.5883 -0.7845 -0.1961
vn -0.6013 -0.7735 -0.2004
vn -0.7655 -0.6434 -0.0055
vn -0.9679 0.0677 -0.2419
vn -0.9670 0.0807 -0.2417
vn -0.9545 0.1789 -0.2386
vn -0.9945 0.1029 -0.0206
vn -0.9967 0.0739 0.0325
vn -0.8329 0.4204 0.3599
vn -0.7881 0.3753 0.4879
vn -0.8849 0.4137 0.2141
vn 0.5156 0.0412 -0.8558
vn 0.4150 0.1383 -0.8992
vn 0.4930 0.0640 -0.8677
vn 0.5175 -0.2662 -0.8132
vn 0.6617 0.1800 -0.7278
vn 0.6671 0.1831 -0.7221
vn 0.6278 0.1860 -0.7558
vn 0.6188 0.1782 -0.7651
vn -0.4575 -0.7624 -0.4576
vn -0.0053 0.6770 -0.7360
vn -0.1795 0.6956 -0.6956
vn 0.1100 0.5621 -0.8197
vn 0.1439 0.5845 -0.7985
vn -0.1013 0.2809 0.9544
vn -0.1490 0.1338 0.9797
vn -0.1313 0.1562 0.9790
vn -0.0939 0.2940 0.9512
vn 0.1397 0.1210 0.9828
vn 0.1442 0.1172 0.9826
vn 0.1307 0.1195 0.9842
vn 0.1231 0.1231 0.9847
vn -0.0779 -0.2663 0.9607
vn -0.0919 -0.2549 0.9626
vn -0.0658 -0.2936 0.9537
vn -0.0498 -0.3042 0.9513
vn -0.9825 0.0208 -0.1853
vn -0.9976 0.0672 -0.0168
vn -0.9976 0.0599 -0.0336
vn -0.9798 0.0187 -0.1990
vn -0.3485 0.0857 -0.9334
vn -0.4023 0.1229 -0.9072
vn -0.2651 0.0889 -0.9601
vn -0.2551 0.0838 -0.9633
vn 0.8239 -0.5438 -0.1594
vn 0.8063 -0.5776 -0.1275
vn 0.8313 -0.5471 -0.0983
vn 0.8354 -0.5389 -0.1078
vn 0.4797 0.4810 -0.7339
vn 0.4753 0.4867 -0.7329
vn 0.6614 0.4266 -0.6168
vn 0.6560 0.4304 -0.6200
vn 0.2368 0.2793 -0.9305
vn 0.2321 0.2901 -0.9284
vn 0.9115 0.3400 0.2313
vn 0.9042 0.3474 0.2486
vn -0.4391 -0.1897 0.8782
vn -0.4240 -0.3180 0.8480
vn -0.3958 -0.0788 0.9150
vn -0.4063 -0.0207 0.9135
vn -0.4011 0.2249 0.8880
vn -0.3200 0.4314 0.8435
vn -0.4592 0.3155 0.8304
vn -0.5348 0.1536 0.8309
vn 0.8975 -0.4149 -0.1496
vn 0.9111 -0.3876 -0.1399
vn 0.9081 -0.3904 -0.1513
vn 0.8992 -0.4091 -0.1552
vn 0.2747 -0.0000 0.9615
vn 0.2623 0.0625 0.9630
vn 0.2672 0.0541 0.9621
vn 0.8910 0.1437 0.4307
vn 0.8895 0.2865 0.3559
vn 0.8853 0.2528 0.3903
vn 0.8775 0.1109 0.4666
vn -0.9449 -0.2636 0.1940
vn -0.9418 -0.2690 0.2018
vn -0.9484 -0.2574 0.1851
vn -0.9534 -0.2479 0.1717
vn 0.8458 0.0720 -0.5287
vn 0.8274 0.2425 -0.5065
vn 0.8425 0.2849 -0.4572
vn 0.8562 0.0426 -0.5150
vn 0.9260 0.3393 -0.1653
vn 0.8893 0.3027 -0.3429
vn 0.8641 0.2412 -0.4418
vn 0.8641 0.2412 -0.4419
vn 0.8415 0.1923 -0.5049
vn -0.7018 0.4513 -0.5512
vn -0.7033 0.5224 -0.4822
vn -0.5774 0.4675 -0.6693
vn -0.6181 0.2487 -0.7457
vn 0.0589 0.0589 -0.9965
vn -0.0457 0.1955 -0.9796
vn -0.6938 -0.1816 0.6968
vn -0.6627 -0.1442 0.7349
vn -0.6655 -0.1435 0.7324
vn -0.6933 -0.1654 0.7014
vn -0.1645 -0.2585 0.9519
vn 0.7382 0.6049 -0.2985
vn 0.7454 0.5963 -0.2981
vn 0.6898 0.6591 -0.2997
vn 0.6746 0.6746 -0.2998
vn 0.1741 0.6963 0.6963
vn 0.2413 0.6862 0.6862
vn 0.2772 0.6993 0.6589
vn -0.1410 -0.0783 0.9869
vn -0.1037 -0.1071 0.9888
vn 0.2571 -0.4748 0.8417
vn 0.1474 -0.4423 0.8847
vn 0.1874 -0.4393 0.8786
vn 0.2764 -0.4854 0.8295
vn -0.0000 -0.8944 -0.4472
vn -0.3162 -0.9487 -0.0000
vn 0.8105 -0.4187 0.4097
vn 0.8229 -0.3970 0.4066
vn 0.8642 -0.3143 0.3928
vn -0.0883 -0.4244 0.9012
vn -0.0568 -0.4240 0.9039
vn 0.0745 -0.3714 0.9255
vn 0.0539 -0.3329 0.9414
vn -0.2727 -0.6143 0.7405
vn -0.3300 -0.6244 0.7079
vn -0.2658 -0.6643 0.6986
vn -0.2722 -0.6803 0.6805
vn -0.7796 -0.6101 -0.1413
vn -0.8107 -0.5405 -0.2252
vn -0.7861 -0.5978 -0.1570
vn -0.8437 -0.5272 -0.1009
vn -0.2895 -0.2591 -0.9214
vn -0.1159 -0.2048 -0.9719
vn -0.2695 0.2450 -0.9313
vn -0.2905 0.1477 -0.9454
vn -0.2914 0.1429 -0.9459
vn -0.2625 0.2327 -0.9365
vn -0.8879 -0.0837 -0.4525
vn -0.8909 -0.0891 -0.4454
vn -0.8744 -0.1583 -0.4586
vn -0.8695 -0.1471 -0.4715
vn 0.0273 0.9426 0.3327
vn 0.1854 0.9056 0.3814
vn 0.1260 0.9220 0.3661
vn -0.0982 0.8913 0.4427
vn -0.9583 0.0529 0.2808
vn -0.9566 0.0517 0.2866
vn -0.9730 0.1521 0.1735
vn -0.9721 0.1625 0.1689
vn 0.9336 -0.3575 -0.0253
vn 0.9365 -0.3446 0.0649
vn 0.9597 -0.2695 0.0796
vn 0.9622 -0.2685 -0.0448
vn -0.1175 -0.9421 0.3140
vn -0.1190 -0.9410 0.3167
vn -0.2591 -0.9163 0.3054
vn -0.3034 -0.9094 0.2846
vn 0.9425 -0.1142 -0.3142
vn 0.5587 0.0306 0.8288
vn 0.5621 0.0356 0.8263
vn 0.5749 -0.0966 0.8125
vn 0.5812 -0.1045 0.8070
vn 0.8551 -0.5170 0.0383
vn 0.8768 -0.4783 -0.0498
vn 0.8657 -0.4966 -0.0629
vn 0.8786 -0.4554 0.1437
vn -0.0000 -0.0000 1.0000
vn 0.9373 -0.1961 0.2880
vn 0.9579 -0.2523 0.1368
vn 0.9514 -0.2589 0.1666
vn 0.9412 -0.1868 0.2815
vn 0.8241 0.4339 -0.3641
vn 0.8226 0.4499 -0.3478
vn 0.8570 0.3494 -0.3789
vn 0.8569 0.3393 -0.3880
vn -0.6753 0.0307 0.7369
vn -0.6766 0.0295 0.7358
vn -0.6448 0.0586 0.7621
vn -0.5175 -0.2662 -0.8132
vn -0.4073 -0.3126 -0.8582
vn -0.4309 -0.3508 -0.8314
vn -0.0000 0.9285 -0.3714
vn 0.8536 0.2829 -0.4374
vn 0.8723 0.2445 -0.4234
vn 0.8634 0.2565 -0.4344
vn 0.8538 0.2831 -0.4369
vn 0.5060 0.7338 0.4533
vn 0.4297 0.8101 0.3989
vn 0.3498 0.8061 0.4774
vn 0.4161 0.7314 0.5403
vn 0.2700 0.0185 -0.9627
vn 0.2776 0.0346 -0.9601
vn -0.9761 0.0971 0.1943
vn -0.9480 0.0732 0.3096
vn -0.9558 0.0666 0.2865
vn -0.9875 0.0705 0.1411
vn 0.9234 0.2514 -0.2901
vn 0.8865 0.3231 -0.3314
vn 0.9012 0.3056 -0.3072
vn 0.9305 0.2396 -0.2769
vn 0.1581 -0.1030 -0.9820
vn 0.1668 -0.0986 -0.9811
vn 0.1271 -0.1331 -0.9829
vn 0.1402 -0.1266 -0.9820
vn -0.1773 -0.9818 -0.0683
vn -0.2958 -0.8544 -0.4273
vn 0.9490 -0.3032 0.0870
vn 0.9527 -0.2473 0.1766
vn 0.8111 -0.4000 0.4267
vn 0.7212 -0.5409 0.4328
vn 0.7506 -0.5160 0.4128
vn 0.8275 -0.3796 0.4137
vn 0.8110 -0.3998 0.4272
vn -0.9964 0.0834 -0.0116
vn -0.9950 0.0995 -0.0000
vn 0.9762 -0.0000 0.2169
vn 0.8850 -0.4636 0.0421
vn 0.8585 -0.4974 0.1248
vn 0.8614 -0.4926 0.1237
vn 0.6448 0.6448 0.4104
vn 0.4473 0.7938 0.4119
vn 0.4511 0.7894 0.4163
vn -0.6077 0.0517 -0.7925
vn -0.7082 -0.0023 -0.7061
vn -0.5437 -0.0843 -0.8350
vn -0.5124 -0.1062 -0.8521
vn -0.9548 0.0519 -0.2927
vn -0.9566 0.0471 -0.2874
vn -0.9551 0.0773 -0.2861
vn -0.9589 0.0634 -0.2764
vn -0.6000 -0.0000 0.8000
vn 0.3075 0.5049 -0.8066
vn 0.2245 0.5405 -0.8108
vn 0.3931 -0.1478 -0.9075
vn 0.3676 -0.1437 -0.9188
vn 0.4125 0.0057 -0.9110
vn 0.4469 0.0372 -0.8938
vn -0.8908 0.2227 0.3960
vn -0.8908 0.2228 0.3960
vn -0.9326 0.2331 0.2755
vn -0.9376 0.2253 0.2649
vn -0.0035 -1.0000 0.0033
vn -0.0552 -0.9870 -0.1506
vn -0.0426 -0.9891 -0.1411
vn -0.0081 -0.9999 0.0074
vn -0.9191 -0.0000 -0.3939
vn 0.5289 0.0801 0.8449
vn 0.5348 -0.0088 0.8449
vn 0.3916 0.1162 0.9128
vn 0.8970 -0.3455 -0.2757
vn 0.8729 -0.4364 -0.2182
vn 0.8971 -0.3448 -0.2761
vn 0.9083 -0.2711 -0.3186
vn -0.9793 -0.2020 0.0111
vn -0.9910 -0.1285 0.0367
vn -0.9934 -0.1057 0.0452
vn -0.9673 -0.2433 0.0711
vn 0.2411 -0.2750 -0.9307
vn 0.2495 -0.2675 -0.9307
vn -0.6665 -0.7383 0.1037
vn -0.6755 -0.7295 0.1079
vn -0.5928 -0.8023 0.0707
vn -0.5800 -0.8120 0.0652
vn 0.3899 -0.0946 0.9160
vn 0.3134 -0.1343 0.9401
vn 0.3609 -0.1099 0.9261
vn 0.4463 -0.0638 0.8926
vn 0.4935 0.2698 0.8268
vn 0.5985 0.2593 0.7580
vn 0.5966 0.2848 0.7503
vn 0.5072 0.3087 0.8047
vn -0.0887 0.1977 -0.9762
vn -0.1083 0.1975 -0.9743
vn -0.1322 0.3766 -0.9169
vn -0.0873 0.3492 -0.9330
vn 0.6281 -0.2617 0.7328
vn 0.7071 -0.0000 0.7071
vn 0.7153 -0.0565 0.6965
vn 0.7231 -0.1404 0.6763
vn -0.7759 0.4248 -0.4665
vn -0.7654 0.4783 -0.4306
vn -0.7859 0.3319 -0.5217
vn -0.7875 0.2684 -0.5548
vn -0.9101 -0.3132 -0.2713
vn -0.9039 -0.3437 -0.2546
vn -0.9069 -0.3298 -0.2623
vn -0.9124 -0.3004 -0.2782
vn -0.3633 -0.3845 -0.8486
vn -0.3637 -0.3839 -0.8487
vn -0.3301 -0.3710 -0.8680
vn -0.2962 -0.3550 -0.8867
vn 0.7407 -0.3780 -0.5555
vn 0.7117 -0.4488 -0.5405
vn 0.7136 -0.4520 -0.5353
vn 0.4930 0.8539 0.1667
vn 0.5006 0.8347 0.2294
vn 0.5222 0.8491 0.0797
vn 0.5412 0.8327 -0.1171
vn 0.9442 -0.2743 0.1823
vn 0.9498 -0.2698 0.1583
vn 0.9673 -0.2433 0.0711
vn 0.9403 -0.2746 0.2013
vn -0.7845 0.1962 -0.5884
vn -0.7825 0.2077 -0.5869
vn -0.7819 0.2114 -0.5865
vn -0.7845 0.1962 -0.5883
vn -0.9198 0.3639 0.1466
vn -0.9257 0.3390 0.1677
vn -0.9219 0.3555 0.1538
vn -0.9148 0.3822 0.1307
vn 0.7533 -0.2636 -0.6026
vn 0.7575 -0.1360 -0.6385
vn 0.7705 -0.1622 -0.6164
vn 0.7367 -0.2452 -0.6302
vn -0.5089 0.7973 -0.3245
vn -0.4450 0.8010 -0.4005
vn -0.5218 0.7883 -0.3260
vn -0.5908 0.7834 -0.1932
vn 0.9827 -0.1853 -0.0002
vn 0.9771 -0.2124 0.0091
vn 0.9784 -0.1970 0.0627
vn 0.9844 -0.1758 -0.0000
vn 0.6098 -0.7911 -0.0475
vn 0.5281 -0.8343 -0.1584
vn 0.5677 -0.8116 -0.1375
vn 0.6280 -0.7779 -0.0227
vn 0.2219 0.1939 0.9556
vn 0.2381 0.1917 0.9521
vn 0.0166 0.2156 0.9763
vn -0.0000 0.2169 0.9762
vn -0.3048 -0.5283 -0.7925
vn -0.6906 -0.7207 -0.0604
vn -0.1633 -0.8981 -0.4083
vn -0.2033 -0.8802 -0.4289
vn -0.2486 -0.8570 -0.4514
vn -0.9284 0.2321 0.2902
vn -0.8775 0.1109 0.4665
vn -0.8910 0.1436 0.4306
vn -0.8944 -0.0000 0.4472
vn -0.6943 -0.0987 0.7129
vn -0.7046 -0.0840 0.7046
vn -0.9902 -0.0959 -0.1011
vn -0.9633 -0.2536 -0.0882
vn -0.9785 -0.1727 -0.1127
vn -0.9889 -0.0291 -0.1454
vn 0.8384 0.5031 -0.2096
vn -0.7234 0.1946 0.6625
vn -0.5957 0.4475 0.6670
vn -0.7340 0.3473 0.5836
vn -0.8031 0.1886 0.5653
vn -0.4286 -0.8571 -0.2857
vn -0.4287 -0.8571 -0.2857
vn -0.6130 -0.3545 0.7061
vn -0.6163 -0.3522 0.7044
vn 0.9871 0.0823 0.1372
vn 0.9914 0.1161 0.0597
vn 0.4279 0.9033 0.0317
vn 0.4944 0.8653 -0.0823
vn 0.4660 0.8842 -0.0318
vn 0.3863 0.9173 0.0965
vn 0.2098 0.5309 0.8210
vn 0.3076 0.4792 0.8221
vn 0.2874 0.4936 0.8208
vn 0.1286 0.5961 0.7926
vn 0.7071 -0.0000 -0.7071
vn -0.4101 0.2050 0.8887
vn -0.4101 0.2051 0.8887
vn -0.8871 -0.4124 0.2073
vn -0.8668 -0.4539 0.2063
vn -0.9225 -0.3161 0.2218
vn -0.9188 -0.3208 0.2299
vn 0.3140 -0.8443 -0.4342
vn 0.1886 -0.8783 -0.4393
vn 0.2929 -0.8516 -0.4347
vn 0.4083 -0.8165 -0.4083
vn 0.9896 0.1042 -0.0997
vn 0.9889 0.0751 0.1280
vn 0.9890 0.1106 0.0980
vn 0.9929 0.1179 0.0147
vn -0.6854 -0.2460 -0.6854
vn 0.6931 -0.1814 -0.6977
vn 0.6673 -0.2355 -0.7065
vn -0.8957 -0.4440 0.0228
vn -0.8873 -0.4597 0.0369
vn -0.9114 -0.4027 0.0848
vn -0.9111 -0.4112 0.0282
vn -0.7074 -0.0021 -0.7068
vn -0.6804 0.2310 -0.6954
vn -0.6677 0.2189 -0.7115
vn -0.7057 0.0136 -0.7083
vn 0.9618 -0.0896 -0.2588
vn 0.9423 -0.1458 -0.3013
vn 0.9740 -0.1215 -0.1911
vn 0.9807 -0.0726 -0.1816
vn -0.0000 -0.4471 0.8945
vn -0.0000 -0.3469 0.9379
vn -0.0000 -0.3397 0.9406
vn -0.2208 0.5638 -0.7959
vn -0.2141 0.6060 -0.7661
vn -0.0752 0.5693 -0.8187
vn -0.0533 0.5670 -0.8220
vn -0.9220 -0.1879 0.3386
vn -0.9149 -0.1940 0.3541
vn 0.4260 -0.6090 0.6691
vn 0.4252 -0.5847 0.6909
vn 0.4255 -0.5925 0.6840
vn 0.4261 -0.6156 0.6629
vn -0.9045 0.3015 0.3015
vn -0.9061 0.3081 0.2900
vn -0.8619 0.4090 0.2997
vn -0.8710 0.3963 0.2903
vn 0.8338 -0.2398 0.4972
vn 0.8056 -0.2256 0.5478
vn 0.8202 -0.2058 0.5338
vn 0.8347 -0.2498 0.4909
vn 0.9045 -0.4249 -0.0375
vn 0.9176 -0.3819 -0.1100
vn 0.9009 -0.4315 -0.0468
vn 0.8660 -0.4799 -0.1407
vn -0.8036 -0.3672 -0.4684
vn -0.7802 -0.4071 -0.4749
vn -0.8353 -0.3061 -0.4566
vn -0.8560 -0.2605 -0.4466
vn 0.1946 0.0277 -0.9805
vn 0.1493 -0.0891 -0.9848
vn 0.1532 -0.0994 -0.9832
vn 0.2235 -0.0173 -0.9746
vn 0.6373 -0.4332 0.6373
vn 0.6400 -0.4253 0.6400
vn 0.6509 -0.3906 0.6509
vn 0.4662 -0.2797 0.8393
vn -0.6303 0.1221 0.7667
vn -0.5329 0.0267 0.8458
vn -0.5437 0.2030 0.8144
vn -0.6503 0.2919 0.7014
vn -0.9715 -0.0807 0.2227
vn -0.9718 -0.0572 0.2287
vn -0.9718 -0.0572 0.2286
vn -0.9683 -0.0754 0.2383
vn -0.4861 0.7170 0.4995
vn -0.4964 0.7260 0.4759
vn -0.9503 -0.2962 -0.0960
vn -0.9941 -0.0728 -0.0807
vn 0.1315 -0.2404 -0.9617
vn -0.0695 -0.2419 -0.9678
vn -0.0680 -0.2419 -0.9679
vn 0.1238 -0.2468 -0.9611
vn -0.8082 0.3030 -0.5051
vn -0.9033 -0.1129 -0.4140
vn -0.3728 0.6778 0.6337
vn -0.2770 0.7153 0.6416
vn -0.3111 0.7556 0.5764
vn -0.3685 0.7097 0.6005
vn -0.9985 0.0168 -0.0519
vn -0.9982 0.0599 0.0075
vn -0.9947 0.0437 0.0935
vn -0.9917 0.0044 0.1284
vn -0.0106 -0.1394 0.9902
vn -0.1580 -0.1782 0.9712
vn -0.4838 0.6452 0.5913
vn -0.4811 0.6114 0.6282
vn -0.4992 0.5474 0.6716
vn -0.7998 0.5762 0.1682
vn -0.8729 0.4603 0.1616
vn -0.8543 0.5127 0.0854
vn 0.9152 0.3990 0.0558
vn 0.9303 0.3489 -0.1128
vn 0.9147 0.3901 -0.1058
vn 0.8809 0.4562 0.1258
vn 0.9152 0.3991 0.0558
vn 0.7138 -0.0811 -0.6956
vn 0.7044 -0.0867 -0.7044
vn 0.7418 -0.1044 -0.6625
vn 0.7559 -0.0945 -0.6479
vn 0.1354 -0.2256 -0.9648
vn 0.1395 -0.1613 -0.9770
vn 0.2249 -0.1190 -0.9671
vn 0.2008 -0.2306 -0.9521
vn 0.7096 -0.1821 0.6807
vn 0.7081 -0.1836 0.6818
vn 0.7114 -0.1803 0.6793
vn 0.7134 -0.1783 0.6777
vn 0.8320 -0.5548 -0.0000
vn 0.8523 -0.0474 0.5209
vn 0.7575 -0.1961 0.6227
vn 0.7424 -0.1539 0.6521
vn 0.7583 -0.1559 0.6330
vn 0.7601 -0.1968 0.6194
vn -0.0000 -0.1133 0.9936
vn -0.0000 -0.1325 0.9912
vn -0.1118 0.8583 -0.5007
vn -0.1384 0.8492 -0.5095
vn 0.1051 0.8707 -0.4804
vn 0.1412 0.8700 -0.4725
vn -0.5450 -0.7785 0.3115
vn -0.5304 -0.8096 0.2513
vn -0.5272 -0.8155 0.2389
vn -0.2767 -0.8300 0.4843
vn 0.3817 0.8364 0.3934
vn 0.3435 0.8395 0.4209
vn 0.2844 0.8855 0.3674
vn 0.3129 0.8813 0.3542
vn -0.2021 0.3858 -0.9002
vn -0.7157 -0.0954 0.6918
vn -0.6970 -0.0788 0.7127
vn -0.7154 -0.0901 0.6928
vn 0.9597 -0.1389 -0.2443
vn 0.9733 -0.1622 -0.1622
vn 0.9723 -0.1288 -0.1953
vn 0.9551 -0.1154 -0.2729
vn -0.9563 0.1363 -0.2587
vn -0.9522 0.1427 -0.2701
vn -0.9636 0.1814 -0.1962
vn -0.9716 0.1712 -0.1633
vn -0.7487 -0.5615 0.3523
vn -0.9178 -0.2295 0.3239
vn 0.3356 0.0928 -0.9374
vn 0.3011 0.0609 -0.9516
vn 0.3225 0.0204 -0.9463
vn 0.3406 0.0851 -0.9364
vn -0.9259 0.1899 -0.3264
vn -0.9207 0.2046 -0.3324
vn -0.9258 0.1904 -0.3266
vn -0.9312 0.1746 -0.3201
vn 0.6216 -0.2468 0.7435
vn 0.5293 -0.2322 0.8161
vn 0.5735 -0.2069 0.7926
vn 0.6963 -0.1741 0.6964
vn 0.8418 0.3541 0.4075
vn 0.8566 0.4231 0.2953
vn 0.8460 0.4903 0.2096
vn 0.6401 0.6064 0.4717
vn 0.6461 0.6089 0.4601
vn 0.6431 0.6200 0.4495
vn 0.4068 -0.4123 0.8152
vn 0.3872 -0.4646 0.7964
vn 0.4025 -0.4242 0.8112
vn 0.4262 -0.3551 0.8320
vn -0.3048 -0.0474 0.9512
vn -0.2920 -0.0488 0.9552
vn -0.3133 -0.0015 0.9497
vn -0.3140 0.0122 0.9493
vn -0.2182 -0.2277 0.9490
vn -0.1939 -0.2038 0.9596
vn -0.2023 -0.2092 0.9567
vn -0.2358 -0.2357 0.9428
vn 0.5183 0.6170 -0.5922
vn 0.5099 0.7223 -0.4673
vn 0.5133 0.6973 -0.5003
vn 0.5179 0.5754 -0.6329
vn 0.6101 0.1086 0.7849
vn 0.6449 0.1344 0.7524
vn 0.6741 0.1203 0.7288
vn 0.5930 0.0978 0.7992
vn 0.4122 -0.0287 -0.9106
vn 0.4471 -0.0000 -0.8945
vn 0.3452 -0.0814 -0.9350
vn 0.3144 -0.1048 -0.9435
vn -0.9385 -0.3452 -0.0000
vn -0.9487 -0.3162 -0.0000
vn -0.9363 -0.3512 -0.0000
vn -0.9535 -0.3015 -0.0000
vn 0.3784 0.9255 0.0174
vn 0.3846 0.9231 -0.0000
vn 0.3587 0.9308 0.0700
vn 0.3517 0.9320 0.0879
vn 0.2832 -0.2585 -0.9236
vn 0.2722 -0.2333 -0.9335
vn 0.2899 -0.2742 -0.9169
vn 0.3015 -0.3014 -0.9046
vn 0.7614 -0.3182 -0.5648
vn 0.8101 -0.1800 -0.5580
vn 0.7923 -0.2595 -0.5523
vn 0.7310 -0.4014 -0.5518
vn -0.9771 -0.1505 -0.1505
vn -0.9829 -0.0874 -0.1620
vn -0.9877 -0.0714 -0.1393
vn -0.9877 -0.0715 -0.1393
vn -0.9428 -0.2357 -0.2357
vn -0.9771 -0.1506 -0.1506
vn -0.9539 -0.2504 0.1652
vn -0.9749 -0.1369 0.1755
vn -0.9784 -0.1665 0.1223
vn -0.9701 -0.2313 0.0735
vn -0.9159 -0.1721 -0.3626
vn -0.9235 -0.1437 -0.3557
vn -0.9071 -0.2016 -0.3696
vn -0.6804 -0.2724 -0.6804
vn -0.6832 -0.2581 -0.6832
vn -0.6985 -0.1553 -0.6985
vn 0.1960 -0.8779 0.4369
vn 0.1412 -0.8950 0.4232
vn -0.9333 -0.2047 -0.2950
vn -0.9622 -0.1924 -0.1925
vn -0.9497 -0.2492 -0.1899
vn -0.9130 -0.2703 -0.3055
vn 0.0240 -0.1427 -0.9895
vn 0.0428 -0.0635 -0.9971
vn 0.0275 -0.0619 -0.9977
vn -0.0110 -0.0521 -0.9986
vn 0.9508 -0.0829 -0.2985
vn 0.9504 -0.0983 -0.2950
vn 0.9497 -0.0180 -0.3126
vn 0.6509 0.3906 -0.6509
vn 0.9045 0.3016 -0.3016
vn 0.3162 -0.9487 -0.0000
vn -0.7648 0.5482 0.3385
vn -0.7724 0.5149 0.3719
vn -0.7630 0.5550 0.3314
vn -0.7536 0.5861 0.2977
vn 0.6986 -0.1552 -0.6984
vn 0.7050 -0.0791 -0.7048
vn 0.9071 -0.2016 -0.3695
vn 0.9235 -0.1437 -0.3557
vn 0.9159 -0.1720 -0.3626
vn -0.7026 -0.2705 -0.6582
vn -0.7640 -0.2066 -0.6112
vn -0.7527 -0.2169 -0.6216
vn -0.6782 -0.2826 -0.6783
vn -0.7026 -0.2706 -0.6582
vn -0.0332 -0.9431 0.3308
vn -0.0304 -0.9420 0.3342
vn 0.6971 -0.0670 0.7138
vn 0.7126 0.0521 0.6996
vn 0.7119 0.0435 0.7010
vn 0.7119 -0.0756 0.6982
vn 0.2915 -0.0778 -0.9534
vn 0.2425 -0.0000 -0.9701
vn 0.2781 -0.0775 -0.9574
vn 0.3132 -0.1363 -0.9398
vn 0.7391 0.2287 0.6335
vn 0.7541 0.2283 0.6158
vn 0.7580 0.2186 0.6145
vn 0.3740 0.6145 0.6946
vn 0.6981 -0.7154 0.0279
vn 0.6890 -0.7248 -0.0004
vn 0.9413 -0.1130 -0.3181
vn 0.9636 -0.1483 -0.2224
vn 0.9590 -0.1302 -0.2517
vn 0.9312 -0.1103 -0.3473
vn -0.1701 -0.9487 0.2664
vn -0.0523 -0.9589 0.2789
vn -0.0486 -0.9598 0.2764
vn -0.1414 -0.9519 0.2720
vn 0.3921 -0.1435 0.9087
vn 0.4597 -0.2304 0.8576
vn 0.5155 -0.0954 0.8515
vn 0.4124 -0.0824 0.9073
vn -0.4472 -0.8944 -0.0000
vn -0.5046 -0.8429 -0.1870
vn -0.5390 -0.8423 -0.0000
vn -0.9833 -0.0010 0.1822
vn -0.9808 -0.0048 0.1952
vn -0.9975 0.0595 0.0381
vn -0.9975 0.0673 0.0224
vn 0.1181 -0.2244 -0.9673
vn 0.1264 -0.2109 -0.9693
vn 0.1072 -0.2751 -0.9554
vn 0.0954 -0.2860 -0.9535
vn 0.5848 0.4387 -0.6823
vn 0.3333 0.6667 -0.6667
vn 0.3419 0.5918 -0.7300
vn 0.2550 0.5306 -0.8083
vn 0.7074 0.1754 0.6847
vn 0.6957 0.1789 0.6957
vn 0.8355 0.1287 0.5341
vn 0.8442 0.1248 0.5213
vn -0.0048 -0.0503 -0.9987
vn -0.0554 -0.0434 -0.9975
vn -0.0866 -0.0526 -0.9948
vn -0.0012 -0.0663 -0.9978
vn -0.9468 -0.0631 -0.3156
vn -0.9414 -0.3347 -0.0418
vn -0.4741 0.8346 0.2804
vn -0.4861 0.8316 0.2686
vn -0.4755 0.8343 0.2790
vn -0.4648 0.8368 0.2893
vn 0.9354 -0.2963 0.1930
vn 0.9357 -0.2912 0.1994
vn 0.9372 -0.3066 0.1664
vn 0.9366 -0.3208 0.1411
vn 0.1290 -0.0976 0.9868
vn 0.1228 -0.1375 0.9829
vn 0.0544 -0.1127 0.9921
vn -0.9915 0.1161 0.0596
vn -0.9871 0.0823 0.1371
vn 0.8593 0.3659 -0.3572
vn 0.8585 0.3466 -0.3780
vn 0.9806 0.0011 0.1961
vn 0.9515 -0.0091 0.3074
vn 0.9580 -0.0051 0.2868
vn 0.9862 0.0195 0.1644
vn -0.3568 0.8231 -0.4418
vn -0.3215 0.7754 -0.5435
vn -0.2984 0.8372 -0.4583
vn -0.3117 0.8904 -0.3316
vn -0.3085 0.8090 -0.5003
vn -0.3244 0.8111 -0.4866
vn -0.2939 0.8067 -0.5127
vn -0.2672 0.8018 -0.5345
vn 0.8305 -0.4982 0.2492
vn 0.9098 0.1312 0.3938
vn 0.9209 0.1417 0.3631
vn 0.9244 0.1206 0.3618
vn 0.7243 -0.6337 -0.2716
vn 0.4464 -0.8928 -0.0595
vn 0.4463 -0.8925 -0.0649
vn 0.4452 -0.8903 -0.0954
vn 0.2649 0.9272 -0.2649
vn 0.3714 0.9285 -0.0000
vn -0.2190 0.0438 0.9747
vn -0.0818 0.0713 0.9941
vn -0.1435 0.0602 0.9878
vn 0.3884 0.0360 0.9208
vn 0.4292 0.0112 0.9031
vn 0.3981 0.0301 0.9168
vn 0.8944 0.2684 0.3578
vn -0.9045 -0.3015 -0.3015
vn -0.9112 -0.3374 -0.2365
vn -0.9100 -0.3289 -0.2523
vn -0.4896 0.7854 -0.3788
vn -0.5883 0.7354 -0.3362
vn -0.5184 0.7723 -0.3672
vn -0.4082 0.8165 -0.4083
vn -0.9244 0.1206 0.3618
vn -0.8305 -0.4982 0.2492
vn -0.7291 -0.4362 -0.5274
vn -0.7922 -0.3413 -0.5058
vn -0.6570 -0.4199 -0.6261
vn -0.5668 -0.4960 -0.6579
vn 0.9248 -0.1385 -0.3544
vn 0.9196 -0.1585 -0.3594
vn 0.7684 -0.6295 -0.1157
vn 0.7797 -0.6100 -0.1413
vn 0.7948 -0.0926 0.5998
vn 0.8136 -0.0159 0.5811
vn 0.8179 -0.0511 0.5730
vn 0.7799 -0.1167 0.6149
vn 0.7666 0.1728 0.6184
vn 0.7648 0.1529 0.6258
vn -0.6748 0.2805 0.6827
vn -0.6889 0.4478 0.5700
vn 0.1808 0.4455 0.8768
vn 0.1718 0.4531 0.8748
vn 0.1774 0.4484 0.8761
vn 0.1882 0.4393 0.8784
vn 0.1522 -0.8515 0.5018
vn 0.1231 -0.8617 0.4923
vn 0.2316 -0.8520 0.4694
vn -0.9193 -0.3481 -0.1838
vn -0.8536 -0.3783 -0.3580
vn -0.7998 -0.5911 0.1043
vn -0.7753 -0.6203 0.1193
vn -0.7831 -0.6113 0.1146
vn -0.8078 -0.5811 0.0992
vn 0.9337 0.2437 -0.2625
vn 0.9231 0.2930 -0.2491
vn 0.9251 0.2846 -0.2514
vn 0.9355 0.2338 -0.2650
vn -0.3871 0.1045 -0.9161
vn -0.4150 0.1199 -0.9019
vn -0.1095 -0.0196 0.9938
vn -0.1240 -0.0000 0.9923
vn -0.1180 -0.0082 0.9930
vn -0.1046 -0.0262 0.9942
vn -0.1118 -0.9244 -0.3647
vn -0.0650 -0.9186 -0.3897
vn -0.0877 -0.9128 -0.3988
vn -0.1172 -0.9044 -0.4103
vn 0.3077 0.4958 -0.8121
vn 0.2731 0.4773 -0.8352
vn -0.9599 -0.1670 0.2254
vn -0.9749 -0.1363 0.1762
vn -0.9362 -0.2577 0.2388
vn -0.9373 -0.2608 0.2310
vn -0.5930 -0.1022 0.7987
vn -0.5744 -0.1046 0.8119
vn -0.6276 -0.1414 0.7656
vn -0.6380 -0.1430 0.7566
vn -0.8061 0.2369 0.5423
vn -0.8101 0.2430 0.5336
vn -0.7896 0.2164 0.5742
vn -0.7791 0.1969 0.5951
vn -0.5570 0.3713 -0.7429
vn -0.6357 0.3522 -0.6869
vn -0.5946 0.3595 -0.7192
vn -0.6139 0.5582 -0.5582
vn -0.6854 0.5225 -0.5071
vn -0.6652 0.5280 -0.5280
vn -0.9470 -0.2094 -0.2437
vn -0.9496 -0.1997 -0.2417
vn -0.9348 -0.1084 -0.3382
vn -0.9324 -0.1050 -0.3458
vn -0.8169 -0.5745 -0.0511
vn -0.9643 -0.2649 -0.0002
vn -0.9711 -0.2382 -0.0183
vn -0.9637 -0.2581 0.0689
vn -0.5189 0.0500 -0.8533
vn -0.5548 -0.0000 -0.8320
vn -0.4777 0.0330 -0.8779
vn -0.4462 0.0665 -0.8924
vn -0.3711 -0.0072 -0.9286
vn -0.3710 -0.0072 -0.9286
vn -0.1720 -0.0273 -0.9847
vn -0.3916 -0.0539 -0.9185
vn 0.8204 -0.4377 0.3678
vn 0.8786 -0.4553 0.1437
vn 0.8999 -0.3600 0.2463
vn 0.9536 -0.0000 0.3011
vn 0.9702 -0.0000 -0.2425
vn 0.9668 0.0178 -0.2550
vn -0.2184 -0.1979 0.9556
vn 0.2473 0.0534 0.9675
vn 0.2646 0.0139 0.9643
vn 0.2535 0.0223 0.9671
vn 0.3714 -0.0000 0.9285
vn 0.1428 0.1250 0.9818
vn -0.8944 0.4472 -0.0000
vn -0.8995 0.4360 0.0275
vn -0.9020 0.4296 0.0429
vn -0.8404 -0.2684 0.4708
vn -0.8351 -0.3131 0.4523
vn -0.8438 -0.2225 0.4884
vn -0.8452 -0.1690 0.5071
vn -0.5809 0.3828 0.7183
vn -0.6286 0.3202 0.7087
vn -0.5989 0.3460 0.7222
vn -0.5384 0.3586 0.7626
vn 0.5179 0.6906 0.5047
vn 0.5180 0.6906 0.5047
vn 0.4454 0.7474 0.4930
vn 0.4693 0.7454 0.4734
vn -0.5977 -0.4272 -0.6784
vn -0.5812 -0.4844 -0.6539
vn -0.5763 -0.4889 -0.6549
vn -0.6447 -0.3480 -0.6806
vn 0.4470 -0.8940 -0.0298
vn 0.6956 -0.7171 0.0435
vn -0.3561 0.8941 0.2716
vn -0.3806 0.8976 0.2226
vn -0.0273 0.9426 0.3327
vn 0.1305 0.9242 0.3590
vn -0.2561 -0.1816 -0.9495
vn -0.4372 -0.1835 -0.8804
vn -0.4380 -0.1912 -0.8784
vn -0.2425 -0.1735 -0.9545
vn -0.3658 -0.0932 0.9260
vn -0.4550 -0.1036 0.8844
vn -0.4373 -0.1036 0.8933
vn -0.3232 -0.1157 0.9392
vn -0.4598 0.0442 -0.8869
vn -0.4470 0.0354 -0.8938
vn -0.4669 0.0565 -0.8825
vn -0.4853 0.0404 -0.8734
vn -0.1410 0.0769 0.9870
vn -0.1411 0.0769 0.9870
vn -0.1414 -0.0226 0.9897
vn -0.1387 -0.0354 0.9897
vn -0.8950 -0.2697 -0.3553
vn -0.8945 -0.2391 -0.3778
vn -0.9083 -0.2711 -0.3187
vn -0.9045 -0.3014 -0.3016
vn -0.9283 -0.2063 0.3094
vn -0.7227 -0.2990 0.6231
vn -0.7474 -0.2595 0.6116
vn -0.7130 -0.3890 0.5834
vn 0.3532 -0.8188 -0.4525
vn 0.2029 -0.8294 -0.5206
vn 0.2158 -0.8218 -0.5274
vn 0.3712 -0.8094 -0.4550
vn -0.9982 0.0450 -0.0392
vn -0.9981 0.0176 -0.0587
vn -0.9911 0.0674 -0.1151
vn -0.9967 -0.0638 -0.0503
vn -0.9746 0.0665 -0.2141
vn -0.9602 0.0253 -0.2780
vn 0.0864 0.1976 -0.9765
vn 0.1082 0.1975 -0.9743
vn -0.4182 0.3543 0.8364
vn -0.4204 0.3409 0.8409
vn -0.4083 0.4082 0.8165
vn 0.9119 -0.2901 -0.2903
vn 0.9406 -0.2380 -0.2422
vn 0.9446 -0.2224 -0.2412
vn 0.9446 -0.2224 -0.2413
vn 0.9101 -0.2867 -0.2992
vn 0.9119 -0.2901 -0.2904
vn 0.6883 -0.6881 0.2294
vn 0.8945 -0.4471 -0.0000
vn -0.7684 -0.6382 -0.0472
vn -0.7957 -0.6025 -0.0622
vn -0.7474 -0.2594 0.6116
vn -0.7831 0.0131 0.6218
vn -0.7793 -0.0061 0.6266
vn 0.8219 -0.5584 -0.1130
vn 0.7971 -0.5978 -0.0854
vn 0.0207 0.5370 -0.8434
vn 0.0350 0.5244 -0.8507
vn 0.0875 0.5743 -0.8140
vn 0.0847 0.5829 -0.8081
vn -0.0027 -0.9893 -0.1456
vn -0.0149 -0.9863 -0.1644
vn 0.0482 -0.9966 -0.0666
vn 0.0687 -0.9970 -0.0344
vn 0.5205 -0.2166 -0.8259
vn 0.5430 -0.2044 -0.8145
vn 0.4228 -0.2739 -0.8638
vn 0.4270 -0.2971 -0.8540
vn -0.4473 -0.0000 -0.8944
vn -0.2772 -0.2640 -0.9238
vn 0.6361 0.3261 -0.6993
vn 0.6200 0.2812 -0.7325
vn -0.9191 -0.0000 0.3939
vn -0.9165 0.0123 0.3998
vn -0.9134 0.0240 0.4065
vn 0.2420 -0.8436 -0.4794
vn 0.2483 -0.8317 -0.4966
vn 0.9599 -0.1670 0.2254
vn 0.9373 -0.2608 0.2311
vn 0.9362 -0.2577 0.2388
vn 0.9606 -0.1637 0.2248
vn 0.5608 -0.0000 0.8280
vn 0.3015 0.3015 0.9045
vn 0.4204 0.2869 0.8608
vn 0.4913 0.3341 0.8044
vn -0.8511 0.2031 -0.4841
vn -0.8182 0.1819 -0.5454
vn -0.8993 0.1100 -0.4233
vn -0.2348 0.7550 -0.6122
vn -0.3019 0.7968 -0.5235
vn -0.2905 0.8013 -0.5231
vn -0.2481 0.7442 -0.6201
vn 0.2854 0.6289 0.7232
vn 0.3567 0.6472 0.6737
vn 0.2630 0.6914 0.6729
vn 0.1894 0.6720 0.7159
vn -0.1015 0.2516 0.9625
vn -0.0918 0.3051 0.9479
vn -0.0927 0.3004 0.9493
vn -0.1017 0.2507 0.9627
vn -0.4066 -0.1096 0.9070
vn -0.4134 -0.1009 0.9049
vn -0.4119 -0.1892 0.8914
vn -0.3799 -0.0998 0.9196
vn 0.4598 -0.3218 0.8277
vn 0.4851 -0.7276 0.4851
vn 0.9533 -0.0654 -0.2947
vn 0.9495 -0.0817 -0.3030
vn 0.9558 -0.0730 -0.2847
vn 0.9622 -0.0448 -0.2686
vn -0.4475 0.0572 -0.8925
vn -0.4202 0.0191 -0.9072
vn -0.4192 0.1661 -0.8926
vn -0.3981 0.2119 -0.8925
vn -0.6413 -0.1805 0.7458
vn -0.6350 -0.1758 0.7522
vn 0.9869 -0.1612 0.0030
vn 0.9886 -0.0622 0.1372
vn 0.9778 -0.0411 0.2055
vn 0.9802 -0.1350 0.1448
vn 0.4366 -0.4990 0.7486
vn 0.9733 -0.1622 0.1622
vn 0.9703 -0.0883 0.2253
vn 0.9635 -0.1215 0.2388
vn 0.8846 0.1474 0.4423
vn -0.9348 -0.3280 -0.1363
vn -0.9347 -0.3196 -0.1558
vn -0.9406 -0.3178 -0.1194
vn -0.9364 -0.3405 -0.0852
vn 0.8312 0.0621 0.5525
vn 0.8396 -0.0000 0.5433
vn 0.8386 0.0086 0.5447
vn 0.8300 0.0692 0.5534
vn -0.1530 -0.9397 -0.3059
vn -0.1002 -0.9287 -0.3570
vn -0.4330 -0.3108 -0.8461
vn -0.2803 -0.2418 -0.9290
vn 0.3925 -0.1301 0.9105
vn 0.3915 -0.1301 0.9109
vn 0.5055 -0.1220 0.8542
vn 0.8379 -0.4142 -0.3554
vn 0.8237 -0.3868 -0.4146
vn 0.8467 -0.4646 -0.2594
vn 0.8382 -0.4826 -0.2540
vn -0.8894 -0.2239 0.3985
vn -0.8772 -0.1954 0.4386
vn -0.9485 0.2195 0.2286
vn -0.9478 0.2147 0.2356
vn -0.9507 0.2286 0.2096
vn -0.9514 0.2378 0.1959
vn -0.2252 -0.1292 -0.9657
vn -0.2357 -0.0544 -0.9703
vn -0.2239 -0.1381 -0.9648
vn -0.1997 0.1665 -0.9656
vn -0.1785 0.2401 -0.9542
vn -0.1721 0.2612 -0.9498
vn -0.0162 -0.0646 -0.9978
vn -0.0192 -0.0768 -0.9969
vn 0.5380 -0.2725 -0.7977
vn 0.3950 -0.2891 -0.8720
vn 0.3801 -0.3126 -0.8705
vn 0.5309 -0.3610 -0.7667
vn -0.4866 -0.8687 0.0925
vn -0.4423 -0.8847 0.1475
vn -0.5070 -0.8594 0.0659
vn -0.5547 -0.8321 -0.0000
vn 0.9936 -0.1052 0.0421
vn 0.9956 -0.0873 0.0349
vn 0.9892 -0.1362 0.0545
vn 0.9843 -0.1641 0.0656
vn -0.9420 -0.1120 0.3162
vn -0.9305 -0.0620 0.3610
vn -0.9011 -0.1008 0.4217
vn -0.7575 0.1950 0.6230
vn -0.7426 0.1650 0.6491
vn -0.7442 0.0287 0.6674
vn -0.6664 0.2392 0.7062
vn -0.7876 -0.0339 0.6153
vn 0.6027 -0.3813 0.7009
vn 0.5885 -0.3783 0.7145
vn 0.5956 -0.3798 0.7079
vn 0.5956 -0.3798 0.7078
vn 0.6135 -0.3835 0.6903
vn 0.6027 -0.3813 0.7010
vn -0.5573 0.8277 0.0655
vn -0.5949 0.8032 0.0298
vn -0.5377 0.8421 -0.0413
vn -0.5144 0.8575 0.0075
vn 0.7968 -0.3397 0.4996
vn 0.7978 -0.3546 0.4876
vn 0.8171 -0.2530 0.5180
vn 0.8204 -0.2173 0.5288
vn 0.4083 0.4083 -0.8165
vn 0.4082 0.4082 -0.8165
vn 0.7379 -0.0671 -0.6716
vn 0.8589 0.1080 -0.5006
vn 0.8826 -0.0515 -0.4672
vn 0.8686 -0.1992 -0.4537
vn 0.3416 0.8964 0.2823
vn 0.3806 0.8976 0.2226
vn 0.3561 0.8941 0.2716
vn 0.3561 0.8941 0.2717
vn -0.9167 0.3406 0.2090
vn -0.9373 0.2568 0.2356
vn -0.9395 0.2535 0.2305
vn -0.9108 0.3534 0.2133
vn -0.7729 -0.2676 -0.5754
vn -0.7994 -0.2776 -0.5328
vn -0.7279 -0.0778 -0.6813
vn -0.7258 -0.0723 -0.6841
vn -0.8960 0.0783 0.4371
vn -0.8956 0.0779 0.4380
vn 0.0203 0.6107 0.7916
vn -0.2206 0.6123 0.7592
vn -0.3009 0.5793 0.7575
vn 0.0202 0.6107 0.7916
vn -0.5907 0.0527 -0.8052
vn -0.5816 0.0969 -0.8077
vn -0.5923 0.0447 -0.8045
vn 0.3015 0.9046 -0.3015
vn 0.2137 0.9096 -0.3562
vn 0.2021 0.9127 -0.3552
vn 0.3015 0.9046 -0.3014
vn -0.9278 -0.3684 -0.0586
vn -0.9309 -0.3604 -0.0601
vn -0.9123 -0.4051 -0.0603
vn -0.8831 -0.4604 -0.0907
vn -0.6361 0.3261 -0.6993
vn -0.6200 0.2812 -0.7325
vn -0.6617 0.1800 -0.7278
vn -0.6671 0.1831 -0.7221
vn 0.8472 -0.2630 0.4616
vn 0.8197 -0.2807 0.4992
vn 0.8484 -0.2700 0.4554
vn 0.8396 -0.1819 0.5118
vn 0.3082 0.9044 -0.2953
vn 0.1628 0.9303 -0.3286
vn 0.1510 0.9618 -0.2285
vn 0.1348 0.0828 -0.9874
vn 0.1437 0.0529 -0.9882
vn 0.1430 0.0586 -0.9880
vn 0.1328 0.0897 -0.9871
vn -0.8898 -0.3466 0.2967
vn -0.9057 -0.3199 0.2782
vn -0.8847 -0.3609 0.2949
vn -0.8917 -0.3415 0.2972
vn 0.6198 0.0820 -0.7804
vn 0.5935 0.0382 -0.8039
vn -0.4677 0.7891 -0.3982
vn -0.4409 0.7938 -0.4189
vn -0.3953 0.8402 -0.3713
vn -0.3952 0.8402 -0.3713
vn -0.3979 0.8464 -0.3540
vn -0.4677 0.7891 -0.3981
vn -0.1382 0.1283 0.9821
vn -0.1135 0.1823 0.9767
vn -0.1175 0.1792 0.9768
vn -0.1801 0.1100 0.9775
vn -0.1508 0.1118 0.9822
vn -0.2150 0.1325 0.9676
vn -0.2135 0.0664 0.9747
vn 0.0220 0.2659 0.9638
vn -0.0760 0.3039 0.9497
vn 0.0679 0.2470 0.9666
vn 0.1509 0.2112 0.9657
vn -0.9344 -0.2870 0.2108
vn -0.9374 -0.2826 0.2033
vn 0.5052 0.3830 -0.7733
vn 0.4847 0.4107 -0.7722
vn 0.5235 0.3571 -0.7736
vn 0.5426 0.3289 -0.7729
vn -0.1519 0.4946 0.8558
vn -0.2695 0.4837 0.8327
vn -0.1872 0.5271 0.8290
vn -0.0625 0.5318 0.8446
vn -0.7302 -0.4844 -0.4819
vn -0.6895 -0.4280 -0.5843
vn -0.7002 -0.4299 -0.5700
vn -0.7798 -0.4679 -0.4158
vn -0.4445 -0.2015 0.8728
vn -0.4378 -0.2050 0.8754
vn -0.4716 -0.2038 0.8579
vn -0.4778 -0.2012 0.8551
vn -0.1550 0.0906 0.9838
vn -0.3106 0.1421 0.9399
vn -0.3397 0.1563 0.9275
vn 0.5812 -0.4256 0.6936
vn 0.6396 -0.4264 0.6397
vn 0.6138 -0.4464 0.6511
vn 0.5671 -0.4350 0.6994
vn 0.9764 0.1084 0.1867
vn 0.9781 0.0928 0.1863
vn 0.9465 0.2555 0.1973
vn 0.9452 0.2661 0.1890
vn -0.4024 0.4362 0.8049
vn -0.3498 0.4435 0.8252
vn 0.7907 0.3645 -0.4919
vn 0.7958 0.3591 -0.4877
vn 0.7796 0.3840 -0.4947
vn 0.7789 0.3795 -0.4994
vn 0.7906 0.3646 -0.4919
vn 0.4089 0.1609 -0.8983
vn 0.3871 0.1491 -0.9099
vn 0.4096 0.1585 -0.8984
vn 0.6877 0.2325 -0.6877
vn 0.6878 0.2322 -0.6878
vn 0.6905 0.2157 -0.6905
vn 0.4082 -0.8165 -0.4083
vn -0.5051 0.0418 -0.8620
vn -0.5377 0.0874 -0.8386
vn -0.4913 0.0256 -0.8706
vn -0.6970 -0.1480 0.7017
vn -0.6985 -0.1481 0.7001
vn -0.7404 -0.1668 0.6511
vn -0.7534 -0.1669 0.6361
vn -0.2766 -0.3551 -0.8929
vn -0.3011 -0.3693 -0.8792
vn -0.2491 -0.3543 -0.9013
vn -0.2435 -0.3487 -0.9050
vn -0.3334 0.4429 0.8323
vn -0.5509 0.1524 0.8206
vn -0.5537 0.1863 0.8116
vn 0.9793 -0.2020 0.0111
vn 0.9796 -0.1877 0.0713
vn 0.9574 -0.2775 0.0793
vn -0.1490 -0.1194 0.9816
vn -0.1627 -0.1424 0.9763
vn -0.1139 -0.0611 0.9916
vn -0.0831 -0.0104 0.9965
vn -0.5626 0.8260 0.0361
vn -0.5380 0.8427 -0.0189
vn -0.5547 0.8320 -0.0100
vn -0.5649 0.8238 0.0474
vn -0.5782 0.2967 0.7600
vn -0.3710 0.2826 0.8846
vn -0.3871 0.3032 0.8707
vn -0.5940 0.3118 0.7416
vn 0.7218 0.0559 0.6898
vn 0.7633 0.0923 0.6394
vn 0.7650 0.0918 0.6375
vn 0.7067 0.0347 0.7067
vn 0.2864 0.0515 -0.9567
vn 0.3015 0.0696 -0.9509
vn 0.2524 0.0169 -0.9675
vn 0.2135 0.0162 -0.9768
vn 0.7484 -0.5290 -0.4001
vn 0.7463 -0.5287 -0.4044
vn 0.7314 -0.5257 -0.4343
vn 0.5787 -0.7830 -0.2282
vn 0.6133 -0.7448 -0.2629
vn -0.1551 -0.6074 -0.7791
vn -0.2454 -0.5900 -0.7692
vn -0.0210 -0.6334 -0.7735
vn -0.0037 -0.6247 -0.7809
vn -0.3863 -0.0639 -0.9202
vn -0.3977 -0.0333 -0.9169
vn -0.4059 -0.1249 -0.9054
vn -0.4059 -0.1250 -0.9053
vn 0.1601 0.5337 0.8304
vn 0.1457 0.4856 0.8619
vn 0.1632 0.5439 0.8232
vn 0.1766 0.5887 0.7888
vn 0.7055 0.7058 0.0642
vn 0.7057 0.7056 0.0641
vn -0.3280 0.1093 0.9383
vn -0.3487 0.1162 0.9300
vn -0.3024 0.1008 0.9478
vn -0.2860 0.0953 0.9535
vn 0.1009 0.4041 0.9091
vn -0.2900 0.4948 0.8192
vn -0.3179 0.5087 0.8001
vn -0.4075 0.5175 0.7524
vn -0.9323 0.1043 -0.3463
vn -0.9214 0.1229 -0.3686
vn -0.9352 0.0991 -0.3400
vn -0.9457 0.0788 -0.3152
vn -0.2529 -0.4723 0.8444
vn -0.2686 -0.4883 0.8303
vn -0.2401 -0.4591 0.8553
vn -0.2182 -0.4364 0.8729
vn -0.9702 -0.2425 -0.0000
vn -0.9631 -0.2407 -0.1204
vn 0.2988 -0.2206 -0.9285
vn 0.2250 -0.1189 -0.9671
vn 0.3130 -0.1413 -0.9392
vn -0.9588 -0.0421 0.2810
vn -0.9481 -0.0819 0.3074
vn -0.9476 -0.0765 0.3101
vn -0.9593 -0.0405 0.2795
vn -0.9574 -0.1489 0.2476
vn -0.9528 -0.1304 0.2741
vn 0.9753 0.0700 -0.2094
vn 0.9620 0.1117 -0.2491
vn 0.9977 -0.0000 -0.0678
vn 0.9891 0.0058 0.1472
vn 0.9816 0.0985 0.1636
vn 0.9833 0.0929 0.1567
vn 0.9906 0.0159 0.1362
vn -0.2772 0.6993 0.6588
vn -0.3714 0.7428 0.5570
vn -0.3619 0.7238 0.5875
vn -0.3619 0.7238 0.5876
vn -0.2413 0.6862 0.6862
vn -0.2772 0.6993 0.6589
vn -0.4366 -0.4990 0.7486
vn -0.2602 0.0755 -0.9626
vn -0.2842 0.0706 -0.9562
vn 0.6969 -0.3936 -0.5995
vn 0.7116 -0.4188 -0.5641
vn -0.8160 -0.1255 -0.5643
vn -0.8137 -0.1224 -0.5682
vn -0.8101 -0.1800 -0.5580
vn -0.7923 -0.2595 -0.5523
vn 0.5266 0.1116 -0.8428
vn 0.3920 0.0980 -0.9147
vn 0.4177 0.1231 -0.9002
vn 0.6033 0.1453 -0.7842
vn 0.9620 -0.2165 -0.1664
vn 0.9685 -0.2068 -0.1383
vn 0.9205 -0.2673 -0.2851
vn 0.9156 -0.2693 -0.2986
vn 0.9832 -0.0611 0.1721
vn 0.9839 -0.1636 0.0713
vn 0.9914 -0.0560 0.1179
vn 0.9590 0.0809 0.2718
vn 0.0737 -0.2380 0.9685
vn 0.0503 -0.1369 0.9893
vn 0.0356 -0.0804 0.9961
vn 0.0617 -0.2469 0.9671
vn -0.9153 -0.3705 -0.1579
vn -0.9179 -0.3660 -0.1530
vn -0.2275 0.7990 -0.5566
vn -0.2356 0.7948 -0.5593
vn -0.1206 0.7954 -0.5940
vn -0.1092 0.7829 -0.6125
vn -0.6618 0.4422 0.6054
vn -0.9099 0.0356 0.4134
vn -0.9094 0.0345 0.4144
vn -0.7807 -0.3573 -0.5126
vn -0.8379 -0.4142 -0.3555
vn -0.8237 -0.3868 -0.4146
vn -0.7796 -0.3282 -0.5334
vn 0.0841 0.2545 -0.9634
vn 0.1121 0.2691 -0.9566
vn 0.0422 0.1394 -0.9893
vn 0.0179 0.1075 -0.9940
vn 0.7628 0.6327 0.1336
vn 0.8544 0.5126 0.0854
vn 0.7998 0.5762 0.1682
vn 0.7395 0.0760 0.6688
vn 0.7125 0.0511 0.6998
vn 0.2209 0.5998 0.7690
vn -0.8913 -0.0465 0.4510
vn -0.7758 -0.0697 0.6271
vn -0.7819 -0.0673 0.6197
vn -0.8806 -0.0726 0.4683
vn -0.3916 0.1162 0.9128
vn -0.2199 0.0965 0.9707
vn -0.2660 0.0614 0.9620
vn -0.4150 0.0408 0.9089
vn 0.2385 0.9687 0.0691
vn 0.1837 0.9761 0.1160
vn 0.2370 0.9689 0.0704
vn 0.2873 0.9575 0.0261
vn -0.5105 -0.1238 0.8509
vn -0.5106 -0.1238 0.8509
vn 0.5244 -0.1977 0.8282
vn 0.6078 -0.0550 0.7922
vn -0.8092 -0.1291 -0.5732
vn -0.8187 -0.1276 -0.5599
vn -0.6881 0.0477 0.7240
vn -0.6981 0.0289 0.7154
vn -0.6747 0.0726 0.7345
vn -0.6712 0.0671 0.7383
vn -0.3931 -0.1478 -0.9075
vn -0.4470 0.0372 -0.8938
vn -0.4125 0.0057 -0.9110
vn -0.4124 0.0056 -0.9110
vn 0.9720 -0.1732 -0.1590
vn 0.9717 -0.1722 -0.1619
vn -0.4060 0.1713 -0.8977
vn -0.3785 0.1567 -0.9122
vn -0.8204 -0.2173 0.5288
vn -0.8296 -0.1355 0.5418
vn -0.8295 -0.1355 0.5418
vn -0.8171 -0.2529 0.5180
vn 0.1498 -0.7864 0.5992
vn 0.6362 -0.7484 -0.1876
vn 0.6358 -0.7569 -0.1514
vn 0.7609 -0.5355 -0.3664
vn -0.5003 -0.1539 0.8521
vn -0.3827 -0.2160 0.8982
vn -0.4090 -0.2293 0.8833
vn -0.4941 -0.2064 0.8445
vn 0.3261 -0.0500 -0.9440
vn 0.3800 -0.1049 -0.9190
vn 0.3835 -0.1061 -0.9174
vn 0.3043 -0.0422 -0.9516
vn -0.7121 -0.2271 0.6644
vn -0.7006 -0.2192 0.6791
vn -0.8180 -0.2459 0.5200
vn -0.8174 -0.2576 0.5153
vn 0.2444 0.1148 0.9629
vn 0.1230 0.2651 0.9564
vn 0.0753 0.2258 0.9713
vn 0.0697 0.2090 0.9754
vn -0.6099 -0.3763 -0.6974
vn -0.6134 -0.2807 -0.7382
vn -0.6123 -0.3343 -0.7165
vn -0.6060 -0.4195 -0.6759
vn -0.4123 -0.0287 -0.9106
vn -0.4472 -0.0000 -0.8944
vn -0.7068 0.0314 -0.7068
vn -0.7079 0.0320 -0.7056
vn -0.7070 -0.0199 -0.7070
vn 0.4182 0.3543 0.8364
vn 0.4082 0.4082 0.8165
vn 0.4204 0.3409 0.8409
vn 0.0266 -0.9064 -0.4215
vn -0.1704 -0.8857 -0.4318
vn -0.1607 -0.8807 -0.4456
vn 0.0625 -0.9163 -0.3956
vn -0.8307 -0.5536 -0.0592
vn -0.8073 -0.5838 -0.0869
vn 0.1635 -0.2633 -0.9507
vn 0.1173 -0.3688 -0.9221
vn 0.1342 -0.3313 -0.9339
vn 0.1343 -0.3312 -0.9339
vn 0.1785 -0.2272 -0.9574
vn 0.1635 -0.2633 -0.9508
vn -0.8615 -0.5069 -0.0289
vn -0.8039 -0.5853 -0.1053
vn -0.0076 -0.2753 -0.9613
vn -0.0911 -0.3653 -0.9264
vn -0.0078 -0.3009 -0.9536
vn 0.4421 -0.2286 0.8673
vn 0.4778 -0.2013 0.8551
vn 0.4716 -0.2039 0.8579
vn 0.4352 -0.2318 0.8700
vn -0.8658 -0.3155 0.3884
vn -0.8464 -0.2344 0.4783
vn -0.8003 -0.3888 0.4564
vn 0.9191 -0.3816 0.0977
vn 0.8310 -0.5540 0.0504
vn 0.8519 -0.5201 0.0603
vn 0.9321 -0.3462 0.1065
vn -0.7029 -0.1089 -0.7029
vn -0.7028 -0.1100 -0.7028
vn -0.7002 -0.1400 -0.7001
vn -0.7950 -0.2817 -0.5373
vn -0.8224 -0.3359 -0.4592
vn 0.7071 -0.7071 -0.0000
vn 0.7984 0.6017 0.0244
vn 0.7762 0.6279 0.0571
vn 0.7926 0.6089 0.0332
vn 0.8137 0.5813 -0.0000
vn 0.3202 0.0907 -0.9430
vn 0.3358 0.0873 -0.9379
vn 0.3253 0.0882 -0.9415
vn 0.3183 0.0910 -0.9436
vn -0.9578 -0.1013 0.2690
vn -0.9364 -0.0851 0.3405
vn -0.9449 -0.1091 0.3088
vn -0.9449 -0.1091 0.3087
vn -0.9632 -0.1199 0.2408
vn -0.4330 0.8892 -0.1476
vn -0.4975 0.8674 -0.0131
vn -0.4693 0.8824 -0.0334
vn -0.4082 0.8906 -0.2004
vn 0.2582 0.2124 0.9425
vn 0.1460 0.1769 0.9733
vn 0.5359 -0.7989 0.2731
vn 0.5352 -0.8005 0.2699
vn 0.5571 -0.7428 0.3715
vn 0.3333 -0.6666 0.6667
vn 0.9807 -0.0133 -0.1952
vn 0.9761 -0.0655 -0.2072
vn 0.9802 -0.0798 -0.1811
vn 0.9730 0.0185 -0.2301
vn 0.5696 -0.1925 -0.7991
vn 0.5332 -0.3333 -0.7776
vn 0.5343 -0.2913 -0.7935
vn 0.5697 -0.1404 -0.8097
vn 0.1410 -0.0764 -0.9871
vn -0.3734 0.0548 -0.9260
vn 0.6720 -0.2843 -0.6838
vn 0.6702 -0.2927 -0.6820
vn -0.8281 -0.5337 0.1713
vn -0.8563 -0.4447 0.2627
vn -0.0076 0.7089 -0.7053
vn -0.0018 0.7073 -0.7069
vn -0.9016 -0.2150 -0.3754
vn -0.8980 -0.1854 -0.3991
vn -0.9004 -0.2042 -0.3841
vn -0.9031 -0.2322 -0.3613
vn -0.0782 -0.2407 0.9674
vn -0.0640 -0.2559 0.9646
vn -0.0461 -0.0909 0.9948
vn -0.0565 -0.1356 0.9892
vn -0.7593 0.6322 -0.1540
vn -0.7536 0.5426 -0.3710
vn -0.7499 0.5628 -0.3477
vn -0.7624 0.6347 -0.1264
vn -0.8762 -0.2529 -0.4103
vn -0.8650 -0.2623 -0.4278
vn -0.8913 -0.2403 -0.3845
vn -0.9084 -0.2216 -0.3546
vn 0.8340 -0.1489 0.5312
vn 0.8379 -0.0697 0.5413
vn 0.8144 -0.0492 0.5782
vn 0.4266 -0.3511 0.8335
vn 0.4165 -0.3645 0.8329
vn 0.4384 -0.3354 0.8339
vn 0.4384 -0.3353 0.8339
vn 0.4490 -0.3208 0.8339
vn 0.5704 0.6681 0.4778
vn 0.4844 0.6669 0.5662
vn -0.1527 0.9245 0.3493
vn 0.3619 0.7238 0.5875
vn 0.3714 0.7428 0.5570
vn 0.0723 0.7216 0.6886
vn -0.1967 0.3556 0.9137
vn -0.3178 0.5087 0.8002
vn -0.1602 0.4852 0.8596
vn -0.1555 0.5082 0.8471
vn -0.1822 -0.0361 0.9826
vn -0.1739 -0.0717 0.9822
vn 0.6120 0.6121 -0.5008
vn 0.3372 0.6744 -0.6569
vn 0.3383 0.6766 -0.6540
vn 0.3679 0.7358 -0.5686
vn 0.6448 0.2070 -0.7358
vn 0.6049 0.2992 -0.7379
vn 0.6890 0.2983 -0.6605
vn 0.7189 0.2168 -0.6604
vn -0.4622 -0.0454 0.8856
vn -0.4603 0.0349 0.8871
vn -0.5633 -0.0113 0.8262
vn -0.5559 -0.1042 0.8247
vn -0.2400 -0.9130 -0.3300
vn -0.3078 -0.9377 -0.1610
vn -0.3041 -0.9368 -0.1729
vn -0.2457 -0.9105 -0.3326
vn 0.2222 0.3932 0.8922
vn 0.0611 0.4545 0.8887
vn 0.0349 0.5193 0.8539
vn -0.0415 0.4655 0.8841
vn 0.2480 -0.1498 -0.9571
vn 0.1473 -0.1463 -0.9782
vn 0.1573 -0.2302 -0.9603
vn 0.3700 -0.2540 -0.8936
vn 0.8036 -0.3672 -0.4684
vn 0.8560 -0.2605 -0.4466
vn 0.8353 -0.3061 -0.4566
vn 0.8353 -0.3062 -0.4566
vn 0.7802 -0.4071 -0.4749
vn 0.8036 -0.3673 -0.4684
vn -0.6486 -0.7611 0.0067
vn -0.6603 -0.7504 -0.0300
vn -0.4230 -0.0000 -0.9061
vn -0.5146 -0.0000 -0.8575
vn -0.4179 -0.0000 -0.9085
vn -0.6641 -0.1706 0.7279
vn -0.7013 -0.3188 0.6376
vn -0.6634 -0.2378 0.7095
vn -0.6513 -0.1194 0.7493
vn -0.3334 -0.6666 0.6667
vn -0.5571 -0.7427 0.3715
vn -0.5352 -0.8005 0.2699
vn -0.5360 -0.7988 0.2731
vn -0.8175 -0.4279 -0.3855
vn -0.8479 -0.2800 -0.4503
vn -0.8997 -0.4217 0.1125
vn 0.1701 -0.9487 0.2664
vn 0.2683 -0.9302 0.2505
vn 0.2564 -0.9309 0.2604
vn 0.1414 -0.9519 0.2720
vn -0.0619 0.0806 0.9948
vn -0.0445 0.1116 0.9928
vn -0.0483 0.0903 0.9947
vn 0.1690 0.2523 -0.9528
vn 0.1509 0.2686 -0.9514
vn 0.3140 0.2548 -0.9146
vn 0.3276 0.2375 -0.9145
vn -0.9670 0.0553 0.2487
vn -0.9670 0.0553 0.2486
vn -0.9639 0.0869 0.2518
vn -0.9609 0.0720 0.2672
vn 0.8107 0.3840 0.4419
vn 0.8211 0.3613 0.4419
vn 0.8257 0.3738 0.4225
vn 0.8124 0.3944 0.4294
vn 0.7043 0.0880 0.7044
vn 0.7218 0.0560 0.6898
vn 0.8346 0.2295 0.5008
vn 0.8215 0.1932 0.5364
vn 0.8354 0.2257 0.5012
vn -0.7040 0.2717 0.6562
vn -0.7133 0.3280 0.6193
vn -0.6878 0.2743 0.6721
vn -0.6866 0.2354 0.6879
vn -0.3084 0.7771 -0.5487
vn -0.2765 0.7604 -0.5876
vn -0.1646 0.8711 -0.4628
vn -0.1378 0.7168 -0.6836
vn 0.1519 0.4946 0.8558
vn 0.0625 0.5318 0.8446
vn 0.1872 0.5271 0.8290
vn 0.2695 0.4837 0.8327
vn -0.5950 -0.7972 0.1020
vn -0.5971 -0.7748 0.2076
vn -0.6280 -0.7779 -0.0227
vn -0.6098 -0.7911 -0.0475
vn 0.1176 0.0274 0.9927
vn 0.1208 0.0263 0.9923
vn 0.1116 0.0242 0.9935
vn 0.1079 0.0233 0.9939
vn 0.6466 -0.6869 0.3317
vn 0.6442 -0.6841 0.3421
vn 0.6807 -0.7051 0.1987
vn 0.6806 -0.7052 0.1987
vn 0.6752 -0.7155 0.1792
vn 0.9151 -0.1144 -0.3868
vn 0.9193 -0.0753 -0.3863
vn 0.8778 -0.1097 -0.4663
vn 0.8293 0.1382 -0.5414
vn 0.4788 -0.0316 0.8774
vn 0.4952 -0.0623 0.8666
vn 0.4789 -0.0901 0.8733
vn 0.4455 -0.0891 0.8909
vn -0.3056 0.0561 0.9505
vn -0.0000 -0.1483 0.9889
vn 0.0417 -0.1645 0.9855
vn 0.0747 -0.1771 0.9814
vn 0.6819 -0.7155 0.1519
vn 0.7572 -0.6521 0.0368
vn 0.7493 -0.6605 0.0478
vn 0.6302 -0.7518 0.1943
vn 0.8425 0.3628 0.3982
vn 0.8462 0.4100 0.3402
vn -0.3566 0.5904 0.7241
vn -0.4153 0.5607 0.7164
vn -0.2863 0.5928 0.7528
vn -0.2262 0.6059 0.7627
vn 0.6509 0.6509 0.3906
vn 0.8729 0.4603 0.1616
vn 0.0957 -0.6261 0.7738
vn 0.1000 -0.6337 0.7671
vn 0.0975 -0.6293 0.7710
vn 0.0933 -0.6220 0.7774
vn 0.8223 0.3212 -0.4698
vn 0.8342 0.3449 -0.4303
vn 0.8585 -0.0282 -0.5120
vn 0.8562 0.0425 -0.5149
vn 0.8720 -0.0692 -0.4845
vn 0.5889 -0.1670 0.7907
vn 0.5880 -0.1706 0.7907
vn 0.9788 -0.0323 0.2022
vn 0.9435 0.0334 0.3297
vn -0.2523 0.2133 0.9438
vn -0.2637 0.2227 0.9385
vn -0.2866 0.1643 0.9439
vn -0.3422 0.1460 0.9282
vn -0.8839 0.4161 0.2136
vn -0.8706 0.4353 0.2291
vn -0.2730 0.0709 -0.9594
vn -0.2651 0.0786 -0.9610
vn -0.1303 -0.9765 0.1716
vn -0.1027 -0.9809 0.1654
vn 0.4308 -0.1107 -0.8956
vn 0.4317 -0.2605 -0.8636
vn 0.4249 -0.2560 -0.8683
vn 0.4572 -0.1095 -0.8826
vn 0.9618 0.2708 -0.0400
vn 0.9379 0.3463 0.0216
vn 0.9479 0.3187 0.0017
vn 0.9655 0.2548 -0.0534
vn -0.9428 -0.2357 0.2357
vn -0.9573 -0.1489 0.2476
vn -0.9528 -0.1305 0.2741
vn -0.9129 -0.3651 -0.1826
vn -0.0221 0.2658 0.9638
vn -0.1509 0.2112 0.9657
vn -0.0679 0.2470 0.9666
vn 0.0760 0.3039 0.9497
vn -0.0220 0.2659 0.9638
vn -0.6313 0.0285 0.7750
vn -0.6139 -0.0000 0.7893
vn -0.6192 0.0085 0.7852
vn -0.6347 0.0343 0.7720
vn -0.0696 0.8704 0.4875
vn -0.1818 0.8182 0.5455
vn -0.0635 0.8727 0.4841
vn -0.0634 0.8728 0.4840
vn -0.0000 0.8944 0.4473
vn -0.0696 0.8704 0.4874
vn 0.0779 -0.2663 0.9607
vn 0.0498 -0.3042 0.9513
vn 0.0658 -0.2936 0.9537
vn 0.0919 -0.2549 0.9626
vn -0.2970 -0.1403 0.9445
vn -0.2910 -0.1455 0.9456
vn -0.3387 -0.1471 0.9293
vn -0.2625 -0.6875 0.6771
vn -0.2998 -0.6595 0.6894
vn -0.2840 -0.6716 0.6843
vn -0.2489 -0.6972 0.6722
vn -0.3791 0.5562 -0.7396
vn 0.1359 0.6379 -0.7580
vn 0.0622 0.6455 -0.7612
vn 0.0579 0.6299 -0.7745
vn 0.1362 0.6560 -0.7424
vn 0.6173 -0.1543 -0.7715
vn 0.3242 -0.2986 -0.8976
vn 0.3464 -0.2885 -0.8926
vn -0.9671 -0.2544 0.0044
vn -0.9662 -0.2503 -0.0614
vn -0.9587 -0.2488 -0.1379
vn -0.9729 -0.2311 0.0054
vn -0.9083 -0.2712 -0.3187
vn -0.8944 -0.0000 -0.4473
vn 0.4882 -0.1593 -0.8581
vn 0.4999 -0.1250 -0.8570
vn 0.2720 -0.9267 0.2593
vn 0.2523 -0.9260 0.2809
vn 0.2502 -0.9224 0.2942
vn 0.2701 -0.9341 0.2333
vn 0.9160 -0.4009 -0.0162
vn 0.9204 -0.3835 0.0767
vn -0.6667 0.7333 0.1333
vn -0.4649 -0.1350 0.8750
vn -0.5312 -0.1593 0.8322
vn 0.5304 -0.8097 0.2513
vn 0.5272 -0.8155 0.2389
vn 0.5351 -0.8005 0.2699
vn 0.6654 0.0922 0.7407
vn 0.6131 0.1326 0.7788
vn 0.6202 0.1710 0.7656
vn 0.6834 0.1500 0.7145
vn 0.3723 0.4227 0.8263
vn 0.3899 0.2858 0.8754
vn 0.4246 0.3139 0.8492
vn 0.4088 0.4055 0.8176
vn 0.0409 0.9992 -0.0000
vn 0.0415 0.9991 -0.0000
vn 0.3007 0.6598 0.6887
vn 0.2417 0.6447 0.7252
vn 0.2696 0.6522 0.7085
vn 0.3333 0.6667 0.6666
vn -0.3146 -0.1669 -0.9344
vn -0.3028 -0.1212 -0.9453
vn -0.3047 -0.1220 -0.9446
vn -0.3144 -0.1656 -0.9348
vn 0.6943 -0.0987 0.7129
vn 0.7046 -0.0840 0.7046
vn -0.8668 0.3249 0.3784
vn -0.8573 0.1847 0.4805
vn -0.6559 -0.5488 0.5183
vn -0.6328 -0.5670 0.5274
vn -0.6430 -0.5590 0.5235
vn -0.6706 -0.5366 0.5122
vn -0.0358 0.0828 0.9959
vn -0.0534 0.1311 0.9899
vn 0.0058 0.6904 -0.7234
vn -0.0000 0.7071 -0.7071
vn -0.1422 -0.7390 -0.6586
vn -0.1353 -0.7443 -0.6540
vn -0.1528 -0.7307 -0.6654
vn -0.1610 -0.7241 -0.6706
vn -0.7046 -0.7096 -0.0033
vn -0.6852 -0.7206 0.1063
vn -0.6905 -0.7157 0.1047
vn -0.7028 -0.7113 -0.0070
vn -0.9188 -0.0801 0.3864
vn -0.8931 -0.1323 0.4300
vn 0.1095 -0.0195 0.9938
vn 0.1046 -0.0262 0.9942
vn 0.1180 -0.0082 0.9930
vn 0.1240 -0.0000 0.9923
vn 0.1096 -0.0195 0.9938
vn 0.0917 -0.9947 -0.0458
vn 0.1085 -0.9935 -0.0336
vn -0.9306 -0.2247 -0.2889
vn -0.9258 -0.2404 -0.2917
vn -0.9424 -0.1814 -0.2809
vn -0.9452 -0.1699 -0.2787
vn 0.3120 0.7895 -0.5285
vn 0.2379 0.7775 -0.5821
vn 0.2373 0.7911 -0.5638
vn 0.3160 0.7807 -0.5391
vn 0.3120 0.7895 -0.5286
vn -0.3288 -0.8271 -0.4559
vn -0.4083 -0.8165 -0.4082
vn -0.3610 -0.8237 -0.4372
vn -0.2872 -0.8297 -0.4786
vn -0.3287 -0.8271 -0.4559
vn 0.9167 0.3406 0.2090
vn 0.9108 0.3534 0.2133
vn 0.9395 0.2535 0.2305
vn 0.9373 0.2568 0.2356
vn 0.4475 0.0572 -0.8925
vn 0.3981 0.2119 -0.8925
vn 0.4192 0.1661 -0.8926
vn 0.4202 0.0191 -0.9072
vn -0.9585 -0.0783 0.2742
vn -0.9448 -0.0900 0.3150
vn -0.9719 -0.0647 0.2264
vn -0.9791 -0.0559 0.1958
vn -0.2149 -0.1381 0.9668
vn -0.3496 -0.1173 0.9295
vn -0.3377 -0.1331 0.9318
vn 0.6630 -0.2207 -0.7153
vn 0.6232 -0.3587 -0.6950
vn 0.5878 -0.3967 -0.7051
vn 0.6619 -0.2193 -0.7168
vn 0.9136 0.1632 0.3725
vn 0.8720 0.2747 0.4051
vn 0.9210 0.0468 0.3868
vn 0.9392 0.0361 0.3415
vn 0.9333 -0.3334 -0.1333
vn 0.9514 -0.2895 -0.1054
vn 0.8175 -0.4279 -0.3855
vn 0.7291 -0.4362 -0.5274
vn 0.7922 -0.3413 -0.5058
vn 0.8479 -0.2800 -0.4503
vn 0.3384 0.4743 -0.8127
vn 0.3245 0.4866 -0.8111
vn 0.3374 0.4752 -0.8126
vn 0.3487 0.4650 -0.8137
vn -0.9273 -0.2437 -0.2841
vn -0.9257 -0.2410 -0.2916
vn -0.5598 0.7480 0.3567
vn -0.5848 0.8094 0.0536
vn -0.5892 0.7912 0.1638
vn -0.5428 0.7107 0.4476
vn 0.0617 -0.0591 -0.9963
vn 0.1203 -0.0570 -0.9911
vn 0.0890 -0.0904 -0.9919
vn 0.0592 -0.0805 -0.9950
vn 0.1396 -0.1612 -0.9770
vn 0.1718 -0.0417 -0.9842
vn 0.2130 0.0426 -0.9761
vn -0.9619 -0.0127 0.2730
vn -0.9619 -0.0664 0.2653
vn -0.9588 -0.0002 0.2841
vn 0.8912 0.2351 -0.3878
vn 0.8915 0.2342 -0.3878
vn 0.1271 -0.9322 -0.3389
vn 0.1271 -0.9322 -0.3390
vn -0.7639 0.4402 -0.4719
vn -0.6685 0.5280 -0.5238
vn -0.5883 0.6032 -0.5385
vn -0.6052 0.5688 -0.5570
vn -0.5548 -0.0000 0.8320
vn 0.0947 -0.8997 -0.4262
vn 0.1697 -0.8852 -0.4332
vn 0.7004 0.1499 0.6978
vn 0.7073 0.3231 0.6287
vn 0.7129 0.3180 0.6251
vn 0.6825 0.2925 0.6698
vn 0.7927 -0.4874 0.3660
vn 0.8165 -0.4082 0.4083
vn 0.8120 -0.4256 0.3995
vn 0.7877 -0.5013 0.3581
vn 0.7927 -0.4875 0.3660
vn -0.7056 0.0641 -0.7057
vn -0.7057 0.0642 -0.7056
vn -0.6837 0.4616 -0.5652
vn -0.6698 0.4553 -0.5866
vn 0.4300 0.8483 -0.3091
vn 0.5048 0.8167 -0.2797
vn 0.3187 0.8712 -0.3734
vn -0.8617 -0.1723 -0.4773
vn -0.7972 -0.2633 -0.5433
vn 0.0024 -0.0457 0.9990
vn 0.0036 -0.0611 0.9981
vn 0.1309 -0.0589 0.9897
vn 0.0661 -0.0573 0.9962
vn 0.1131 -0.9758 0.1874
vn 0.1488 -0.9635 0.2224
vn 0.1338 -0.9628 0.2348
vn 0.1244 -0.9644 0.2333
vn -0.8931 -0.3154 0.3208
vn -0.8976 -0.4224 0.1262
vn -0.4258 -0.2173 0.8783
vn -0.4698 -0.3354 0.8166
vn -0.4597 -0.2305 0.8576
vn -0.5244 -0.1977 0.8282
vn 0.9612 -0.0265 -0.2746
vn 0.9625 -0.0255 -0.2702
vn -0.6133 -0.7448 -0.2629
vn -0.6056 -0.7452 -0.2791
vn -0.6039 -0.7453 -0.2826
vn -0.7314 -0.5257 -0.4344
vn -0.7258 -0.5245 -0.4451
vn -0.7248 -0.5242 -0.4471
vn 0.3719 0.5719 0.7312
vn 0.3207 0.6751 0.6643
vn 0.3608 0.6558 0.6631
vn 0.4229 0.5437 0.7249
vn 0.9551 -0.2683 -0.1255
vn 0.9607 -0.2027 -0.1895
vn 0.5155 -0.0856 -0.8526
vn 0.5639 -0.0792 -0.8221
vn 0.5543 -0.0714 -0.8293
vn 0.5247 -0.0803 -0.8475
vn -0.7114 0.4690 0.5233
vn -0.6926 0.6066 0.3903
vn -0.6870 0.4190 -0.5937
vn -0.6810 0.4256 -0.5958
vn -0.6873 0.4187 -0.5936
vn -0.6939 0.4112 -0.5911
vn 0.9701 -0.2425 -0.0000
vn 0.9631 -0.2407 -0.1204
vn -0.5149 -0.3718 0.7724
vn -0.5253 -0.3617 0.7702
vn -0.5382 -0.2421 0.8073
vn -0.5293 -0.2322 0.8160
vn -0.4341 0.1573 -0.8870
vn -0.4604 0.1256 -0.8788
vn -0.4347 0.1566 -0.8869
vn -0.4094 0.1861 -0.8932
vn -0.9709 -0.1773 -0.1609
vn -0.9736 -0.1681 -0.1546
vn -0.9737 -0.1711 -0.1507
vn 0.8273 -0.5612 -0.0253
vn 0.8051 -0.5912 -0.0479
vn 0.7795 -0.6252 -0.0385
vn 0.8320 -0.5547 -0.0000
vn 0.3226 0.1444 0.9355
vn 0.4180 0.1503 0.8959
vn 0.3873 0.1457 0.9104
vn 0.2958 0.1382 0.9452
vn 0.8937 -0.1579 0.4199
vn 0.9023 -0.1313 0.4107
vn 0.7824 -0.1831 0.5953
vn 0.7647 -0.2039 0.6112
vn 0.9139 -0.3057 0.2672
vn 0.9079 -0.2750 0.3164
vn 0.9129 -0.1826 0.3651
vn -0.3997 0.0526 0.9151
vn -0.4206 0.0598 0.9053
vn -0.3920 -0.0155 0.9198
vn -0.4123 -0.0192 0.9108
vn -0.2369 -0.0689 0.9691
vn -0.2227 -0.0586 0.9731
vn -0.2361 -0.0683 0.9693
vn -0.2511 -0.0793 0.9647
vn -0.1781 0.3751 0.9097
vn -0.0370 0.4937 0.8688
vn -0.0000 0.4472 0.8944
vn -0.8155 0.0939 0.5711
vn -0.7036 0.0923 0.7046
vn -0.6332 0.2005 0.7476
vn -0.9423 -0.3149 0.1138
vn -0.9596 -0.2469 0.1347
vn -0.9569 -0.2639 0.1211
vn -0.9569 -0.2639 0.1210
vn -0.9380 -0.3327 0.0973
vn -0.9785 0.1747 -0.1092
vn -0.9806 0.1961 -0.0000
vn -0.9806 0.1958 -0.0010
vn -0.9812 0.1635 -0.1022
vn -0.6780 -0.7289 -0.0948
vn -0.7028 -0.7113 -0.0071
vn -0.6745 -0.7331 -0.0880
vn -0.6780 -0.7290 -0.0948
vn -0.5759 -0.1863 0.7960
vn -0.5807 -0.1901 0.7916
vn -0.9610 0.0451 -0.2728
vn -0.9594 0.0406 -0.2792
vn -0.9447 0.0917 -0.3149
vn 0.1564 -0.2453 0.9567
vn 0.2552 -0.2779 0.9261
vn 0.3122 -0.3270 0.8920
vn 0.0867 -0.1858 0.9787
vn -0.1782 0.3750 0.9097
vn -0.9827 -0.1853 -0.0002
vn -0.9771 -0.2124 0.0091
vn -0.9757 -0.2081 -0.0692
vn -0.9844 -0.1758 -0.0000
vn -0.2684 -0.3444 0.8996
vn -0.2724 -0.3511 0.8958
vn -0.3053 -0.2599 0.9161
vn -0.3065 -0.2461 0.9195
vn -0.4886 0.1576 0.8582
vn -0.4960 0.1768 0.8501
vn -0.1925 -0.1925 0.9622
vn -0.1726 -0.4747 0.8631
vn 0.9785 0.1747 -0.1092
vn 0.9812 0.1635 -0.1022
vn 0.9806 0.1958 -0.0010
vn 0.9806 0.1961 -0.0000
vn -0.2610 -0.7447 0.6142
vn -0.0596 -0.7325 0.6782
vn -0.2551 -0.7577 0.6007
vn 0.9791 -0.0796 0.1872
vn 0.9459 -0.2865 0.1524
vn 0.9394 -0.3013 0.1633
vn 0.9780 -0.0771 0.1938
vn -0.4527 -0.1918 0.8708
vn -0.4729 -0.1576 0.8669
vn -0.4562 -0.1859 0.8702
vn -0.4562 -0.1860 0.8702
vn -0.4364 -0.2183 0.8729
vn -0.6245 0.0260 -0.7806
vn -0.5901 -0.0154 -0.8072
vn -0.6247 -0.0000 -0.7809
vn -0.7881 0.2425 -0.5658
vn -0.7935 0.5134 0.3267
vn -0.8948 0.3957 0.2068
vn -0.8797 0.4284 0.2066
vn -0.8317 0.5387 0.1347
vn 0.3415 0.0474 -0.9387
vn 0.4189 0.0175 -0.9079
vn 0.0472 0.1114 -0.9927
vn -0.4787 0.3029 0.8241
vn -0.4073 0.3464 0.8450
vn -0.4133 0.3127 0.8552
vn -0.3106 -0.1480 -0.9390
vn -0.2922 -0.1680 -0.9415
vn -0.5751 0.1073 0.8110
vn -0.5587 0.0306 0.8288
vn -0.5621 0.0356 0.8263
vn -0.5877 0.0979 0.8031
vn -0.9861 0.0046 -0.1658
vn -0.9864 0.0046 -0.1644
vn -0.9802 0.0304 -0.1958
vn -0.9800 0.0328 -0.1961
vn -0.4769 0.2384 0.8460
vn -0.4581 0.2290 0.8589
vn 0.0867 0.1836 0.9792
vn 0.1188 0.1096 0.9868
vn 0.0970 0.1600 0.9823
vn 0.0560 0.2520 0.9661
vn -0.8148 -0.1253 0.5660
vn -0.0151 -0.0756 0.9970
vn -0.0364 -0.1819 0.9826
vn -0.0565 -0.1356 0.9891
vn -0.0151 -0.0755 0.9970
vn 0.8469 -0.2649 -0.4611
vn 0.6313 0.0285 0.7750
vn 0.6348 0.0343 0.7719
vn 0.6192 0.0085 0.7852
vn 0.6139 -0.0000 0.7893
vn 0.9133 0.0240 0.4065
vn 0.9094 0.0345 0.4145
vn 0.9099 0.0356 0.4134
vn 0.9165 0.0123 0.3998
vn 0.9547 -0.2397 0.1765
vn 0.9684 -0.1559 0.1945
vn 0.9715 -0.1536 0.1808
vn 0.9539 -0.2426 0.1765
vn -0.6424 0.3212 0.6959
vn 0.5093 0.4410 0.7390
vn 0.4840 0.3537 0.8004
vn 0.5111 0.4478 0.7337
vn 0.5298 0.5298 0.6622
vn -0.1888 0.2417 0.9518
vn -0.2106 0.1923 0.9585
vn -0.2145 0.1869 0.9587
vn 0.1005 0.7035 -0.7036
vn 0.6857 0.4174 0.5962
vn 0.4906 0.6744 0.5518
vn -0.9361 0.3049 0.1755
vn -0.9365 0.3025 0.1774
vn -0.9033 0.3923 0.1737
vn -0.8996 0.3969 0.1821
vn 0.5751 0.1073 0.8110
vn 0.5877 0.0979 0.8031
vn 0.8619 0.2104 -0.4615
vn 0.8183 0.1818 -0.5453
vn -0.5697 0.2334 -0.7880
vn -0.6048 0.2040 -0.7698
vn -0.5670 0.2157 -0.7950
vn -0.5418 0.2379 -0.8061
vn 0.4137 0.3609 -0.8358
vn 0.4450 0.4005 -0.8010
vn 0.3899 0.3871 -0.8355
vn 0.3652 0.3625 -0.8575
vn -0.3114 -0.1768 0.9337
vn -0.3120 -0.1644 0.9357
vn -0.3139 -0.1255 0.9411
vn -0.0788 -0.3153 0.9457
vn -0.2182 0.5181 -0.8271
vn -0.1221 0.4439 -0.8877
vn 0.9188 -0.3208 0.2298
vn 0.8899 -0.3465 0.2966
vn 0.9057 -0.3198 0.2781
vn 0.9224 -0.3161 0.2218
vn -0.9784 -0.1970 0.0627
vn 0.5739 -0.4117 -0.7079
vn 0.5619 -0.3912 -0.7289
vn 0.6238 -0.4423 -0.6444
vn 0.6247 -0.4687 -0.6246
vn 0.3689 0.0882 -0.9253
vn 0.1534 0.0617 -0.9862
vn 0.1669 0.0690 -0.9836
vn 0.4497 0.1384 -0.8824
vn -0.8458 0.0720 -0.5287
vn -0.8562 0.0426 -0.5150
vn -0.8425 0.2849 -0.4572
vn -0.8274 0.2425 -0.5065
vn 0.8672 -0.1708 0.4677
vn 0.8679 -0.1811 0.4625
vn 0.8264 0.4722 0.3069
vn 0.7845 0.5099 0.3530
vn 0.8172 0.4810 0.3175
vn 0.8535 0.4438 0.2731
vn -0.3162 -0.0000 -0.9487
vn -0.3670 -0.5763 -0.7302
vn -0.4166 -0.5630 -0.7138
vn 0.7536 -0.2209 0.6191
vn 0.7273 -0.2170 0.6511
vn 0.7365 -0.3645 0.5699
vn 0.7170 -0.3867 0.5800
vn 0.6520 -0.2273 0.7233
vn 0.6358 -0.2260 0.7380
vn -0.2182 -0.8729 -0.4364
vn -0.6965 -0.3980 -0.5970
vn -0.2306 -0.0925 -0.9686
vn -0.2311 -0.0884 -0.9689
vn -0.0000 0.7809 0.6247
vn -0.0181 0.8388 0.5441
vn -0.8767 -0.1610 0.4532
vn -0.8834 -0.2410 0.4018
vn -0.8762 -0.1989 0.4390
vn -0.8847 -0.1474 0.4423
vn 0.7580 0.6204 -0.2012
vn 0.7664 0.6270 -0.1394
vn 0.6420 -0.7218 -0.2585
vn 0.5907 -0.7324 -0.3387
vn 0.5785 -0.7376 -0.3482
vn 0.6388 -0.7248 -0.2580
vn 0.0475 -0.1783 -0.9828
vn 0.0116 -0.1622 -0.9867
vn 0.0139 -0.0027 -0.9999
vn 0.8723 -0.4837 0.0713
vn 0.8617 -0.4594 0.2154
vn 0.8699 -0.4558 0.1885
vn 0.8699 -0.4558 0.1884
vn 0.8944 -0.4472 -0.0000
vn 0.8723 -0.4837 0.0712
vn -0.4313 0.1026 0.8964
vn -0.4100 0.1122 0.9052
vn 0.6136 0.0447 -0.7884
vn 0.2552 0.6035 0.7554
vn 0.0322 0.5822 0.8124
vn 0.1175 0.5632 0.8179
vn 0.2803 0.6093 0.7418
vn 0.7787 0.0036 -0.6274
vn 0.7681 0.0180 -0.6401
vn 0.7603 0.0829 -0.6442
vn 0.7533 0.0710 -0.6538
vn -0.0000 0.0885 0.9961
vn 0.0446 0.1894 0.9809
vn -0.4260 -0.6090 0.6691
vn -0.4261 -0.6156 0.6629
vn -0.4255 -0.5925 0.6840
vn -0.4252 -0.5847 0.6909
vn 0.0064 -0.0471 -0.9989
vn 0.2373 0.1978 0.9511
vn 0.1629 0.1357 0.9773
vn 0.2361 0.1967 0.9516
vn 0.3058 0.2548 0.9174
vn -0.3539 -0.4995 0.7907
vn -0.3244 -0.4867 0.8111
vn -0.2230 -0.5345 0.8152
vn -0.2655 -0.5493 0.7923
vn -0.6641 -0.0456 -0.7462
vn -0.7268 -0.1299 -0.6745
vn 0.0879 0.2629 -0.9608
vn 0.1298 0.3195 -0.9387
vn 0.1145 0.2989 -0.9474
vn 0.0620 0.2274 -0.9718
vn 0.8916 -0.3416 0.2972
vn 0.8848 -0.3609 0.2949
vn 0.3453 -0.8343 -0.4298
vn 0.4142 -0.8422 -0.3451
vn 0.4811 -0.7797 -0.4008
vn 0.3831 -0.8061 -0.4510
vn 0.9147 -0.1525 0.3742
vn 0.9352 -0.0420 0.3515
vn 0.9392 0.0360 0.3415
vn 0.9966 0.0386 0.0731
vn 0.9952 -0.0138 0.0968
vn 0.9963 0.0546 0.0658
vn 0.9939 0.1006 0.0447
vn 0.7807 -0.3573 -0.5126
vn 0.7796 -0.3282 -0.5334
vn 0.0213 -0.1789 -0.9836
vn 0.0462 -0.0838 -0.9954
vn -0.7985 0.2248 -0.5584
vn -0.8179 0.2337 -0.5258
vn -0.8126 0.2175 -0.5408
vn -0.7984 0.2117 -0.5637
vn 0.4029 -0.9065 -0.1259
vn 0.5906 -0.7324 -0.3387
vn 0.4965 -0.7565 -0.4256
vn -0.6772 -0.1113 -0.7274
vn -0.6994 -0.1624 -0.6961
vn -0.2722 -0.2333 -0.9335
vn -0.2723 -0.2333 -0.9335
vn -0.5906 -0.8068 -0.0133
vn -0.5650 -0.8197 -0.0942
vn -0.5690 -0.8182 -0.0823
vn -0.5944 -0.8042 -0.0000
vn -0.7709 0.1283 -0.6239
vn -0.7373 0.1638 -0.6554
vn -0.7717 0.1274 -0.6230
vn -0.8044 0.0894 -0.5874
vn 0.8001 0.5037 0.3259
vn 0.8684 0.4441 0.2205
vn 0.8585 0.4041 0.3156
vn -0.9954 -0.0269 0.0922
vn -0.9759 -0.2082 0.0652
vn 0.8801 -0.2178 0.4219
vn 0.8851 -0.2309 0.4041
vn 0.2729 -0.3674 -0.8891
vn 0.2539 -0.3093 -0.9164
vn 0.2594 -0.3149 -0.9130
vn 0.2958 -0.3854 -0.8741
vn -0.5010 -0.0518 0.8639
vn -0.4810 -0.0858 0.8725
vn 0.4111 -0.6352 0.6539
vn 0.2727 -0.6143 0.7405
vn 0.3300 -0.6244 0.7079
vn 0.4739 -0.6515 0.5923
vn -0.6384 0.3406 0.6903
vn -0.6111 0.4073 0.6787
vn -0.6173 0.4000 0.6775
vn -0.6496 0.3259 0.6869
vn -0.4620 -0.2830 0.8405
vn -0.4268 -0.2989 0.8535
vn -0.5930 -0.1932 0.7817
vn -0.6237 -0.1732 0.7623
vn -0.4621 -0.2830 0.8405
vn -0.8100 -0.1941 -0.5534
vn -0.8071 -0.2017 -0.5549
vn -0.8595 -0.1754 -0.4801
vn -0.8568 -0.1714 -0.4863
vn -0.8100 -0.1940 -0.5534
vn -0.9326 0.0613 0.3556
vn -0.9481 0.0545 0.3133
vn -0.9390 0.0668 0.3373
vn -0.9203 0.0768 0.3835
vn -0.7150 0.1413 0.6847
vn -0.7157 0.1420 0.6838
vn -0.6819 -0.7155 0.1518
vn -0.6302 -0.7518 0.1943
vn -0.7493 -0.6605 0.0478
vn -0.7572 -0.6521 0.0368
vn -0.8547 0.4110 0.3170
vn -0.8480 0.4240 0.3180
vn -0.8516 0.4112 0.3252
vn -0.9000 0.4039 -0.1641
vn -0.9584 0.2366 -0.1598
vn -0.9577 0.2396 -0.1597
vn -0.9088 0.3888 -0.1515
vn -0.6559 0.5098 -0.5566
vn -0.6432 0.4597 -0.6123
vn -0.6396 0.4263 -0.6396
vn -0.6697 0.4553 -0.5867
vn 0.1349 0.5989 -0.7894
vn 0.1965 0.4580 -0.8670
vn 0.3633 -0.3845 -0.8486
vn 0.2962 -0.3550 -0.8867
vn 0.3301 -0.3710 -0.8680
vn 0.3637 -0.3839 -0.8487
vn -0.5355 -0.2059 -0.8190
vn -0.5436 -0.2532 -0.8002
vn -0.4802 -0.2605 -0.8376
vn -0.5429 -0.2044 -0.8145
vn -0.0000 -0.8945 -0.4471
vn -0.4138 -0.8278 -0.3789
vn -0.4191 -0.8381 -0.3492
vn 0.5741 0.2176 -0.7893
vn 0.4971 0.3529 -0.7927
vn 0.5308 0.3198 -0.7848
vn 0.5786 0.2128 -0.7873
vn 0.2526 -0.0919 -0.9632
vn 0.2110 -0.1221 -0.9698
vn 0.9563 0.2632 0.1272
vn 0.9569 0.2563 0.1367
vn 0.9564 0.2623 0.1284
vn 0.9558 0.2688 0.1195
vn 0.9563 0.2632 0.1271
vn 0.2766 -0.8300 0.4843
vn 0.5449 -0.7785 0.3115
vn 0.4728 0.8807 -0.0299
vn 0.4467 0.8932 -0.0515
vn 0.5058 0.8611 -0.0514
vn 0.5058 0.8611 -0.0513
vn 0.5548 0.8320 -0.0000
vn 0.4930 0.7302 -0.4730
vn 0.3427 0.8277 -0.4444
vn 0.3261 0.8710 -0.3674
vn 0.5075 0.8068 -0.3026
vn 0.1189 0.9345 0.3355
vn 0.1679 0.9213 0.3506
vn 0.1283 0.9035 0.4089
vn 0.0732 0.3065 0.9490
vn 0.0452 0.3263 0.9442
vn 0.7948 0.4958 0.3500
vn 0.7794 0.5072 0.3678
vn 0.7982 0.5108 0.3193
vn 0.5164 0.8454 0.1362
vn 0.5152 0.8462 0.1361
vn 0.4326 0.8918 0.1324
vn 0.4326 0.8918 0.1325
vn -0.7684 -0.0561 -0.6375
vn -0.7971 -0.0854 -0.5978
vn 0.9964 0.0834 -0.0116
vn 0.9950 0.0995 -0.0000
vn 0.7941 -0.0430 0.6063
vn 0.7756 -0.1375 0.6161
vn 0.7789 -0.1229 0.6149
vn 0.8201 -0.0198 0.5718
vn -0.2989 -0.0115 0.9542
vn -0.2598 -0.0371 0.9650
vn -0.6481 0.3154 0.6932
vn -0.6484 0.3057 0.6972
vn -0.6428 0.3909 0.6587
vn -0.6328 0.3644 0.6832
vn 0.7127 0.2166 -0.6672
vn 0.5713 0.1561 -0.8057
vn 0.6529 0.2150 -0.7263
vn 0.7728 0.2787 -0.5701
vn -0.9502 -0.2535 0.1814
vn -0.9399 -0.2532 0.2291
vn -0.9693 -0.2358 0.0698
vn -0.9771 -0.2113 0.0264
vn 0.9497 -0.2476 -0.1916
vn 0.9466 -0.2811 -0.1578
vn -0.9824 0.0900 0.1637
vn -0.9832 0.0803 0.1639
vn -0.9774 0.1351 0.1629
vn -0.9740 0.1157 0.1946
vn -0.3415 0.0474 -0.9387
vn -0.0815 0.0418 -0.9958
vn 0.0817 0.0774 -0.9936
vn -0.4189 0.0175 -0.9079
vn 0.0395 0.1579 -0.9867
vn 0.0179 0.0714 -0.9973
vn 0.0174 0.0695 -0.9974
vn -0.1488 0.3349 -0.9304
vn -0.2450 -0.3431 -0.9068
vn 0.9639 -0.1978 -0.1780
vn 0.9525 -0.2336 -0.1955
vn 0.9642 -0.2284 -0.1348
vn 0.2425 -0.0000 0.9702
vn 0.2425 -0.0000 0.9701
vn 0.0906 0.0863 -0.9921
vn 0.0247 0.0566 -0.9981
vn -0.9921 0.1205 0.0354
vn -0.9939 0.1005 0.0447
vn -0.9926 0.1156 0.0377
vn -0.9926 0.1155 0.0377
vn -0.9901 0.1375 0.0275
vn -0.9921 0.1206 0.0354
vn 0.6203 0.0501 0.7828
vn 0.6023 0.0723 0.7950
vn 0.6063 0.0787 0.7913
vn 0.6303 0.0323 0.7757
vn -0.3345 0.8921 -0.3037
vn -0.3387 0.9033 -0.2634
vn 0.1118 -0.9244 -0.3647
vn 0.1172 -0.9044 -0.4103
vn 0.0877 -0.9128 -0.3988
vn 0.0650 -0.9186 -0.3897
vn -0.8491 0.5265 -0.0432
vn -0.8354 0.5494 0.0168
vn -0.8601 0.5025 -0.0878
vn -0.8601 0.5025 -0.0879
vn -0.8677 0.4614 -0.1851
vn -0.7628 -0.5085 -0.3995
vn -0.8948 -0.1789 -0.4090
vn -0.5774 -0.5774 0.5772
vn -0.5773 -0.5775 0.5772
vn 0.2515 -0.0838 0.9642
vn 0.3063 -0.0674 0.9495
vn 0.2445 0.1148 0.9628
vn 0.2417 -0.0806 0.9670
vn -0.0000 -0.1034 0.9946
vn -0.0000 -0.3391 0.9407
vn -0.0000 -0.1134 0.9936
vn -0.0000 -0.1326 0.9912
vn 0.0703 -0.5069 0.8591
vn 0.1126 -0.5407 0.8336
vn 0.9588 -0.0421 0.2810
vn 0.9593 -0.0405 0.2795
vn 0.9476 -0.0765 0.3101
vn 0.9481 -0.0819 0.3074
vn 0.9647 0.2563 -0.0603
vn -0.7442 -0.2481 -0.6202
vn -0.7454 -0.2961 -0.5973
vn -0.7453 -0.2962 -0.5973
vn -0.1998 0.2113 0.9568
vn -0.7266 -0.6606 -0.1887
vn -0.7315 -0.6629 -0.1596
vn -0.0159 0.9997 0.0179
vn -0.9358 0.3027 0.1805
vn -0.9373 0.2929 0.1888
vn 0.9503 0.1584 -0.2680
vn 0.9497 0.1329 -0.2835
vn 0.9452 0.0783 -0.3171
vn 0.8319 -0.5546 -0.0213
vn 0.4971 0.3530 -0.7927
vn 0.4097 0.5033 -0.7608
vn 0.4567 0.4583 -0.7625
vn 0.3359 -0.5700 0.7499
vn 0.3311 -0.5792 0.7449
vn 0.3417 -0.5587 0.7557
vn 0.3450 -0.5521 0.7590
vn -0.6119 0.7896 -0.0450
vn 0.4066 -0.2889 -0.8667
vn 0.3593 -0.3143 -0.8787
vn -0.3817 0.0400 0.9234
vn -0.4223 0.0154 0.9063
vn -0.3686 0.0478 0.9284
vn 0.1082 0.0520 0.9928
vn 0.0070 0.0389 0.9992
vn 0.0096 0.0043 0.9999
vn 0.5184 -0.0740 -0.8519
vn 0.5576 -0.1174 -0.8217
vn -0.4663 -0.2797 0.8393
vn -0.6510 -0.3906 0.6509
vn -0.6401 -0.4253 0.6399
vn -0.6374 -0.4332 0.6372
vn -0.8820 -0.4112 -0.2302
vn -0.8863 -0.3799 -0.2647
vn -0.9136 -0.3534 -0.2012
vn -0.9143 -0.3606 -0.1842
vn 0.7790 -0.3798 0.4990
vn 0.7614 -0.4034 0.5075
vn -0.9551 -0.2682 -0.1255
vn -0.9607 -0.2027 -0.1895
vn 0.9807 0.0726 0.1816
vn 0.9432 0.1234 0.3085
vn -0.9733 -0.1622 -0.1622
vn -0.9717 -0.1722 -0.1619
vn -0.9720 -0.1732 -0.1590
vn -0.9366 -0.3208 0.1411
vn -0.9372 -0.3066 0.1664
vn -0.6983 0.3663 -0.6149
vn -0.8405 0.2843 -0.4612
vn 0.7079 0.1353 -0.6933
vn 0.7505 0.1899 -0.6330
vn -0.0024 0.1954 -0.9807
vn -0.0026 0.3452 -0.9385
vn -0.7285 -0.3688 -0.5772
vn -0.6637 -0.3950 -0.6352
vn -0.6627 -0.3960 -0.6357
vn -0.8319 0.0885 0.5478
vn -0.9129 -0.3651 -0.1825
vn 0.7195 -0.6368 -0.2770
vn 0.7845 -0.5883 -0.1961
vn 0.7356 -0.6262 -0.2584
vn 0.6667 -0.6666 -0.3333
vn 0.6581 -0.4477 -0.6054
vn 0.6549 -0.4192 -0.6287
vn 0.6622 -0.5283 -0.5313
vn 0.6618 -0.5560 -0.5029
vn -0.6904 0.2158 -0.6905
vn -0.6878 0.2322 -0.6878
vn -0.6877 0.2325 -0.6877
vn -0.4095 0.1585 -0.8984
vn 0.2199 0.0965 0.9707
vn -0.8896 0.2865 0.3558
vn -0.8854 0.2527 0.3902
vn -0.8944 0.2683 0.3577
vn -0.2039 0.6394 0.7413
vn -0.0712 0.7493 0.6584
vn -0.1836 0.7453 0.6410
vn -0.2709 0.6096 0.7450
vn -0.9413 -0.1130 -0.3180
vn -0.9313 -0.1103 -0.3471
vn -0.9590 -0.1302 -0.2517
vn -0.9636 -0.1482 -0.2223
vn -0.9860 -0.0888 -0.1408
vn -0.9827 0.0404 -0.1807
vn 0.5846 -0.8113 0.0111
vn 0.5843 -0.8115 -0.0000
vn 0.5844 -0.8069 0.0856
vn 0.5841 -0.8058 0.0973
vn -0.4450 -0.2357 -0.8639
vn -0.4353 -0.2285 -0.8708
vn -0.3646 0.9135 -0.1805
vn -0.3817 0.9068 -0.1787
vn -0.4903 0.1067 0.8650
vn 0.8224 -0.3358 -0.4592
vn 0.7950 -0.2816 -0.5372
vn 0.9045 -0.3015 -0.3016
vn 0.7002 -0.1400 -0.7001
vn 0.7028 -0.1101 -0.7028
vn 0.7029 -0.1089 -0.7029
vn 0.2356 -0.9428 0.2357
vn 0.5453 -0.4894 -0.6805
vn 0.4856 -0.5367 -0.6901
vn 0.5002 0.6669 -0.5523
vn 0.5145 0.6860 -0.5146
vn -0.0037 0.0662 -0.9978
vn -0.9176 -0.3959 -0.0360
vn -0.9557 -0.2689 -0.1195
vn -0.9416 -0.3263 -0.0827
vn -0.8944 -0.4473 -0.0000
vn 0.1963 0.2617 -0.9450
vn 0.2203 0.2937 -0.9302
vn 0.1912 0.2549 -0.9479
vn 0.1649 0.2198 -0.9615
vn 0.3931 -0.0000 0.9195
vn 0.4472 0.0001 0.8944
vn 0.3686 -0.0000 0.9296
vn 0.3162 -0.0000 0.9487
vn 0.8463 -0.2344 0.4783
vn -0.7522 -0.3184 -0.5770
vn -0.7949 -0.2816 -0.5374
vn -0.6616 -0.2269 -0.7147
vn -0.3320 0.0234 -0.9430
vn -0.3159 0.0020 -0.9488
vn -0.7576 -0.1284 -0.6400
vn -0.7374 -0.1344 -0.6620
vn -0.8742 -0.2914 -0.3885
vn 0.4445 -0.5163 0.7320
vn 0.4195 -0.5035 0.7553
vn 0.4518 -0.5200 0.7249
vn 0.4706 -0.5294 0.7059
vn 0.8410 -0.5393 -0.0435
vn 0.8317 -0.5544 -0.0305
vn 0.8400 -0.5424 -0.0133
vn 0.8575 -0.5145 -0.0000
vn -0.6163 0.4795 -0.6246
vn -0.6321 0.5405 -0.5553
vn -0.0033 -0.8167 -0.5770
vn -0.1333 -0.7007 -0.7009
vn -0.1290 -0.7144 -0.6877
vn -0.0032 -0.8320 -0.5548
vn -0.9918 0.0310 -0.1240
vn -0.9907 0.0102 -0.1357
vn 0.4604 -0.0997 -0.8821
vn 0.4376 -0.1056 -0.8929
vn 0.1082 -0.2171 0.9701
vn 0.1010 -0.1923 0.9761
vn -0.2246 0.3375 -0.9141
vn -0.3715 0.3767 -0.8486
vn -0.3829 0.3624 -0.8497
vn -0.2490 0.3216 -0.9135
vn 0.5547 -0.0000 -0.8321
vn 0.5152 -0.8485 -0.1212
vn 0.9487 -0.0000 -0.3162
vn 0.9548 0.0519 -0.2927
vn 0.9566 0.0471 -0.2874
vn 0.9100 -0.3289 -0.2523
vn 0.9112 -0.3374 -0.2365
vn 0.9045 -0.3015 -0.3015
vn 0.4622 -0.5283 0.7123
vn 0.4366 -0.4990 0.7485
vn 0.4540 -0.5189 0.7243
vn 0.4796 -0.5482 0.6852
vn 0.9739 -0.0702 -0.2160
vn 0.9659 -0.0815 -0.2457
vn 0.9872 -0.0712 -0.1424
vn 0.9938 -0.0497 -0.0994
vn 0.9889 0.1475 0.0197
vn 0.9869 0.1495 -0.0598
vn 0.9983 0.0536 0.0238
vn 0.9934 -0.0532 0.1012
vn 0.6916 -0.1288 -0.7107
vn 0.7135 -0.1183 -0.6906
vn 0.6246 -0.1718 -0.7618
vn 0.6170 -0.1758 -0.7671
vn -0.0152 0.1034 -0.9945
vn -0.5216 0.8124 0.2607
vn -0.5307 0.8049 0.2653
vn -0.4747 0.8476 0.2373
vn -0.1888 0.0378 0.9813
vn -0.1695 0.0511 0.9842
vn 0.4441 -0.5551 0.7033
vn 0.5775 -0.6231 0.5275
vn 0.5804 -0.5037 0.6399
vn 0.4610 -0.4283 0.7772
vn 0.8079 0.2809 -0.5181
vn 0.7822 0.2270 -0.5803
vn 0.2547 -0.2729 -0.9277
vn 0.2411 -0.2199 -0.9452
vn 0.2452 -0.2244 -0.9432
vn 0.2613 -0.2796 -0.9239
vn 0.1622 -0.9232 0.3483
vn 0.2039 -0.9158 0.3460
vn 0.0684 -0.9590 0.2751
vn 0.0394 -0.9652 0.2586
vn -0.0000 -0.2110 -0.9775
vn -0.0326 0.0616 -0.9976
vn -0.0000 0.0202 -0.9998
vn -0.0000 -0.2075 -0.9782
vn 0.0262 -0.0480 -0.9985
vn -0.8291 0.3392 -0.4446
vn -0.8070 0.3612 -0.4673
vn -0.8711 0.2967 -0.3914
vn 0.1602 0.6297 0.7601
vn 0.2142 0.5663 0.7959
vn 0.1760 0.6119 0.7711
vn 0.1759 0.6119 0.7711
vn 0.1023 0.6904 0.7161
vn 0.1602 0.6298 0.7601
vn 0.1387 -0.0354 0.9897
vn 0.1160 -0.1863 0.9756
vn 0.1243 -0.1783 0.9761
vn 0.1414 -0.0226 0.9897
vn -0.9854 0.0866 0.1465
vn -0.9867 0.0900 0.1357
vn -0.9817 0.1084 0.1566
vn -0.9822 0.0923 0.1637
vn 0.6373 -0.0924 -0.7651
vn 0.6130 -0.1011 -0.7836
vn 0.6998 -0.1466 -0.6992
vn 0.7162 -0.1248 -0.6867
vn 0.2483 -0.3311 0.9104
vn 0.2442 -0.3165 0.9166
vn 0.2530 -0.3129 0.9155
vn 0.2483 -0.3310 0.9104
vn -0.4093 -0.9112 -0.0462
vn -0.3487 -0.9300 -0.1162
vn -0.3802 -0.9214 -0.0804
vn -0.4472 -0.8945 -0.0000
vn -0.4094 -0.9112 -0.0461
vn -0.1563 0.9370 0.3123
vn 0.1962 0.7844 0.5884
vn -0.6650 0.2519 0.7031
vn -0.6560 0.2720 0.7040
vn -0.6878 0.1967 0.6988
vn -0.6963 0.1741 0.6963
vn -0.0030 0.4061 -0.9138
vn 0.6870 0.4190 -0.5937
vn 0.6939 0.4112 -0.5911
vn 0.6873 0.4187 -0.5936
vn 0.6810 0.4256 -0.5958
vn 0.3696 0.4282 -0.8246
vn 0.2749 0.5699 -0.7743
vn 0.4041 0.6921 -0.5980
vn 0.4347 0.6096 -0.6629
vn -0.3246 0.0537 -0.9443
vn -0.3712 0.0337 -0.9279
vn -0.2218 0.0444 -0.9741
vn -0.2108 0.0460 -0.9765
vn -0.1886 -0.8783 -0.4393
vn -0.2929 -0.8516 -0.4347
vn -0.1697 -0.8852 -0.4332
vn -0.0947 -0.8997 -0.4262
vn -0.2948 -0.9402 0.1708
vn -0.2712 -0.9426 0.1947
vn -0.7959 0.6013 -0.0707
vn -0.7594 0.6322 -0.1540
vn -0.5726 0.8151 0.0882
vn -0.6745 0.6410 0.3663
vn -0.7044 0.6163 0.3522
vn -0.6883 0.6899 0.2241
vn -0.6883 0.6900 0.2241
vn -0.6385 0.7337 0.2323
vn -0.0841 0.2545 -0.9634
vn -0.0179 0.1075 -0.9940
vn -0.0422 0.1394 -0.9893
vn -0.1121 0.2691 -0.9566
vn -0.7833 -0.1025 0.6131
vn -0.7805 -0.1114 0.6151
vn -0.4365 -0.2182 0.8729
vn -0.4110 -0.1023 0.9059
vn -0.4430 -0.1366 0.8860
vn -0.4364 -0.2182 0.8729
vn -0.7982 0.1183 -0.5907
vn -0.7909 0.1217 -0.5997
vn -0.7933 0.1258 -0.5956
vn -0.7932 0.1111 -0.5987
vn -0.8391 -0.5418 -0.0486
vn -0.3030 -0.5051 0.8082
vn -0.2963 -0.4998 0.8139
vn 0.8083 0.1155 0.5774
vn 0.7577 0.0537 0.6504
vn -0.6253 0.7694 0.1307
vn -0.6247 0.7809 -0.0000
vn -0.8945 -0.4472 -0.0000
vn -0.7845 -0.5883 -0.1961
vn -0.0070 -0.2572 -0.9663
vn 0.8215 -0.1588 0.5477
vn 0.8320 -0.0000 0.5547
vn 0.8318 -0.0255 0.5545
vn 0.8182 -0.1818 0.5455
vn -0.4554 -0.7406 0.4940
vn -0.2844 -0.8532 0.4373
vn -0.2878 -0.8553 0.4309
vn -0.4714 -0.7236 0.5042
vn 0.3788 0.6668 0.6418
vn 0.3656 0.6581 0.6582
vn 0.4778 0.7241 0.4974
vn 0.4851 0.7276 0.4851
vn -0.0000 -0.9701 0.2427
vn -0.3016 -0.9044 0.3016
vn -0.4286 0.2857 0.8571
vn 0.1863 0.7198 -0.6687
vn 0.1550 0.6587 -0.7363
vn 0.1627 0.6740 -0.7206
vn 0.1975 0.7408 -0.6420
vn 0.7475 -0.6538 -0.1171
vn 0.7239 -0.6890 -0.0349
vn 0.7339 -0.6768 -0.0571
vn 0.7633 -0.6327 -0.1306
vn 0.7623 -0.5313 -0.3696
vn 0.9667 0.0375 0.2532
vn 0.9490 0.0730 0.3066
vn 0.8295 0.0265 0.5578
vn -0.6109 -0.5809 0.5379
vn -0.5965 -0.5966 0.5369
vn -0.6405 -0.5469 0.5391
vn -0.6470 -0.5392 0.5392
vn 0.6811 0.3735 0.6298
vn 0.6829 0.3690 0.6305
vn 0.6418 0.4652 0.6096
vn 0.6564 0.4494 0.6059
vn -0.5608 -0.0000 0.8280
vn -0.4685 -0.6247 0.6247
vn -0.9887 -0.1452 0.0379
vn -0.9978 -0.0210 -0.0631
vn 0.4755 -0.3708 0.7978
vn 0.4835 -0.3576 0.7990
vn 0.3622 0.8984 0.2483
vn 0.3900 0.8652 0.3153
vn 0.1951 0.9350 0.2960
vn -0.6078 -0.0550 0.7922
vn -0.5155 -0.0954 0.8515
vn 0.9759 -0.2082 0.0652
vn 0.9954 -0.0269 0.0922
vn 0.9847 -0.1545 0.0805
vn -0.2227 -0.1458 -0.9639
vn -0.2224 -0.1483 -0.9636
vn -0.7804 0.6182 -0.0937
vn -0.7726 0.6267 -0.1020
vn -0.7780 0.6208 -0.0963
vn -0.7864 0.6115 -0.0874
vn -0.7710 0.5870 0.2471
vn -0.6510 0.6509 0.3906
vn -0.1669 0.0696 0.9835
vn -0.8379 -0.4142 -0.3554
vn -0.8382 -0.4826 -0.2540
vn -0.8467 -0.4647 -0.2594
vn -0.8467 -0.4646 -0.2594
vn -0.4966 -0.0953 0.8627
vn -0.4780 -0.1065 0.8719
vn 0.1938 0.2726 -0.9424
vn -0.8508 0.4759 0.2227
vn -0.7794 0.5072 0.3679
vn -0.7726 0.5574 0.3040
vn -0.8305 0.5493 0.0927
vn -0.4800 -0.8754 -0.0565
vn -0.5962 -0.7454 -0.2981
vn 0.0600 -0.0516 -0.9969
vn 0.0243 -0.0727 -0.9971
vn -0.9818 -0.0460 0.1841
vn -0.9821 -0.0501 0.1818
vn 0.6650 0.2519 0.7031
vn 0.6963 0.1741 0.6963
vn 0.6878 0.1966 0.6988
vn 0.6560 0.2720 0.7040
vn -0.1067 -0.0763 0.9914
vn -0.1068 -0.0763 0.9914
vn -0.0322 0.0493 0.9983
vn 0.6944 -0.0207 0.7193
vn 0.6055 0.0359 0.7951
vn 0.6139 -0.0826 0.7851
vn -0.9286 0.0982 0.3578
vn -0.9417 0.0328 0.3348
vn 0.9055 0.4079 0.1175
vn 0.9223 0.3344 0.1936
vn 0.6530 0.7389 0.1661
vn 0.5843 0.7791 0.2272
vn -0.1402 -0.1266 -0.9820
vn -0.1271 -0.1331 -0.9829
vn -0.5086 -0.3386 -0.7916
vn -0.5069 -0.3201 -0.8004
vn -0.0000 -0.2722 -0.9623
vn 0.3234 0.0069 -0.9462
vn 0.4406 -0.0315 -0.8971
vn 0.3954 -0.0108 -0.9184
vn 0.2645 0.0238 -0.9641
vn -0.4111 -0.6352 0.6539
vn -0.4739 -0.6515 0.5923
vn -0.2357 0.2357 0.9428
vn -0.4017 -0.9138 0.0601
vn -0.4311 -0.9023 -0.0000
vn -0.4274 -0.9038 0.0219
vn -0.3931 -0.9148 0.0929
vn -0.9426 0.2534 0.2172
vn -0.9434 0.2537 0.2137
vn -0.9439 0.2518 0.2136
vn -0.9359 0.2675 0.2292
vn 0.6490 -0.6992 -0.3000
vn 0.6882 -0.6882 -0.2294
vn 0.6590 -0.6373 -0.3994
vn 0.6590 -0.6373 -0.3995
vn 0.6396 -0.6396 -0.4263
vn -0.8149 -0.4686 0.3412
vn -0.8204 -0.4378 0.3678
vn 0.8185 0.3342 -0.4673
vn 0.8318 0.3529 -0.4285
vn 0.8144 0.3288 -0.4781
vn 0.7967 0.3064 -0.5209
vn -0.2240 -0.0380 0.9739
vn -0.2249 -0.0401 0.9735
vn 0.0174 -0.0697 -0.9974
vn 0.0683 -0.0600 -0.9959
vn -0.0551 0.9831 0.1744
vn -0.0588 0.9825 0.1765
vn -0.0122 0.9496 0.3133
vn -0.0121 0.9496 0.3133
vn -0.0000 0.9487 0.3162
vn -0.4373 -0.7046 0.5588
vn -0.5077 -0.4779 0.7168
vn -0.3921 -0.1435 0.9087
vn -0.4124 -0.0824 0.9073
vn 0.8844 -0.4492 -0.1263
vn 0.8840 -0.4302 -0.1828
vn 0.9631 -0.1204 0.2408
vn -0.3322 0.2759 0.9020
vn -0.3695 0.3142 0.8745
vn -0.2715 0.1558 0.9498
vn -0.2777 0.1454 0.9496
vn 0.2708 -0.0737 0.9598
vn 0.3145 -0.1048 0.9435
vn 0.2539 -0.0948 0.9626
vn 0.2482 -0.0703 0.9661
vn 0.5458 0.3556 0.7588
vn 0.4389 0.3761 0.8160
vn -0.3455 0.1393 0.9280
vn -0.5241 0.2816 0.8038
vn -0.8691 -0.2681 0.4156
vn -0.8310 0.2107 0.5149
vn -0.8224 0.1911 0.5358
vn 0.0474 -0.0987 0.9940
vn -0.2203 0.2366 -0.9463
vn -0.2170 0.2367 -0.9470
vn -0.7079 0.1353 -0.6933
vn -0.7505 0.1899 -0.6330
vn -0.6033 0.1453 -0.7842
vn -0.5266 0.1116 -0.8428
vn 0.9124 0.3509 0.2106
vn 0.9125 0.3509 0.2105
vn -0.3011 0.1756 -0.9373
vn -0.2575 0.1502 -0.9545
vn -0.2896 0.1689 -0.9421
vn -0.3295 0.1922 -0.9244
vn -0.9249 0.1956 -0.3261
vn -0.9600 0.1440 -0.2400
vn -0.9098 0.2135 -0.3558
vn -0.8639 0.2591 -0.4319
vn -0.9733 0.1702 -0.1542
vn -0.9723 0.1297 -0.1945
vn -0.9732 0.1729 -0.1515
vn -0.9705 0.2156 -0.1079
vn 0.2709 -0.9625 0.0156
vn 0.3395 -0.9391 0.0524
vn 0.2057 -0.9785 -0.0156
vn 0.1881 -0.9819 -0.0216
vn -0.5000 -0.1234 -0.8572
vn -0.5196 -0.1557 -0.8401
vn 0.3500 0.9012 -0.2557
vn 0.4285 0.8572 -0.2857
vn 0.4015 0.8861 -0.2315
vn 0.3798 0.9034 -0.1992
vn -0.0277 -0.0641 -0.9976
vn 0.6964 -0.3981 -0.5971
vn 0.2181 -0.8729 -0.4364
vn 0.8639 -0.2591 0.4319
vn 0.7448 0.2699 0.6102
vn 0.7316 0.2483 0.6349
vn 0.7311 0.2745 0.6246
vn 0.7509 0.3074 0.5846
vn -0.2027 0.1770 -0.9631
vn -0.2073 0.1943 -0.9588
vn -0.1963 0.1535 -0.9685
vn -0.1962 0.1535 -0.9685
vn -0.1922 0.1388 -0.9715
vn -0.8585 -0.0282 -0.5120
vn -0.8720 -0.0692 -0.4845
vn -0.7891 0.3208 0.5238
vn -0.7888 0.3276 0.5200
vn 0.8899 0.2399 -0.3879
vn 0.8882 0.2370 -0.3936
vn -0.4521 0.5017 -0.7375
vn -0.4554 0.4989 -0.7374
vn -0.4533 0.5006 -0.7375
vn -0.4497 0.5037 -0.7376
vn 0.5218 0.8204 0.2338
vn 0.6179 0.7762 0.1255
vn 0.4359 0.8484 0.3004
vn 0.5021 -0.2525 -0.8271
vn -0.6490 -0.6992 -0.3000
vn -0.5657 -0.7071 -0.4242
vn -0.6040 -0.7056 -0.3707
vn -0.6040 -0.7056 -0.3706
vn -0.6882 -0.6882 -0.2294
vn 0.9237 -0.2565 0.2847
vn 0.9135 -0.2696 0.3047
vn -0.6624 -0.1669 -0.7303
vn -0.7306 -0.1046 -0.6747
vn -0.6997 -0.1466 -0.6992
vn -0.6198 -0.2156 -0.7546
vn -0.4177 0.1231 -0.9002
vn -0.3920 0.0980 -0.9147
vn -0.4674 0.7321 0.4956
vn -0.6053 0.7604 0.2351
vn 0.3074 0.1340 0.9421
vn 0.3218 0.1814 0.9293
vn 0.3169 0.1776 0.9317
vn 0.3168 0.1363 0.9386
vn -0.9797 -0.1994 0.0218
vn -0.9636 -0.2653 0.0318
vn -0.9796 -0.1997 0.0242
vn -0.0160 -0.7481 -0.6634
vn -0.2358 -0.7186 -0.6542
vn -0.2849 -0.7278 -0.6238
vn -0.1230 -0.7318 -0.6703
vn -0.8162 -0.1273 0.5636
vn -0.8059 -0.1315 0.5773
vn 0.6739 -0.5564 0.4861
vn 0.6623 -0.5298 0.5298
vn 0.7095 -0.4774 0.5184
vn 0.7315 -0.6629 -0.1596
vn 0.7266 -0.6606 -0.1887
vn 0.1645 -0.2585 0.9519
vn -0.8569 0.3393 -0.3880
vn -0.8915 0.2342 -0.3878
vn -0.8912 0.2351 -0.3878
vn -0.8570 0.3494 -0.3788
vn 0.3390 0.4744 -0.8124
vn 0.3483 0.4822 -0.8038
vn 0.3381 0.4737 -0.8132
vn 0.3287 0.4656 -0.8217
vn -0.2769 0.7153 0.6416
vn -0.1373 0.8242 0.5494
vn -0.1394 0.8185 0.5574
vn -0.1394 0.8184 0.5574
vn -0.1649 0.8161 0.5539
vn 0.9250 -0.1905 -0.3289
vn 0.9687 -0.1618 -0.1884
vn 0.9596 -0.1810 -0.2155
vn 0.9154 -0.1740 -0.3631
vn -0.0703 -0.5069 0.8591
vn -0.0931 -0.3215 0.9423
vn -0.0894 -0.3868 0.9178
vn -0.0894 -0.3869 0.9178
vn -0.1126 -0.5407 0.8336
vn -0.3390 0.4744 -0.8124
vn -0.3287 0.4656 -0.8217
vn -0.3382 0.4737 -0.8132
vn -0.3483 0.4822 -0.8038
vn 0.2444 0.1148 0.9628
vn 0.3683 0.1762 0.9129
vn 0.2375 0.2713 0.9327
vn 0.1230 0.2651 0.9563
vn -0.9614 0.1458 -0.2332
vn -0.9373 0.2231 -0.2678
vn -0.9498 0.1863 -0.2514
vn -0.9785 0.0653 -0.1957
vn -0.8342 0.3449 -0.4303
vn -0.7822 0.2270 -0.5802
vn -0.8079 0.2809 -0.5181
vn -0.8223 0.3212 -0.4698
vn 0.6053 0.7604 0.2351
vn 0.4674 0.7321 0.4956
vn 0.4469 0.8937 0.0406
vn -0.0000 0.9959 0.0905
vn -0.0000 0.9829 0.1841
vn -0.0000 0.9855 0.1696
vn 0.6166 0.2031 -0.7606
vn 0.6092 0.1946 -0.7688
vn 0.6663 0.1467 -0.7311
vn 0.6755 0.1644 -0.7188
vn 0.3599 -0.0032 0.9330
vn 0.3242 0.0620 0.9440
vn 0.3448 0.0695 0.9361
vn 0.3834 0.0008 0.9236
vn 0.9715 -0.0807 0.2227
vn 0.9683 -0.0754 0.2383
vn 0.9718 -0.0572 0.2286
vn 0.9718 -0.0572 0.2287
vn 0.9614 0.1459 -0.2332
vn 0.9785 0.0653 -0.1957
vn 0.9497 0.1864 -0.2515
vn 0.9372 0.2232 -0.2678
vn 0.5950 -0.7972 0.1020
vn 0.5971 -0.7748 0.2076
vn 0.8295 -0.1355 0.5418
vn 0.8296 -0.1355 0.5418
vn 0.8061 0.2369 0.5423
vn 0.7847 0.1987 0.5872
vn 0.7919 0.2084 0.5740
vn 0.8101 0.2430 0.5336
vn -0.4849 0.8729 -0.0539
vn 0.2728 -0.6143 0.7404
vn 0.2722 -0.6803 0.6805
vn 0.2658 -0.6643 0.6986
vn -0.2884 0.1373 0.9476
vn -0.2937 0.1543 0.9434
vn -0.3383 0.2030 0.9189
vn 0.5366 0.2157 0.8158
vn 0.5381 0.2134 0.8154
vn 0.1817 -0.3181 0.9305
vn 0.2637 -0.3574 0.8960
vn 0.2582 -0.3742 0.8907
vn 0.9757 -0.2081 -0.0692
vn 0.9709 -0.1773 -0.1609
vn 0.9816 -0.1904 0.0128
vn 0.9860 0.0051 0.1664
vn 0.9864 0.0036 0.1644
vn 0.9860 0.0051 0.1665
vn -0.9658 -0.2582 0.0240
vn -0.9701 -0.2426 -0.0000
vn -0.9798 -0.1995 -0.0127
vn -0.5348 -0.0088 0.8449
vn 0.1058 -0.1082 0.9885
vn 0.1410 -0.0783 0.9869
vn 0.1380 -0.0616 0.9885
vn -0.7723 -0.0653 -0.6319
vn -0.7125 -0.0726 -0.6980
vn -0.7241 -0.0484 -0.6880
vn -0.7743 -0.0638 -0.6295
vn -0.9647 0.2562 -0.0603
vn -0.9655 0.2548 -0.0534
vn -0.9618 0.2708 -0.0400
vn -0.9647 0.2563 -0.0603
vn -0.7852 0.2026 0.5852
vn -0.7564 0.1644 0.6331
vn 0.0100 0.2784 -0.9604
vn -0.0000 0.3162 -0.9487
vn 0.0897 0.3174 -0.9440
vn 0.1240 0.2249 -0.9665
vn 0.4457 0.4579 0.7692
vn 0.4489 0.4012 0.7984
vn 0.4534 0.4074 0.7927
vn 0.4535 0.4683 0.7583
vn 0.1490 -0.1194 0.9816
vn 0.1627 -0.1424 0.9763
vn -0.1161 0.5721 0.8120
vn -0.5789 0.8118 -0.0768
vn -0.5537 0.8304 -0.0615
vn -0.6457 0.7542 -0.1193
vn -0.6668 0.7332 -0.1333
vn -0.8700 0.3157 0.3788
vn -0.8480 0.3393 0.4071
vn -0.8681 0.3178 0.3813
vn -0.8870 0.2956 0.3548
vn 0.8465 -0.3073 -0.4348
vn 0.8742 -0.2914 -0.3885
vn 0.7819 -0.3163 -0.5371
vn 0.7819 -0.3419 -0.5213
vn -0.3015 0.3016 -0.9045
vn -0.5190 0.0500 -0.8533
vn 0.9594 -0.2257 -0.1693
vn 0.9433 0.1966 -0.2675
vn 0.9446 0.1954 -0.2639
vn -0.9619 -0.1039 0.2529
vn -0.9648 -0.0000 0.2631
vn -0.9650 -0.0131 0.2620
vn -0.9600 -0.1252 0.2504
vn -0.3800 -0.1049 -0.9190
vn -0.3835 -0.1061 -0.9174
vn -0.3449 -0.1142 -0.9317
vn -0.3248 -0.1037 -0.9401
vn -0.2172 -0.9121 -0.3476
vn -0.2075 -0.6916 -0.6918
vn -0.6798 -0.6677 -0.3035
vn -0.3712 -0.8094 -0.4550
vn -0.3532 -0.8188 -0.4525
vn -0.4348 -0.8198 -0.3727
vn -0.7476 -0.5140 0.4206
vn -0.8105 -0.4186 0.4098
vn -0.7242 -0.2717 0.6338
vn -0.4622 -0.5283 0.7123
vn -0.4796 -0.5482 0.6852
vn -0.4540 -0.5189 0.7243
vn -0.4366 -0.4990 0.7485
vn 0.7092 0.3680 -0.6014
vn 0.7393 0.3314 -0.5863
vn 0.7045 0.3734 -0.6035
vn 0.6743 0.4070 -0.6162
vn -0.8128 0.5720 0.1104
vn -0.1616 0.0114 0.9868
vn -0.1509 0.0580 0.9869
vn -0.1512 0.0484 0.9873
vn -0.1644 -0.0000 0.9864
vn -0.2214 0.1913 0.9562
vn -0.2908 0.1930 0.9371
vn -0.9318 0.2265 0.2837
vn -0.9373 0.2531 0.2394
vn -0.2827 0.3187 -0.9047
vn -0.3266 0.2779 -0.9034
vn -0.2657 0.3340 -0.9044
vn -0.2177 0.3754 -0.9009
vn 0.6402 -0.0000 0.7682
vn 0.3042 -0.0312 0.9521
vn 0.3161 -0.0201 0.9485
vn -0.8293 0.1382 -0.5414
vn -0.8778 -0.1097 -0.4663
vn -0.9193 -0.0753 -0.3863
vn -0.9151 -0.1144 -0.3868
vn -0.9975 -0.0499 -0.0498
vn -0.9923 -0.1240 -0.0000
vn -0.9960 -0.0854 -0.0260
vn -0.9971 -0.0108 -0.0759
vn -0.7495 -0.4344 0.4996
vn 0.9859 -0.0228 -0.1657
vn 0.9861 -0.0228 -0.1643
vn -0.2029 0.4480 0.8707
vn -0.2182 0.4365 0.8729
vn -0.1987 0.4512 0.8700
vn -0.1872 0.4596 0.8681
vn 0.0169 0.9137 0.4060
vn 0.3549 0.7098 0.6084
vn 0.4638 0.6835 0.5638
vn 0.4482 0.6787 0.5817
vn 0.2183 0.1848 0.9582
vn 0.3115 0.2670 0.9120
vn 0.2714 0.2326 0.9339
vn 0.1935 0.1642 0.9673
vn -0.9798 0.1973 0.0317
vn -0.0918 -0.2981 0.9501
vn -0.0271 -0.3713 0.9281
vn -0.0546 -0.3709 0.9271
vn 0.1021 -0.1225 0.9872
vn 0.6249 -0.5520 0.5521
vn 0.6860 -0.5145 0.5145
vn 0.6444 -0.5407 0.5408
vn 0.5773 -0.5774 0.5774
vn 0.7243 -0.2716 0.6338
vn 0.7476 -0.5140 0.4205
vn 0.6004 0.3627 0.7127
vn 0.6397 0.4264 0.6395
vn 0.4913 0.3342 0.8043
vn -0.8493 0.3595 0.3866
vn -0.8493 0.3595 0.3865
vn 0.4472 -0.0000 0.8944
vn -0.3252 0.0323 -0.9451
vn -0.3710 0.0506 -0.9273
vn 0.5747 -0.8147 -0.0771
vn 0.5628 -0.7963 -0.2217
vn -0.4729 -0.8669 0.1576
vn -0.4807 -0.8460 0.2308
vn -0.4829 -0.8369 0.2578
vn -0.3370 -0.1654 0.9269
vn -0.3327 -0.2287 0.9149
vn -0.3339 -0.2127 0.9183
vn -0.3380 -0.1479 0.9295
vn -0.7994 0.5868 -0.1285
vn -0.7797 0.6064 -0.1560
vn -0.8036 0.5824 -0.1224
vn -0.8239 0.5594 -0.0915
vn -0.8966 -0.1661 0.4104
vn -0.8810 -0.1725 0.4406
vn -0.9056 -0.1053 0.4108
vn -0.9151 -0.0933 0.3922
vn 0.6000 -0.0000 0.8000
vn -0.2158 -0.8218 -0.5274
vn -0.2029 -0.8294 -0.5206
vn 0.8003 -0.3888 0.4565
vn 0.7495 -0.4344 0.4996
vn 0.8244 0.4709 0.3139
vn 0.8306 -0.4826 -0.2778
vn 0.8349 -0.4697 -0.2870
vn 0.8165 -0.5204 -0.2501
vn 0.8086 -0.5391 -0.2358
vn -0.0223 -0.0885 -0.9958
vn -0.0934 -0.0817 -0.9923
vn -0.0378 -0.0871 -0.9955
vn 0.0253 -0.0928 -0.9954
vn 0.4675 0.8418 0.2700
vn 0.4847 0.8269 0.2851
vn 0.4484 0.8571 0.2535
vn 0.4340 0.8680 0.2411
vn 0.8427 0.5168 0.1510
vn 0.5060 -0.7466 0.4320
vn 0.5171 -0.7357 0.4375
vn 0.4534 -0.8286 0.3284
vn 0.4571 -0.8366 0.3020
vn 0.0788 -0.3153 0.9457
vn 0.3139 -0.1254 0.9411
vn 0.3243 -0.1844 0.9278
vn 0.3097 -0.2046 0.9286
vn 0.2733 0.0850 -0.9582
vn 0.2836 0.0964 -0.9541
vn -0.9414 0.0432 0.3346
vn -0.9446 0.0158 0.3278
vn -0.9395 0.0607 0.3371
vn -0.9349 0.1813 0.3053
vn 0.8668 0.2425 0.4356
vn 0.8845 0.2211 0.4107
vn 0.2757 -0.2965 -0.9144
vn 0.3665 -0.4499 -0.8144
vn 0.0578 0.5396 -0.8399
vn 0.0118 0.6929 -0.7210
vn 0.8304 -0.0542 -0.5545
vn 0.7681 0.0180 -0.6400
vn 0.7787 0.0036 -0.6273
vn 0.8564 -0.0515 -0.5138
vn 0.9798 -0.1649 0.1133
vn 0.9916 -0.0932 0.0892
vn -0.1085 -0.9935 -0.0336
vn -0.0917 -0.9947 -0.0458
vn 0.1475 -0.4425 0.8846
vn -0.0699 -0.2164 -0.9738
vn -0.8639 -0.2591 -0.4319
vn -0.6039 -0.7453 -0.2827
vn -0.5963 -0.7454 -0.2981
vn -0.8880 -0.2039 -0.4121
vn -0.8468 -0.2649 -0.4612
vn 0.4527 -0.1918 0.8708
vn 0.4364 -0.2183 0.8729
vn 0.4562 -0.1859 0.8702
vn 0.4729 -0.1576 0.8669
vn 0.0020 -0.1636 0.9865
vn -0.8241 0.4339 -0.3641
vn -0.8226 0.4499 -0.3478
vn 0.4584 0.1996 -0.8660
vn 0.8322 -0.1859 -0.5223
vn 0.8639 -0.2592 -0.4319
vn 0.0355 0.0232 -0.9991
vn 0.1664 -0.0793 -0.9829
vn 0.1785 -0.0397 -0.9831
vn 0.0082 -0.0215 -0.9997
vn -0.5200 -0.5056 -0.6885
vn -0.5433 -0.4657 -0.6985
vn -0.5042 -0.5310 -0.6811
vn -0.4767 -0.5722 -0.6674
vn -0.8185 0.3342 -0.4673
vn -0.7967 0.3064 -0.5209
vn -0.8144 0.3288 -0.4781
vn -0.8318 0.3529 -0.4285
vn -0.0860 0.5036 -0.8597
vn -0.1602 0.6297 0.7601
vn -0.1023 0.6904 0.7161
vn -0.1760 0.6119 0.7711
vn -0.2142 0.5663 0.7959
vn 0.2940 -0.9395 0.1760
vn 0.3461 -0.9331 0.0981
vn -0.9418 -0.0375 0.3339
vn -0.9580 0.0855 0.2737
vn 0.2687 -0.2763 0.9227
vn 0.2949 -0.2317 0.9270
vn 0.2550 -0.2988 0.9196
vn 0.2279 -0.3419 0.9117
vn 0.9011 -0.2835 -0.3282
vn 0.9114 -0.2830 -0.2987
vn -0.5350 -0.3917 0.7485
vn -0.5571 -0.3713 0.7428
vn -0.1635 -0.2633 -0.9508
vn -0.1785 -0.2272 -0.9574
vn -0.1342 -0.3313 -0.9339
vn -0.1173 -0.3688 -0.9221
vn -0.7049 0.6006 0.3774
vn -0.6737 0.6183 0.4049
vn -0.7889 0.4679 0.3985
vn -0.8093 0.4503 0.3772
vn 0.8743 0.2569 -0.4118
vn 0.8712 0.2489 -0.4231
vn 0.9816 0.0979 0.1637
vn 0.9802 0.1117 0.1634
vn -0.4913 0.3341 0.8043
vn -0.6397 0.4264 0.6395
vn -0.6004 0.3627 0.7127
vn -0.4204 0.2869 0.8608
vn -0.1335 -0.1514 -0.9794
vn -0.1891 -0.0573 -0.9803
vn -0.1543 -0.1168 -0.9811
vn -0.0728 -0.2547 -0.9643
vn -0.4082 -0.8165 -0.4083
vn -0.8030 0.4959 0.3306
vn -0.7336 0.6772 -0.0564
vn -0.7131 0.7009 -0.0122
vn -0.7067 0.7075 0.0008
vn -0.4466 0.0545 -0.8931
vn -0.5034 -0.0085 -0.8640
vn 0.5821 0.2894 -0.7598
vn 0.5857 0.2969 -0.7542
vn -0.9662 -0.2280 0.1200
vn -0.9889 0.1475 0.0197
vn -0.9685 0.2303 0.0948
vn -0.7131 -0.2436 -0.6574
vn -0.7243 -0.2716 -0.6338
vn -0.6625 -0.1363 -0.7366
vn -0.6471 -0.1079 -0.7548
vn -0.8319 -0.5546 -0.0213
vn -0.9452 0.0783 -0.3171
vn -0.9497 0.1329 -0.2835
vn -0.9503 0.1584 -0.2680
vn 0.7442 -0.6201 -0.2481
vn 0.8939 -0.4320 -0.1192
vn 0.8935 -0.4326 -0.1207
vn 0.8934 -0.4327 -0.1209
vn -0.3304 -0.4568 0.8259
vn -0.4197 -0.4587 0.7832
vn -0.3837 -0.3949 0.8347
vn -0.3836 -0.3949 0.8348
vn -0.2967 -0.3462 0.8900
vn -0.3304 -0.4567 0.8260
vn 0.2502 -0.9224 0.2943
vn 0.2523 -0.9260 0.2808
vn -0.0572 0.4001 -0.9147
vn 0.4314 0.0444 0.9010
vn 0.4115 0.0647 0.9091
vn -0.8642 -0.2195 -0.4528
vn -0.7071 -0.0000 -0.7071
vn -0.2544 0.6678 0.6996
vn -0.0387 0.8131 0.5808
vn -0.0909 0.8511 0.5171
vn -0.8628 0.4790 0.1616
vn -0.8502 0.4971 0.1733
vn -0.6179 0.7762 0.1255
vn -0.6535 0.7494 0.1062
vn -0.6700 0.7416 0.0324
vn 0.5014 -0.1269 0.8559
vn 0.4914 -0.1375 0.8600
vn 0.7438 -0.5668 0.3542
vn 0.9233 -0.3694 0.1055
vn 0.8847 -0.1937 0.4240
vn 0.8554 -0.2516 0.4528
vn 0.8858 -0.1912 0.4227
vn 0.8859 -0.1912 0.4227
vn 0.9057 -0.1449 0.3985
vn 0.5965 -0.5774 -0.5575
vn 0.5661 -0.5993 -0.5660
vn 0.7407 -0.4256 -0.5198
vn 0.7630 -0.3987 -0.5087
vn -0.1641 0.0630 0.9844
vn -0.7685 -0.1773 -0.6148
vn -0.7744 -0.1965 -0.6014
vn -0.7654 -0.1984 -0.6122
vn -0.0000 0.7071 0.7071
vn -0.9348 0.2822 0.2157
vn -0.7556 0.3894 0.5267
vn -0.6766 0.4832 0.5557
vn -0.7465 0.4014 0.5307
vn -0.8001 0.3259 0.5037
vn 0.6163 0.4795 -0.6246
vn 0.6321 0.5405 -0.5553
vn -0.8979 0.2133 -0.3852
vn -0.8974 0.2117 -0.3872
vn 0.4020 0.7232 -0.5616
vn 0.4319 0.7183 -0.5455
vn 0.7498 -0.0739 0.6575
vn 0.7900 -0.1580 0.5924
vn 0.7307 0.0711 0.6790
vn 0.7307 0.0712 0.6790
vn 0.7058 0.0604 0.7058
vn 0.7498 -0.0738 0.6575
vn -0.9668 0.0178 -0.2550
vn -0.9702 -0.0000 -0.2425
vn 0.9858 0.1219 0.1154
vn 0.9683 0.2184 0.1210
vn -0.8847 0.1474 0.4423
vn -0.6884 -0.2294 0.6881
vn -0.5734 -0.7932 -0.2048
vn -0.3750 -0.9230 -0.0863
vn -0.3290 0.8222 0.4645
vn -0.2795 0.8055 0.5225
vn -0.3543 0.8151 0.4583
vn -0.4610 0.7755 0.4313
vn 0.0579 0.8632 -0.5016
vn 0.5716 0.2268 -0.7886
vn 0.5569 0.2387 -0.7956
vn 0.7939 -0.5474 0.2646
vn 0.7904 -0.5530 0.2635
vn 0.7826 -0.5652 0.2608
vn 0.7417 -0.4532 0.4944
vn 0.3291 -0.5923 -0.7354
vn 0.3372 -0.6070 -0.7196
vn 0.3063 -0.5513 -0.7760
vn 0.2946 -0.5302 -0.7951
vn 0.6889 0.1388 -0.7115
vn 0.6877 0.1330 -0.7137
vn 0.6853 0.1496 -0.7127
vn 0.6904 0.1382 -0.7101
vn 0.9589 0.0634 -0.2764
vn 0.9551 0.0773 -0.2861
vn -0.3079 0.0526 0.9500
vn -0.3024 0.0629 0.9511
vn 0.8364 0.2726 0.4756
vn 0.7850 0.3066 0.5383
vn 0.7937 0.3543 0.4944
vn 0.8428 0.2940 0.4508
vn 0.9603 0.0498 0.2744
vn 0.9615 0.0329 0.2729
vn -0.4176 -0.3576 -0.8353
vn -0.3976 -0.3445 -0.8504
vn 0.6729 -0.2638 -0.6911
vn 0.7232 -0.2269 -0.6523
vn 0.6447 -0.3480 -0.6806
vn 0.5977 -0.4272 -0.6784
vn -0.0483 -0.1787 -0.9827
vn -0.0469 -0.1787 -0.9828
vn 0.9567 0.0291 -0.2896
vn 0.9475 0.0488 -0.3159
vn 0.6700 0.7416 0.0324
vn 0.6535 0.7494 0.1062
vn -0.4592 -0.4919 -0.7397
vn -0.4124 -0.5054 -0.7580
vn -0.5065 -0.4716 -0.7219
vn -0.5062 -0.4700 -0.7231
vn 0.7878 0.4403 0.4308
vn 0.7878 0.4402 0.4308
vn 0.8188 0.3909 0.4204
vn 0.6928 0.6169 0.3735
vn -0.2329 -0.2683 -0.9348
vn -0.2269 -0.2556 -0.9398
vn -0.2081 -0.2739 -0.9390
vn -0.2476 -0.2558 -0.9345
vn 0.3023 -0.8290 -0.4705
vn 0.2492 -0.8305 -0.4982
vn 0.3449 -0.8256 -0.4466
vn 0.3450 -0.8255 -0.4466
vn 0.4082 -0.8165 -0.4082
vn 0.3024 -0.8290 -0.4705
vn -0.5343 0.7681 0.3531
vn -0.5343 0.7680 0.3530
vn -0.5509 0.7626 0.3389
vn -0.4965 0.7260 0.4758
vn 0.7169 0.5986 0.3573
vn 0.6882 0.6883 0.2294
vn 0.7049 0.6452 0.2947
vn 0.7049 0.6451 0.2948
vn 0.7249 0.5437 0.4229
vn -0.9560 0.0210 -0.2927
vn -0.9536 0.0231 -0.3000
vn -0.9794 0.0395 -0.1980
vn -0.9799 0.0436 -0.1949
vn 0.6566 -0.5960 0.4622
vn 0.6838 -0.5698 0.4558
vn 0.6403 -0.6110 0.4656
vn 0.5923 -0.6516 0.4739
vn 0.8657 -0.3156 0.3885
vn 0.8931 -0.1218 0.4330
vn 0.9755 0.1394 0.1703
vn 0.8578 -0.4929 0.1460
vn 0.8269 -0.5514 0.1102
vn 0.8413 -0.5256 0.1263
vn 0.8669 -0.4729 0.1576
vn 0.9909 -0.0532 0.1237
vn 0.9927 -0.0236 0.1182
vn 0.3535 0.4142 -0.8388
vn 0.3492 0.4108 -0.8422
vn 0.9981 0.0176 -0.0587
vn 0.9982 0.0450 -0.0392
vn -0.7640 -0.0858 -0.6395
vn -0.6916 -0.1288 -0.7107
vn -0.7135 -0.1183 -0.6906
vn -0.7892 -0.0717 -0.6099
vn -0.7015 0.2846 -0.6534
vn -0.7110 0.2705 -0.6491
vn -0.6992 0.2880 -0.6544
vn -0.6894 0.3021 -0.6584
vn 0.2778 0.1201 0.9531
vn 0.2853 0.1500 0.9466
vn 0.8321 -0.5547 -0.0000
vn 0.9317 0.1020 0.3485
vn 0.9280 0.1147 0.3545
vn -0.8961 0.2657 -0.3555
vn -0.8780 0.2927 -0.3787
vn -0.8963 0.2757 -0.3473
vn -0.9102 0.2539 -0.3271
vn 0.9249 0.1957 -0.3261
vn 0.8639 0.2591 -0.4319
vn 0.9443 0.1988 -0.2622
vn 0.9443 0.1988 -0.2621
vn 0.9825 0.1221 -0.1405
vn 0.9249 0.1956 -0.3261
vn 0.7447 -0.6643 0.0642
vn 0.7072 -0.7070 -0.0000
vn -0.0727 0.0758 -0.9945
vn 0.0724 0.1749 0.9819
vn -0.5052 0.3830 -0.7733
vn -0.5426 0.3289 -0.7729
vn -0.5235 0.3571 -0.7736
vn -0.4847 0.4107 -0.7722
vn 0.1104 0.9939 -0.0000
vn 0.1576 0.7345 0.6601
vn 0.5548 -0.0000 0.8320
vn -0.8239 0.1004 0.5578
vn -0.8280 0.0996 0.5519
vn -0.7352 0.1167 0.6677
vn -0.7311 0.1177 0.6721
vn 0.9302 -0.3408 0.1365
vn 0.9407 -0.3305 -0.0762
vn 0.9334 -0.3580 -0.0255
vn 0.9279 -0.3111 0.2056
vn 0.9445 -0.1976 -0.2625
vn 0.9435 -0.1048 -0.3145
vn 0.9499 -0.1259 -0.2860
vn 0.9499 -0.1260 -0.2860
vn 0.9398 -0.2483 -0.2349
vn 0.4619 -0.2830 0.8405
vn 0.6236 -0.1732 0.7623
vn 0.5929 -0.1932 0.7817
vn 0.4267 -0.2989 0.8536
vn 0.8114 0.2154 0.5434
vn 0.8119 0.2081 0.5454
vn 0.2687 -0.0280 -0.9628
vn 0.8962 -0.1276 -0.4250
vn 0.4758 0.2053 -0.8553
vn 0.5071 0.1690 -0.8452
vn 0.3329 -0.4068 -0.8507
vn 0.2689 -0.2932 -0.9174
vn 0.1437 0.0530 -0.9882
vn 0.1116 0.0842 -0.9902
vn 0.1430 0.0585 -0.9880
vn -0.9373 -0.1961 0.2880
vn -0.9412 -0.1868 0.2815
vn -0.4963 -0.3356 0.8007
vn -0.5565 -0.3535 0.7519
vn -0.5511 -0.2740 0.7882
vn -0.5105 -0.2763 0.8143
vn -0.4925 -0.2894 0.8208
vn -0.4729 -0.3941 0.7881
vn -0.4771 -0.3743 0.7952
vn -0.4947 -0.2748 0.8245
vn 0.8929 0.3602 -0.2701
vn 0.8742 0.3885 -0.2914
vn 0.6303 -0.1601 -0.7597
vn 0.6214 -0.1622 -0.7665
vn 0.8139 0.5711 0.1063
vn 0.8021 0.5900 0.0928
vn 0.8236 0.5549 0.1176
vn 0.8335 0.5371 0.1297
vn -0.0879 0.2629 -0.9608
vn -0.0620 0.2274 -0.9718
vn -0.1145 0.2989 -0.9474
vn -0.1298 0.3195 -0.9387
vn -0.5483 -0.2493 -0.7982
vn -0.5806 -0.1720 -0.7958
vn -0.5693 -0.1853 -0.8010
vn -0.5349 -0.2691 -0.8009
vn 0.0486 -0.9598 0.2764
vn 0.0523 -0.9589 0.2789
vn 0.6399 -0.7618 0.1008
vn 0.6287 -0.7725 0.0898
vn 0.6752 -0.7155 0.1791
vn -0.9357 0.0723 0.3454
vn -0.9403 0.1328 0.3134
vn 0.4954 -0.1612 0.8535
vn 0.4612 -0.1384 0.8764
vn 0.4968 -0.1621 0.8526
vn 0.5326 -0.1864 0.8256
vn 0.2424 -0.1883 -0.9517
vn 0.5830 0.1658 0.7954
vn -0.5629 -0.7963 -0.2217
vn -0.5747 -0.8147 -0.0771
vn 0.3944 -0.3618 -0.8447
vn 0.4134 -0.3813 -0.8269
vn -0.1355 0.9433 0.3030
vn -0.1048 0.9434 0.3145
vn -0.1894 0.9406 0.2817
vn -0.2341 0.9359 0.2632
vn 0.8595 -0.1754 -0.4801
vn 0.8569 -0.1713 -0.4863
vn 0.8948 -0.1789 -0.4090
vn 0.7628 -0.5085 -0.3995
vn -0.5180 0.3411 0.7845
vn -0.6414 0.4308 0.6348
vn -0.6738 0.5726 0.4671
vn -0.6436 0.6965 0.3173
vn 0.3481 0.2838 -0.8935
vn 0.3315 0.2984 -0.8950
vn 0.3427 0.2885 -0.8940
vn 0.3585 0.2745 -0.8923
vn -0.7091 -0.6644 0.2363
vn -0.7893 -0.5548 0.2631
vn -0.7910 -0.5521 0.2636
vn -0.7247 -0.6454 0.2415
vn 0.7071 -0.5657 -0.4242
vn -0.9191 -0.0000 -0.3940
vn -0.9518 -0.1554 -0.2646
vn -0.9538 -0.1828 -0.2384
vn -0.9499 -0.1260 -0.2860
vn -0.9435 -0.1048 -0.3145
vn 0.0380 -0.3438 -0.9383
vn 0.0343 -0.3770 -0.9256
vn 0.0587 -0.8808 -0.4698
vn 0.0776 -0.8841 -0.4608
vn 0.0855 -0.8853 -0.4571
vn -0.5494 -0.8242 -0.1373
vn 0.0911 -0.2165 0.9720
vn 0.0872 -0.1923 0.9775
vn 0.1509 -0.1226 0.9809
vn -0.7057 -0.7075 0.0393
vn -0.6681 -0.7332 0.1266
vn -0.6842 -0.7205 0.1125
vn -0.7066 -0.7066 0.0393
vn 0.5185 0.8296 -0.2074
vn 0.6390 0.6627 -0.3905
vn 0.2979 -0.0305 0.9541
vn 0.2535 0.0222 0.9671
vn 0.2986 -0.0278 0.9540
vn 0.4091 -0.2787 0.8689
vn 0.4118 -0.2931 0.8629
vn -0.0243 0.3036 -0.9525
vn -0.0471 0.3159 -0.9476
vn -0.3335 0.2779 0.9008
vn -0.3678 0.3065 0.8779
vn 0.3318 0.8539 0.4010
vn 0.4438 0.8320 0.3329
vn 0.4027 0.8498 0.3400
vn 0.3049 0.8479 0.4337
vn -0.7583 -0.2494 0.6024
vn -0.8195 -0.2981 0.4894
vn -0.5088 0.4396 0.7402
vn -0.5013 0.4544 0.7364
vn -0.5160 0.4250 0.7437
vn 0.2333 0.3822 -0.8942
vn 0.2172 0.3942 -0.8930
vn 0.2239 0.3928 -0.8920
vn 0.2377 0.3804 -0.8938
vn 0.3816 -0.4133 -0.8268
vn 0.4635 -0.3962 -0.7926
vn 0.4557 -0.3980 -0.7962
vn 0.3558 -0.6609 -0.6607
vn 0.2924 -0.6814 -0.6709
vn 0.2900 -0.6768 -0.6766
vn 0.9934 -0.0533 0.1012
vn -0.9467 -0.2628 -0.1864
vn -0.2530 -0.1737 -0.9517
vn -0.2060 -0.2615 -0.9430
vn -0.2544 -0.1711 -0.9519
vn -0.2940 -0.0915 -0.9514
vn 0.9182 -0.3009 0.2575
vn 0.9685 -0.2267 0.1030
vn 0.9461 -0.2857 0.1526
vn 0.9137 -0.3229 0.2466
vn 0.9182 -0.3009 0.2576
vn 0.5348 0.6602 0.5274
vn 0.4638 0.6835 0.5637
vn 0.5297 0.6786 0.5089
vn 0.3827 -0.2161 0.8982
vn 0.4090 -0.2293 0.8832
vn 0.3015 -0.3015 0.9045
vn 0.2456 0.2383 0.9396
vn 0.1685 0.2247 0.9597
vn 0.0986 0.1315 0.9864
vn 0.9136 0.1842 -0.3625
vn 0.9203 0.2001 -0.3361
vn 0.9110 0.1786 -0.3717
vn 0.9020 0.1604 -0.4009
vn -0.3261 -0.0500 -0.9440
vn -0.3043 -0.0422 -0.9516
vn -0.3754 -0.8924 0.2503
vn -0.3809 -0.8891 0.2540
vn -0.3743 -0.9109 0.1737
vn -0.3835 -0.9121 0.1449
vn -0.7851 0.5338 0.3140
vn -0.8060 0.5138 0.2939
vn -0.3007 0.6597 0.6887
vn -0.3333 0.6667 0.6666
vn -0.2696 0.6522 0.7085
vn -0.2417 0.6447 0.7252
vn -0.2401 0.6865 -0.6863
vn 0.9506 -0.1582 0.2669
vn 0.9545 -0.1788 0.2386
vn 0.9449 -0.1091 0.3087
vn 0.9364 -0.0851 0.3405
vn -0.3271 0.7865 0.5239
vn -0.2932 0.8066 0.5132
vn -0.4029 0.7351 0.5453
vn -0.4345 0.7110 0.5530
vn 0.5086 -0.3386 -0.7916
vn 0.5069 -0.3201 -0.8004
vn 0.9139 -0.3057 0.2671
vn 0.9079 -0.2751 0.3163
vn 0.8269 0.0083 0.5623
vn 0.7990 0.0499 0.5992
vn 0.8217 0.0164 0.5696
vn 0.8477 -0.0265 0.5298
vn -0.9151 -0.1144 -0.3867
vn -0.9406 0.0941 -0.3262
vn -0.9903 0.0846 -0.1100
vn -0.9860 0.1062 -0.1285
vn -0.9870 0.1175 -0.1097
vn 0.4258 -0.2173 0.8783
vn 0.4597 -0.2305 0.8576
vn 0.4698 -0.3354 0.8166
vn -0.9334 -0.1029 -0.3437
vn -0.9300 -0.0845 -0.3577
vn -0.9325 -0.0978 -0.3477
vn -0.9354 -0.1154 -0.3341
vn -0.3652 0.3625 -0.8574
vn -0.3492 0.4108 -0.8422
vn -0.3535 0.4142 -0.8387
vn -0.3899 0.3871 -0.8355
vn -0.9787 -0.2052 0.0089
vn -0.9609 -0.2501 -0.1185
vn 0.4699 -0.3354 0.8165
vn 0.5006 -0.3872 0.7743
vn 0.5122 -0.3842 0.7682
vn 0.5121 -0.3842 0.7682
vn 0.4232 0.1975 0.8843
vn 0.4838 0.1613 0.8602
vn 0.3208 0.3281 0.8885
vn 0.3207 0.3282 0.8885
vn 0.4231 0.1976 0.8843
vn 0.5668 -0.4960 -0.6579
vn 0.6570 -0.4199 -0.6261
vn 0.9491 -0.0377 -0.3126
vn 0.9428 -0.0471 -0.3300
vn 0.9778 -0.0128 -0.2091
vn 0.9843 0.0080 -0.1765
vn 0.4685 -0.6247 0.6247
vn 0.5346 -0.2672 0.8018
vn -0.2320 -0.3512 0.9071
vn -0.2677 -0.3203 0.9087
vn -0.3013 -0.3015 0.9046
vn -0.8415 0.1923 -0.5049
vn -0.8641 0.2412 -0.4418
vn 0.8092 -0.1291 -0.5732
vn 0.8160 -0.1255 -0.5643
vn 0.8137 -0.1224 -0.5682
vn 0.8187 -0.1276 -0.5599
vn -0.5462 0.8234 0.1537
vn -0.5342 0.8347 0.1336
vn -0.6385 0.7338 0.2323
vn -0.5462 0.8235 0.1537
vn 0.9681 -0.1977 0.1541
vn 0.9405 -0.3085 0.1428
vn -0.4082 0.4082 -0.8165
vn -0.4083 0.4083 -0.8165
vn 0.3015 0.9045 -0.3016
vn 0.2612 0.9031 -0.3409
vn -0.9171 0.0313 0.3975
vn 0.5477 0.3097 0.7772
vn 0.5185 0.3202 0.7929
vn 0.5235 0.3183 0.7904
vn 0.5543 0.3058 0.7741
vn 0.3656 0.7522 0.5482
vn -0.0362 -0.9197 0.3909
vn -0.0532 -0.9036 0.4252
vn -0.5299 0.4955 0.6883
vn -0.5278 0.4347 0.7297
vn -0.5370 0.4985 0.6805
vn -0.5355 0.5455 0.6447
vn -0.9208 -0.3802 0.0864
vn -0.9168 -0.3930 0.0705
vn 0.9466 0.3155 -0.0663
vn 0.9471 0.3157 -0.0579
vn 0.9487 0.3162 -0.0000
vn 0.0001 -1.0000 -0.0000
vn 0.5436 0.5683 -0.6177
vn 0.4598 0.0442 -0.8869
vn 0.4853 0.0404 -0.8734
vn 0.4669 0.0565 -0.8825
vn 0.4470 0.0354 -0.8938
vn -0.3620 -0.5171 -0.7756
vn 0.6884 -0.2298 -0.6880
vn 0.6778 -0.1783 -0.7133
vn 0.6967 -0.2807 -0.6602
vn 0.7028 -0.3328 -0.6287
vn 0.9206 -0.3303 0.2085
vn 0.9193 -0.3294 0.2154
vn 0.2563 0.6836 0.6834
vn 0.2563 0.6835 0.6835
vn -0.1243 -0.1783 0.9761
vn -0.1160 -0.1863 0.9756
vn -0.1002 -0.2256 -0.9690
vn -0.6729 -0.2638 -0.6911
vn -0.7232 -0.2269 -0.6523
vn 0.9781 -0.0377 0.2047
vn 0.9804 -0.0331 0.1944
vn 0.7759 0.4248 -0.4665
vn 0.7875 0.2684 -0.5548
vn 0.7859 0.3319 -0.5217
vn 0.7859 0.3320 -0.5217
vn 0.7654 0.4783 -0.4306
vn -0.8929 0.3602 -0.2701
vn -0.9303 0.3489 -0.1128
vn -0.9147 0.3901 -0.1058
vn -0.8742 0.3885 -0.2913
vn -0.0967 0.2349 -0.9672
vn -0.0493 0.1894 -0.9807
vn -0.9761 -0.0136 -0.2168
vn -0.9737 -0.0050 -0.2278
vn 0.9866 -0.1578 -0.0426
vn 0.9939 -0.0894 -0.0639
vn 0.9783 -0.1956 -0.0689
vn -0.1219 0.3088 0.9433
vn -0.0726 0.2419 0.9676
vn -0.1135 0.2976 0.9479
vn -0.1633 0.3642 0.9169
vn 0.2299 -0.1305 -0.9644
vn 0.2593 -0.0587 -0.9640
vn 0.2295 -0.1315 -0.9644
vn 0.2294 -0.1316 -0.9644
vn 0.1929 -0.2152 -0.9573
vn -0.4441 -0.5551 0.7033
vn -0.4610 -0.4283 0.7772
vn -0.5804 -0.5037 0.6399
vn -0.5775 -0.6231 0.5275
vn 0.5943 0.7922 0.1386
vn 0.2447 0.1071 0.9637
vn 0.2500 0.1126 0.9617
vn -0.2294 -0.6883 -0.6882
vn -0.4196 -0.5036 -0.7552
vn -0.6739 -0.5564 0.4861
vn -0.6619 -0.6251 0.4137
vn -0.6246 -0.6839 0.3771
vn -0.6616 -0.5623 0.4961
vn -0.6489 -0.6603 0.3779
vn -0.5972 -0.7748 0.2076
vn -0.2703 -0.2408 -0.9322
vn -0.2888 -0.2246 -0.9307
vn -0.5074 -0.8545 0.1113
vn -0.4834 -0.8700 0.0967
vn 0.9406 0.0941 -0.3262
vn 0.9151 -0.1144 -0.3867
vn 0.3481 -0.3482 -0.8704
vn 0.6396 -0.4264 -0.6396
vn 0.6620 -0.3514 -0.6620
vn 0.6659 -0.3365 -0.6659
vn -0.9497 -0.1499 -0.2749
vn -0.8246 -0.1344 -0.5496
vn -0.8261 -0.1194 -0.5507
vn -0.8305 -0.0615 -0.5536
vn 0.7556 0.3894 0.5267
vn 0.8001 0.3259 0.5037
vn 0.7465 0.4014 0.5307
vn 0.6766 0.4832 0.5557
vn 0.2081 0.9557 -0.2081
vn 0.2545 0.9330 -0.2545
vn 0.2196 0.9505 -0.2196
vn 0.2751 0.2257 -0.9346
vn 0.9975 -0.0499 -0.0498
vn 0.9971 -0.0108 -0.0759
vn 0.9960 -0.0854 -0.0260
vn 0.9923 -0.1240 -0.0000
vn 0.0019 0.3836 0.9235
vn -0.0404 0.4043 0.9137
vn 0.2899 0.8159 0.5003
vn 0.3469 0.7804 0.5203
vn -0.7688 0.4223 -0.4801
vn -0.7176 0.4715 -0.5126
vn -0.7499 0.4413 -0.4928
vn -0.8000 0.3885 -0.4572
vn 0.2646 0.7652 0.5868
vn -0.0377 0.7462 0.6647
vn 0.8137 0.1163 0.5696
vn 0.8311 0.0750 0.5511
vn 0.8143 0.1307 0.5656
vn 0.9458 -0.2924 -0.1416
vn 0.9447 -0.3064 -0.1171
vn 0.6619 -0.6251 0.4137
vn -0.3039 -0.3263 -0.8951
vn -0.3996 -0.2597 -0.8791
vn 0.3201 0.0262 0.9470
vn 0.3065 -0.0613 0.9499
vn 0.3211 0.0333 0.9465
vn 0.3795 0.0240 0.9249
vn -0.1139 -0.3292 -0.9373
vn -0.1456 -0.2759 -0.9501
vn -0.1651 -0.3436 -0.9245
vn 0.5213 0.1016 -0.8473
vn 0.6661 0.1382 -0.7330
vn 0.7646 0.1927 0.6150
vn 0.7717 0.2056 0.6018
vn 0.3539 -0.4995 0.7907
vn 0.2655 -0.5493 0.7923
vn 0.2230 -0.5345 0.8152
vn 0.3244 -0.4867 0.8111
vn -0.7092 0.3680 -0.6014
vn -0.6743 0.4070 -0.6162
vn -0.7045 0.3734 -0.6035
vn -0.7393 0.3314 -0.5863
vn 0.2504 0.1003 0.9629
vn 0.2411 0.0898 0.9663
vn 0.3248 -0.1037 -0.9401
vn 0.3449 -0.1142 -0.9317
vn 0.4942 -0.2063 0.8445
vn 0.5003 -0.1539 0.8521
vn 0.7863 0.2094 -0.5812
vn 0.7735 0.2313 -0.5901
vn 0.7843 0.2130 -0.5827
vn 0.7966 0.1912 -0.5735
vn 0.1073 -0.5515 -0.8272
vn 0.1673 -0.5317 -0.8302
vn 0.0231 -0.5546 -0.8318
vn -0.7105 -0.0387 -0.7027
vn -0.7110 -0.0463 -0.7017
vn -0.1037 -0.1072 0.9888
vn -0.3999 -0.0049 -0.9165
vn -0.3467 0.0385 -0.9372
vn -0.4021 -0.0067 -0.9156
vn -0.4516 -0.0488 -0.8909
vn -0.4000 -0.0050 -0.9165
vn 0.0964 -0.1205 -0.9880
vn -0.8775 -0.3513 0.3265
vn -0.8815 -0.3695 0.2938
vn 0.9499 -0.0645 -0.3059
vn 0.9558 -0.0743 -0.2844
vn 0.8507 0.2995 -0.4320
vn 0.8602 0.2867 -0.4217
vn -0.8549 0.1745 0.4885
vn -0.9370 0.1563 0.3124
vn -0.8018 0.2674 0.5344
vn -0.9536 -0.0000 0.3011
vn -0.8999 -0.3600 0.2463
vn -0.7576 -0.4428 0.4796
vn -0.7554 -0.4365 0.4888
vn -0.2206 0.1938 0.9559
vn -0.2178 0.2498 0.9435
vn -0.2120 -0.2120 -0.9540
vn -0.7071 -0.7071 -0.0000
vn 0.7809 -0.6247 -0.0000
vn 0.8018 -0.5345 0.2672
vn -0.0174 -0.0695 -0.9974
vn -0.0179 -0.0714 -0.9973
vn -0.0159 -0.7481 -0.6634
vn 0.0962 -0.7274 -0.6794
vn 0.2625 -0.7285 -0.6327
vn 0.2329 -0.7384 -0.6329
vn 0.2225 -0.9745 -0.0283
vn 0.2426 -0.9701 -0.0000
vn -0.6553 -0.3176 -0.6853
vn -0.6396 -0.3150 -0.7012
vn -0.7146 -0.3142 -0.6250
vn -0.7464 -0.3401 -0.5720
vn -0.4851 -0.7276 0.4851
vn -0.4598 -0.3218 0.8277
vn 0.2145 0.1869 0.9587
vn 0.2536 0.1085 0.9612
vn 0.2538 0.1097 0.9610
vn 0.2106 0.1923 0.9585
vn -0.8851 -0.2309 0.4041
vn -0.8801 -0.2178 0.4219
vn -0.6974 -0.4000 -0.5947
vn -0.6997 -0.4149 -0.5816
vn -0.6887 -0.3799 -0.6175
vn -0.6667 -0.3334 -0.6666
vn -0.9479 0.3187 0.0017
vn -0.9379 0.3463 0.0216
vn -0.5086 0.3889 -0.7681
vn -0.8651 0.4573 -0.2061
vn -0.9623 0.1924 -0.1924
vn -0.9426 -0.2792 -0.1834
vn -0.9430 -0.2763 -0.1857
vn 0.9414 -0.3347 -0.0418
vn 0.9468 -0.0631 -0.3156
vn 0.2835 0.8048 0.5214
vn 0.7420 0.0735 -0.6664
vn 0.7034 0.1005 -0.7036
vn 0.3246 0.0537 -0.9443
vn 0.2108 0.0460 -0.9765
vn 0.2218 0.0444 -0.9741
vn 0.3712 0.0337 -0.9279
vn 0.5296 -0.0399 0.8473
vn 0.5164 -0.0877 0.8518
vn -0.8706 -0.4913 -0.0259
vn -0.8968 -0.4339 -0.0868
vn -0.1451 0.1934 0.9703
vn -0.1686 0.2247 0.9597
vn -0.2154 0.2872 0.9334
vn 0.2601 -0.3182 -0.9117
vn 0.4271 -0.2958 -0.8544
vn 0.4015 -0.2959 -0.8667
vn 0.2307 -0.3077 -0.9231
vn 0.9099 0.1750 0.3760
vn 0.9213 0.1506 0.3585
vn 0.4820 0.3198 0.8157
vn 0.4761 0.3085 0.8235
vn 0.1475 0.8496 0.5063
vn 0.0959 0.7370 0.6691
vn -0.8430 0.5212 -0.1329
vn -0.8823 0.4704 -0.0174
vn -0.8328 0.5390 -0.1260
vn -0.8575 0.5045 -0.1009
vn 0.9685 0.2303 0.0948
vn 0.9662 -0.2280 0.1200
vn -0.1434 -0.0428 0.9887
vn -0.1433 -0.0429 0.9887
vn 0.4933 -0.2036 -0.8457
vn -0.8986 -0.2866 0.3322
vn -0.8979 -0.2553 0.3586
vn 0.9864 -0.0090 0.1644
vn 0.9117 0.3419 -0.2279
vn 0.7428 0.5571 -0.3713
vn 0.7176 0.1538 -0.6792
vn 0.9286 0.0982 0.3578
vn 0.9417 0.0328 0.3348
vn -0.3198 -0.3059 -0.8968
vn -0.3015 -0.3015 -0.9045
vn -0.4166 -0.2776 -0.8657
vn -0.4302 -0.2730 -0.8605
vn 0.9761 0.0971 0.1943
vn 0.9875 0.0705 0.1411
vn 0.9558 0.0666 0.2865
vn 0.9480 0.0732 0.3096
vn 0.3315 0.7948 0.5083
vn 0.3318 0.7916 0.5131
vn 0.0309 0.0618 0.9976
vn 0.5484 -0.2493 -0.7982
vn 0.5350 -0.2690 -0.8009
vn 0.5693 -0.1853 -0.8010
vn 0.5806 -0.1721 -0.7958
vn -0.6658 -0.3365 -0.6659
vn -0.6620 -0.3514 -0.6621
vn -0.6395 -0.4265 -0.6396
vn -0.3481 -0.3482 -0.8704
vn 0.8933 -0.3759 -0.2466
vn 0.8932 -0.4058 -0.1936
vn 0.4348 -0.8198 -0.3727
vn 0.3713 -0.8094 -0.4550
vn 0.6798 -0.6677 -0.3035
vn 0.9686 -0.2159 -0.1234
vn 0.9126 -0.3549 -0.2028
vn 0.4060 -0.3025 0.8624
vn 0.4088 -0.2886 0.8658
vn 0.3843 -0.3950 0.8344
vn 0.3793 -0.4138 0.8276
vn 0.2192 -0.3132 0.9240
vn 0.2348 -0.3057 0.9227
vn -0.5008 0.7318 -0.4623
vn -0.4714 0.7529 -0.4592
vn -0.9489 0.0963 -0.3005
vn -0.9435 0.1048 -0.3144
vn -0.2908 0.1931 0.9371
vn -0.4953 0.4502 0.7429
vn 0.1233 0.0029 0.9924
vn 0.1323 0.0298 0.9908
vn 0.1359 0.0347 0.9901
vn 0.7070 -0.7072 -0.0000
vn 0.9983 -0.0297 -0.0495
vn 0.9977 -0.0350 -0.0584
vn 0.9917 -0.0661 -0.1102
vn -0.9996 -0.0268 0.0084
vn -0.9996 -0.0268 0.0089
vn -0.9954 -0.0961 0.0003
vn -0.9827 -0.1611 0.0913
vn -0.6875 0.6614 0.2998
vn -0.4895 0.8703 0.0544
vn 0.8677 0.4614 -0.1851
vn -0.6772 0.7313 0.0813
vn -0.7603 0.6082 -0.2281
vn -0.9705 0.1078 0.2156
vn -0.9395 0.3425 -0.0000
vn -0.9390 0.3439 -0.0000
vn -0.9487 0.3162 -0.0000
vn -0.7588 0.1427 -0.6355
vn -0.7455 0.1270 -0.6543
vn 0.9068 -0.4199 -0.0370
vn 0.8912 -0.4528 -0.0283
vn 0.9643 -0.2650 -0.0003
vn 0.9710 -0.2382 -0.0183
vn -0.1400 0.0836 -0.9866
vn -0.1382 0.0897 -0.9863
vn -0.4527 0.3621 0.8148
vn -0.4450 0.3451 0.8263
vn -0.8869 0.0797 0.4551
vn -0.8920 0.0743 0.4459
vn -0.8883 0.0782 0.4526
vn -0.8827 0.0840 0.4623
vn 0.0128 -0.0767 0.9970
vn 0.0298 -0.1788 0.9834
vn 0.9964 0.0532 -0.0663
vn 0.9962 0.0848 -0.0212
vn -0.7310 0.5886 0.3453
vn 0.7972 -0.2633 -0.5433
vn 0.8617 -0.1723 -0.4773
vn 0.7273 -0.0957 -0.6796
vn 0.5028 -0.1557 -0.8502
vn 0.2052 -0.9470 -0.2473
vn 0.2065 -0.9468 -0.2469
vn 0.2212 -0.9449 -0.2413
vn 0.3161 -0.7452 -0.5871
vn 0.2450 0.1023 -0.9641
vn 0.2415 0.0915 -0.9661
vn 0.0966 -0.7158 -0.6916
vn 0.0960 -0.7037 -0.7039
vn -0.8171 -0.1886 -0.5448
vn -0.8021 -0.1983 -0.5634
vn -0.8020 -0.1983 -0.5634
vn -0.4835 -0.3576 0.7990
vn -0.4755 -0.3708 0.7978
vn -0.6741 0.3611 -0.6443
vn -0.6919 0.1817 -0.6987
vn -0.6902 0.1946 -0.6969
vn -0.6737 0.3600 -0.6454
vn 0.2273 0.8951 -0.3836
vn 0.7640 -0.0858 -0.6395
vn 0.7892 -0.0717 -0.6099
vn -0.2499 0.7997 0.5459
vn -0.1779 0.7911 0.5853
vn 0.9799 -0.1973 -0.0296
vn -0.4552 -0.0683 0.8878
vn -0.4552 -0.0683 0.8877
vn 0.3366 0.1648 0.9271
vn 0.3319 0.1683 0.9282
vn 0.8100 -0.1940 -0.5534
vn 0.8568 -0.1713 -0.4863
vn 0.8595 -0.1756 -0.4801
vn 0.8071 -0.2017 -0.5549
vn 0.7603 0.6082 -0.2281
vn 0.6772 0.7313 0.0813
vn -0.9968 -0.0514 0.0616
vn -0.9951 -0.0983 -0.0123
vn -0.9971 -0.0625 0.0442
vn -0.9937 -0.0201 0.1104
vn 0.1935 0.1613 0.9677
vn 0.4191 0.3492 0.8381
vn 0.4185 0.3106 0.8535
vn 0.4250 0.3114 0.8499
vn 0.9178 -0.2295 0.3239
vn 0.7487 -0.5615 0.3523
vn -0.0000 -0.7072 0.7070
vn 0.8315 -0.2571 0.4924
vn -0.4913 0.4929 -0.7181
vn -0.5021 0.4820 -0.7180
vn -0.6141 -0.1420 0.7763
vn -0.6188 -0.1479 0.7715
vn 0.9402 0.0166 0.3401
vn 0.9206 -0.0552 0.3867
vn 0.9414 0.0220 0.3366
vn 0.9535 0.0954 0.2860
vn 0.0715 -0.7050 -0.7056
vn 0.0881 -0.7111 -0.6975
vn 0.9808 -0.1926 -0.0300
vn -0.9124 0.3802 0.1518
vn -0.9063 0.3784 0.1882
vn -0.9020 0.4295 0.0430
vn -0.1577 0.5310 0.8325
vn -0.2672 0.5345 0.8018
vn -0.2019 0.5333 0.8215
vn -0.1054 0.5270 0.8433
vn -0.2160 -0.0936 -0.9719
vn -0.1873 -0.1079 -0.9764
vn -0.0147 -0.0124 -0.9998
vn 0.0022 -0.0123 -0.9999
vn 0.3570 0.2759 0.8924
vn 0.5774 -0.5774 0.5773
vn 0.5488 -0.3292 0.7684
vn 0.3194 -0.2697 -0.9084
vn 0.3015 -0.3015 -0.9045
vn -0.8269 0.0083 0.5623
vn -0.8477 -0.0265 0.5298
vn -0.8217 0.0164 0.5697
vn -0.7990 0.0499 0.5992
vn -0.6907 -0.6812 -0.2427
vn -0.6861 -0.6861 -0.2421
vn -0.6573 -0.6719 -0.3413
vn -0.6573 -0.6692 -0.3466
vn 0.8391 -0.5418 -0.0486
vn 0.8307 -0.5536 -0.0592
vn 0.2970 0.8604 -0.4142
vn 0.3119 0.8575 -0.4092
vn 0.8839 0.4161 0.2136
vn 0.8706 0.4353 0.2291
vn -0.9795 0.1993 0.0303
vn -0.9791 0.2015 0.0288
vn 0.0544 -0.5315 0.8453
vn 0.0600 -0.5398 0.8397
vn 0.0583 -0.5373 0.8414
vn 0.0529 -0.5293 0.8468
vn 0.9350 0.3312 -0.1266
vn 0.4422 -0.4614 0.7691
vn 0.6441 -0.6841 0.3421
vn 0.5879 -0.7235 0.3618
vn 0.6087 0.0609 0.7911
vn 0.1229 -0.8587 -0.4975
vn 0.0677 -0.8491 -0.5239
vn -0.8494 0.3595 0.3865
vn -0.9428 0.2357 0.2357
vn -0.9150 0.2852 0.2852
vn -0.8899 0.3583 0.2824
vn -0.5289 0.0801 0.8449
vn 0.9233 -0.0909 -0.3732
vn 0.4145 0.8463 -0.3347
vn 0.4101 0.8502 -0.3301
vn -0.0967 0.1408 -0.9853
vn -0.0968 0.1373 -0.9858
vn -0.7772 0.0763 -0.6246
vn -0.7621 0.0586 -0.6448
vn 0.2259 -0.6997 -0.6778
vn 0.2583 -0.6867 -0.6795
vn -0.5528 0.8174 -0.1622
vn -0.5638 0.8062 -0.1793
vn -0.5613 0.7963 -0.2255
vn -0.3014 -0.9046 0.3015
vn 0.3015 -0.9045 0.3015
vn -0.4764 0.7699 0.4246
vn -0.5174 0.7843 0.3422
vn 0.5547 -0.0000 0.8320
vn 0.2989 -0.0114 0.9542
vn 0.2756 -0.0268 0.9609
vn 0.9436 0.0082 0.3310
vn 0.8920 0.0743 0.4459
vn 0.1270 -0.6350 0.7620
vn -0.9910 0.0367 -0.1285
vn -0.9285 0.3713 -0.0000
vn 0.4584 -0.1430 -0.8772
vn 0.4681 -0.1581 -0.8694
vn 0.4547 -0.1375 -0.8799
vn 0.4439 -0.1211 -0.8879
vn -0.4618 0.3858 -0.7987
vn -0.4635 0.3843 -0.7984
vn -0.9680 -0.2184 0.1236
vn -0.9428 -0.2358 0.2358
vn -0.6262 0.2265 -0.7461
vn -0.6392 0.2072 -0.7406
vn -0.8303 -0.0543 -0.5546
vn -0.8563 -0.0515 -0.5138
vn -0.7979 0.0332 -0.6019
vn -0.7978 0.0332 -0.6020
vn -0.7681 0.0180 -0.6401
vn -0.3269 0.8799 -0.3449
vn -0.7509 -0.0905 0.6542
vn -0.7312 -0.1274 0.6702
vn -0.7431 -0.1054 0.6608
vn -0.7615 -0.0693 0.6444
vn 0.6288 -0.7544 -0.1884
vn 0.6196 -0.7573 -0.2065
vn -0.9860 -0.0897 0.1409
vn -0.9860 -0.0896 0.1408
vn 0.4925 -0.8443 0.2112
vn 0.1998 0.1665 -0.9656
vn -0.5394 -0.7521 0.3786
vn -0.5284 -0.7688 0.3603
vn -0.5539 -0.7283 0.4035
vn -0.5657 -0.7071 0.4243
vn -0.0000 -0.5547 0.8320
vn 0.2872 0.5489 -0.7850
vn 0.3836 0.5755 -0.7222
vn 0.4117 0.6272 -0.6612
vn 0.4116 0.6272 -0.6612
vn 0.2673 0.5346 -0.8017
vn 0.2872 0.5488 -0.7851
vn -0.8482 -0.3107 0.4290
vn -0.9228 -0.3393 -0.1828
vn -0.9129 -0.3652 -0.1826
vn -0.9580 -0.2214 -0.1821
vn -0.9643 -0.1928 -0.1815
vn -0.7096 -0.1821 0.6807
vn -0.7134 -0.1783 0.6777
vn -0.7114 -0.1804 0.6793
vn -0.7114 -0.1803 0.6792
vn -0.7081 -0.1836 0.6818
vn -0.7096 -0.1821 0.6806
vn 0.9192 -0.3727 0.1272
vn 0.9153 -0.3795 0.1352
vn -0.8994 0.2249 -0.3747
vn -0.8984 0.2221 -0.3789
vn -0.7565 -0.4028 -0.5152
vn -0.7565 -0.4029 -0.5151
vn -0.7433 -0.4615 -0.4842
vn -0.8018 -0.5345 0.2672
vn -0.6317 -0.7720 0.0702
vn -0.5019 -0.8632 0.0557
vn -0.4766 -0.8784 0.0349
vn -0.7095 -0.4774 0.5184
vn -0.6623 -0.5298 0.5298
vn -0.2745 0.1665 0.9471
vn -0.3387 0.1075 0.9347
vn -0.6000 -0.0000 -0.8000
vn -0.7791 0.2272 -0.5843
vn -0.9673 -0.1343 -0.2149
vn -0.9898 -0.0019 -0.1425
vn -0.9864 -0.0090 0.1644
vn -0.9860 0.0051 0.1665
vn -0.9864 0.0036 0.1644
vn 0.5835 0.8064 -0.0963
vn 0.5516 0.8274 -0.1061
vn 0.6815 0.7291 -0.0634
vn 0.7060 0.7061 -0.0543
vn -0.0461 0.7991 0.5994
vn -0.0490 0.7897 0.6115
vn -0.1473 0.7913 0.5934
vn -0.6826 0.3317 0.6511
vn -0.6883 0.3582 0.6309
vn -0.6170 -0.1758 -0.7671
vn -0.6214 -0.1622 -0.7665
vn -0.6303 -0.1601 -0.7597
vn -0.6246 -0.1718 -0.7618
vn -0.8678 0.0534 0.4940
vn -0.1836 0.7453 0.6409
vn -0.1243 0.8289 0.5454
vn -0.2999 0.7998 0.5199
vn -0.4264 0.6396 0.6397
vn -0.3805 0.5707 0.7277
vn -0.4224 0.6336 0.6482
vn -0.4906 0.6744 0.5518
vn -0.6857 0.4174 0.5962
vn -0.5677 -0.8117 -0.1375
vn -0.5281 -0.8343 -0.1584
vn 0.2357 0.2357 0.9428
vn -0.7023 0.7022 0.1170
vn 0.7440 0.0808 0.6632
vn 0.7715 0.1543 0.6173
vn -0.1242 -0.4109 0.9032
vn -0.1010 -0.4040 0.9091
vn -0.1458 -0.4171 0.8971
vn -0.1577 -0.4204 0.8935
vn -0.8530 -0.5213 -0.0253
vn -0.9624 0.2174 -0.1631
vn -0.9615 0.2198 -0.1648
vn -0.9623 0.2176 -0.1632
vn -0.9635 0.2141 -0.1606
vn 0.3697 -0.2745 -0.8877
vn 0.3931 -0.1479 -0.9075
vn 0.3869 -0.3040 -0.8706
vn 0.9371 -0.1561 -0.3123
vn 0.6154 0.6155 -0.4924
vn 0.1690 0.8451 0.5071
vn -0.1260 0.9278 0.3513
vn -0.2067 -0.0377 -0.9777
vn -0.6211 -0.4348 -0.6521
vn -0.6388 -0.4267 -0.6402
vn -0.6211 -0.4347 -0.6522
vn 0.5135 0.8107 -0.2812
vn 0.5139 0.8147 -0.2687
vn -0.9392 -0.3395 -0.0505
vn -0.9219 -0.3819 -0.0658
vn 0.7067 0.0345 0.7067
vn 0.7193 0.0446 0.6932
vn 0.4456 0.3123 -0.8390
vn 0.2950 0.2326 -0.9267
vn 0.3065 0.2519 -0.9179
vn 0.4673 0.3466 -0.8133
vn -0.7112 0.0607 -0.7003
vn -0.7133 0.0594 -0.6984
vn -0.9300 0.3618 0.0643
vn -0.9243 0.3806 0.0272
vn -0.8823 0.4704 -0.0173
vn -0.0588 0.9826 0.1765
vn -0.0254 0.9994 0.0254
vn 0.8944 -0.0000 0.4473
vn 0.9284 0.2322 0.2902
vn 0.8073 -0.5838 -0.0869
vn 0.7957 -0.6025 -0.0622
vn 0.8675 0.1847 0.4619
vn 0.8661 0.1856 0.4640
vn -0.8899 0.3583 0.2823
vn 0.3162 -0.0000 -0.9487
vn -0.6376 0.1474 -0.7561
vn -0.6460 0.1559 -0.7473
vn -0.6431 0.1524 -0.7505
vn -0.6398 0.1489 -0.7539
vn 0.3597 0.1093 -0.9267
vn 0.9264 -0.3184 0.2012
vn 0.9227 -0.3246 0.2079
vn -0.4364 -0.3730 0.8188
vn -0.4138 -0.3793 0.8276
vn -0.1282 -0.2430 0.9615
vn -0.1283 -0.2405 0.9621
vn 0.0631 -0.9974 -0.0359
vn 0.0479 -0.9981 -0.0399
vn 0.3316 0.7949 0.5082
vn 0.4080 0.8343 0.3708
vn 0.3859 0.8375 0.3869
vn 0.3318 0.7917 0.5130
vn -0.6705 -0.1775 0.7204
vn -0.6966 -0.1717 0.6966
vn -0.6189 -0.1536 0.7703
vn -0.5455 -0.1818 0.8181
vn 0.0810 -0.0648 -0.9946
vn 0.0424 -0.0340 -0.9985
vn 0.1265 -0.1012 -0.9868
vn 0.9323 0.1043 -0.3463
vn 0.9457 0.0788 -0.3152
vn 0.9352 0.0991 -0.3400
vn 0.9214 0.1229 -0.3686
vn -0.7717 0.3700 0.5173
vn -0.7716 0.3741 0.5144
vn -0.4380 -0.5740 -0.6918
vn -0.4365 -0.5749 -0.6920
vn -0.6400 -0.6000 0.4800
vn -0.8422 -0.4210 0.3368
vn 0.8736 -0.4254 -0.2362
vn 0.8690 -0.4345 -0.2370
vn 0.8894 -0.3933 -0.2332
vn 0.8919 -0.3877 -0.2326
vn -0.4698 -0.3354 0.8165
vn -0.5121 -0.3842 0.7682
vn -0.5122 -0.3841 0.7682
vn -0.5006 -0.3872 0.7743
vn 0.3239 0.8921 0.3150
vn 0.3428 0.9034 0.2576
vn 0.3906 0.8718 0.2957
vn 0.3906 0.8718 0.2958
vn 0.4156 0.8312 0.3694
vn 0.3714 -0.9285 -0.0000
vn 0.5570 -0.3716 0.7427
vn 0.3333 -0.6668 0.6666
vn 0.8893 0.2832 0.3592
vn 0.8532 0.2496 0.4580
vn -0.1475 -0.4425 0.8846
vn 0.4081 0.8843 0.2267
vn 0.4239 0.8746 0.2355
vn -0.9285 -0.2454 -0.2785
vn -0.9240 -0.2513 -0.2883
vn -0.7937 -0.0459 0.6066
vn -0.8000 -0.0000 0.5999
vn -0.7946 -0.0400 0.6059
vn -0.7864 -0.0874 0.6115
vn 0.2258 -0.1382 -0.9643
vn 0.2602 -0.1372 -0.9558
vn 0.7503 -0.6292 -0.2027
vn 0.7236 -0.6641 -0.1884
vn 0.7103 -0.6801 -0.1814
vn 0.9015 -0.4182 -0.1115
vn 0.7522 -0.3184 -0.5770
vn 0.6616 -0.2269 -0.7147
vn 0.7950 -0.2816 -0.5373
vn 0.7522 -0.3184 -0.5769
vn 0.3664 0.1316 -0.9211
vn 0.3234 0.1338 -0.9368
vn 0.4062 0.1292 -0.9046
vn 0.3867 0.3282 0.8618
vn 0.3792 0.2708 0.8848
vn -0.9995 0.0294 0.0120
vn -0.9970 -0.0776 0.0080
vn 0.1400 -0.7000 -0.7002
vn 0.1898 -0.9487 -0.2531
vn -0.9250 -0.1905 -0.3289
vn -0.9154 -0.1740 -0.3631
vn -0.9596 -0.1810 -0.2155
vn -0.9687 -0.1618 -0.1884
vn -0.7359 -0.6743 -0.0618
vn -0.7256 -0.6870 -0.0387
vn -0.7513 -0.6525 -0.0989
vn -0.7525 -0.6506 -0.1019
vn 0.8988 -0.0620 0.4339
vn 0.6704 -0.2346 0.7040
vn 0.7460 0.1554 0.6475
vn -0.8700 -0.2904 0.3986
vn -0.8678 -0.3134 0.3857
vn -0.8724 -0.2458 0.4224
vn -0.8729 -0.2182 0.4365
vn 0.9509 -0.1114 0.2886
vn 0.9543 -0.1185 0.2744
vn 0.5934 0.7911 -0.1483
vn 0.7172 0.3586 0.5976
vn 0.8994 0.2249 0.3749
vn 0.1588 -0.2859 -0.9450
vn -0.2186 -0.1718 -0.9606
vn -0.5268 0.6757 -0.5157
vn -0.5416 0.6880 -0.4830
vn 0.8289 -0.0868 -0.5526
vn 0.9486 -0.0091 -0.3163
vn 0.9418 -0.0376 0.3340
vn 0.9414 0.0432 0.3346
vn 0.9446 0.0158 0.3278
vn 0.9446 0.0158 0.3277
vn 0.9580 0.0855 0.2737
vn 0.9419 -0.0375 0.3339
vn 0.1873 -0.1079 -0.9764
vn 0.2160 -0.0936 -0.9719
vn 0.6884 -0.2294 0.6881
vn 0.8847 0.1474 0.4423
vn 0.8950 -0.2697 -0.3553
vn 0.8945 -0.2390 -0.3778
vn -0.5663 -0.2269 0.7924
vn -0.5785 -0.2652 0.7714
vn -0.5488 -0.1768 0.8171
vn -0.5353 -0.1413 0.8328
vn -0.9152 0.3991 0.0558
vn -0.8809 0.4562 0.1258
vn 0.9821 -0.0501 0.1818
vn 0.9818 -0.0460 0.1841
vn 0.1704 0.1792 0.9689
vn 0.1522 0.1413 0.9782
vn 0.1818 0.2032 0.9621
vn 0.1981 0.2377 0.9509
vn -0.1243 -0.9783 -0.1660
vn -0.2015 -0.9748 -0.0959
vn -0.1916 -0.9757 -0.1060
vn -0.1083 -0.9793 -0.1710
vn -0.9563 0.2632 0.1272
vn -0.9558 0.2688 0.1195
vn -0.9564 0.2624 0.1284
vn -0.9569 0.2563 0.1367
vn -0.1694 -0.5710 0.8033
vn -0.1961 -0.5883 0.7845
vn 0.8767 -0.1610 0.4532
vn 0.8847 -0.1474 0.4423
vn 0.8762 -0.1989 0.4390
vn 0.8834 -0.2410 0.4018
vn 0.5499 -0.8103 -0.2027
vn 0.5455 -0.8182 -0.1818
vn 0.5490 -0.8119 -0.1984
vn 0.5536 -0.8028 -0.2214
vn 0.9471 0.3157 -0.0580
vn 0.9401 0.3134 -0.1343
vn 0.8741 -0.2914 -0.3885
vn 0.7576 -0.1284 -0.6400
vn 0.7374 -0.1344 -0.6620
vn -0.7548 -0.6470 -0.1079
vn -0.8944 -0.4472 -0.0000
vn -0.0238 -0.9752 0.2200
vn -0.0000 -0.9881 0.1537
vn -0.0412 -0.9957 0.0824
vn -0.1231 -0.9847 0.1231
vn -0.2687 -0.9609 -0.0672
vn -0.2696 -0.9608 -0.0641
vn -0.6881 -0.6884 0.2293
vn -0.4471 -0.8945 -0.0000
vn -0.2605 -0.0387 -0.9647
vn -0.2860 -0.0953 -0.9535
vn -0.8495 -0.2360 0.4719
vn 0.7137 -0.6858 -0.1427
vn 0.7002 -0.7000 -0.1400
vn 0.8935 0.2978 0.3362
vn 0.8571 0.2857 0.4286
vn -0.1498 -0.7864 0.5992
vn -0.6496 0.2598 0.7145
vn 0.4253 -0.4795 0.7676
vn 0.3925 -0.5008 0.7715
vn 0.4079 -0.4909 0.7698
vn 0.4437 -0.4671 0.7648
vn 0.2598 -0.0371 0.9650
vn 0.7112 0.0607 -0.7003
vn 0.7133 0.0594 -0.6984
vn -0.9182 -0.3009 0.2575
vn -0.9137 -0.3230 0.2466
vn -0.9461 -0.2858 0.1526
vn -0.9685 -0.2267 0.1031
vn 0.7453 0.5963 -0.2981
vn 0.4253 0.8506 -0.3093
vn -0.4253 -0.4795 0.7676
vn -0.4437 -0.4671 0.7648
vn -0.4079 -0.4909 0.7698
vn -0.3925 -0.5008 0.7715
vn -0.2454 0.0889 -0.9653
vn -0.2537 0.2175 -0.9425
vn -0.2504 0.2118 -0.9447
vn -0.2415 0.0925 -0.9660
vn -0.7903 -0.1395 -0.5966
vn -0.8070 -0.0824 -0.5847
vn 0.0223 -0.0885 -0.9958
vn -0.0253 -0.0928 -0.9954
vn 0.0378 -0.0871 -0.9955
vn 0.0934 -0.0817 -0.9923
vn -0.9095 0.2660 -0.3195
vn -0.9199 0.2489 -0.3030
vn 0.9652 0.0254 0.2604
vn 0.9701 -0.0000 0.2426
vn 0.6163 -0.3522 0.7044
vn 0.6130 -0.3545 0.7061
vn 0.6730 0.1923 -0.7142
vn 0.6803 0.1787 -0.7108
vn -0.8881 -0.3279 -0.3222
vn -0.8783 -0.3140 -0.3606
vn -0.8840 -0.4302 -0.1828
vn -0.8844 -0.4492 -0.1264
vn -0.3173 -0.9482 -0.0146
vn 0.6000 -0.0000 -0.8000
vn -0.2536 0.1085 0.9612
vn -0.2538 0.1097 0.9610
vn -0.3711 -0.0003 -0.9286
vn -0.3415 -0.0379 -0.9391
vn -0.3008 0.0656 -0.9514
vn -0.3001 0.0964 -0.9490
vn -0.9487 -0.3163 -0.0000
vn -0.9544 -0.2985 -0.0000
vn -0.9554 -0.2954 -0.0000
vn -0.7968 -0.3397 0.4996
vn -0.7978 -0.3546 0.4876
vn 0.6547 -0.1496 0.7410
vn 0.6495 -0.1454 0.7463
vn 0.6957 -0.1504 0.7024
vn 0.6964 -0.1611 0.6994
vn 0.5763 -0.4889 -0.6549
vn 0.5812 -0.4843 -0.6539
vn -0.0000 0.7071 -0.7072
vn -0.7191 -0.5229 -0.4576
vn 0.4473 0.8944 -0.0000
vn 0.9349 0.1813 0.3053
vn 0.9395 0.0607 0.3371
vn 0.2723 -0.5744 -0.7720
vn 0.2626 -0.5572 -0.7878
vn 0.2924 -0.6815 -0.6709
vn 0.2856 -0.7236 -0.6284
vn -0.6039 0.7188 0.3445
vn -0.5844 0.7305 0.3533
vn -0.3102 -0.1949 -0.9305
vn -0.0000 -0.1690 -0.9856
vn 0.1529 0.6300 0.7614
vn 0.1528 0.6300 0.7614
vn -0.2484 0.5628 0.7884
vn -0.6252 0.3391 0.7029
vn -0.4904 0.1068 0.8649
vn -0.6396 0.4264 0.6396
vn -0.6352 -0.3751 -0.6752
vn -0.5013 -0.3580 -0.7877
vn -0.5387 -0.3356 -0.7727
vn -0.6719 -0.3110 -0.6721
vn -0.6271 -0.3483 -0.6968
vn -0.6276 -0.3708 -0.6846
vn 0.4866 -0.8687 0.0925
vn 0.5547 -0.8321 -0.0000
vn 0.5070 -0.8594 0.0659
vn 0.4423 -0.8847 0.1475
vn -0.5784 -0.1653 -0.7988
vn -0.5965 -0.1559 -0.7873
vn 0.6245 -0.6839 0.3771
vn 0.2308 -0.9190 0.3197
vn 0.2322 -0.9194 0.3175
vn 0.2513 -0.9243 0.2872
vn -0.9442 -0.2744 0.1823
vn -0.9403 -0.2746 0.2013
vn 0.8166 0.4087 0.4077
vn 0.8202 0.4338 0.3728
vn 0.5374 0.1565 0.8287
vn 0.5419 0.1706 0.8229
vn 0.6110 -0.5809 0.5379
vn 0.6470 -0.5392 0.5392
vn 0.6405 -0.5469 0.5391
vn 0.5965 -0.5965 0.5369
vn -0.7614 -0.3182 -0.5648
vn -0.7310 -0.4014 -0.5519
vn -0.2844 0.9420 0.1783
vn -0.2823 0.9407 0.1882
vn -0.2883 0.9443 0.1589
vn -0.2910 0.9456 0.1455
vn -0.2425 -0.0000 0.9701
vn -0.2425 -0.0000 0.9702
vn -0.2969 0.9549 -0.0072
vn -0.2425 0.9698 -0.0269
vn -0.2688 0.9630 -0.0174
vn -0.3163 0.9487 -0.0000
vn 0.5325 0.3800 0.7563
vn 0.3926 0.5235 0.7562
vn 0.4380 0.4982 0.7483
vn 0.5454 0.3556 0.7590
vn 0.9648 -0.1662 -0.2037
vn 0.0831 -0.0104 0.9965
vn 0.1139 -0.0611 0.9916
vn -0.1817 -0.1449 0.9726
vn -0.1129 -0.1876 0.9757
vn -0.5218 0.8204 0.2338
vn -0.2672 -0.5345 0.8018
vn 0.2673 0.8018 -0.5345
vn 0.4623 0.8732 -0.1541
vn -0.7420 -0.2120 0.6360
vn -0.5975 0.7607 0.2536
vn -0.6202 0.7442 0.2481
vn -0.5507 0.7919 0.2640
vn -0.5346 0.8017 0.2673
vn -0.2225 -0.9745 -0.0283
vn -0.2426 -0.9701 -0.0000
vn -0.9774 -0.1915 -0.0890
vn 0.9636 -0.2582 0.0688
vn 0.8169 -0.5745 -0.0511
vn 0.9129 -0.3651 -0.1826
vn 0.9528 -0.1304 0.2741
vn 0.9573 -0.1489 0.2476
vn 0.9428 -0.2357 0.2357
vn -0.8360 -0.5267 -0.1539
vn 0.9639 -0.0258 0.2650
vn 0.9634 -0.1215 0.2388
vn 0.9610 0.0342 0.2744
vn 0.5266 0.5112 -0.6793
vn 0.5123 0.5589 -0.6520
vn 0.5642 -0.2162 0.7969
vn 0.5738 -0.1986 0.7945
vn 0.9475 -0.1701 -0.2707
vn 0.9522 -0.1875 -0.2412
vn 0.4453 0.8796 -0.1670
vn 0.4454 0.8796 -0.1670
vn 0.4520 0.8758 -0.1695
vn -0.8659 0.3852 -0.3190
vn -0.8793 0.3650 -0.3059
vn -0.8702 0.3789 -0.3149
vn -0.8551 0.4007 -0.3289
vn -0.9248 -0.1385 -0.3544
vn -0.9196 -0.1585 -0.3594
vn -0.2333 0.3822 -0.8942
vn -0.2377 0.3804 -0.8937
vn -0.2239 0.3928 -0.8920
vn -0.2172 0.3942 -0.8930
vn 0.9737 -0.1711 -0.1507
vn 0.9736 -0.1681 -0.1546
vn -0.9638 -0.2663 0.0099
vn -0.9639 -0.2662 0.0099
vn -0.9835 -0.1794 0.0215
vn 0.8491 0.5265 -0.0432
vn 0.8601 0.5025 -0.0879
vn 0.8601 0.5026 -0.0879
vn 0.8354 0.5494 0.0168
vn 0.6391 0.1452 -0.7553
vn 0.5922 0.1928 -0.7824
vn 0.5833 0.1810 -0.7918
vn 0.9191 -0.0000 0.3940
vn -0.2748 -0.4947 0.8245
vn -0.0000 -0.6247 0.7809
vn -0.2513 -0.9243 0.2872
vn -0.2322 -0.9194 0.3175
vn -0.2308 -0.9190 0.3197
vn -0.6245 -0.6839 0.3771
vn -0.7647 -0.2202 0.6056
vn -0.7021 -0.3113 0.6404
vn -0.7041 -0.3114 0.6382
vn -0.7668 -0.2030 0.6089
vn -0.8866 0.0611 -0.4585
vn -0.5447 0.6727 0.5008
vn -0.5964 0.6470 0.4751
vn -0.9547 -0.2975 -0.0000
vn -0.9451 -0.3238 -0.0428
vn 0.5883 -0.0851 0.8042
vn 0.5924 -0.0778 0.8019
vn -0.0986 0.1315 0.9864
vn -0.3015 -0.3015 0.9045
vn -0.3827 -0.2161 0.8983
vn -0.5126 -0.1246 0.8495
vn -0.5088 -0.1296 0.8511
vn -0.4943 -0.1483 0.8566
vn -0.0957 -0.6261 0.7738
vn -0.0933 -0.6220 0.7774
vn -0.0975 -0.6293 0.7710
vn -0.1000 -0.6337 0.7671
vn 0.5465 0.1708 0.8199
vn 0.5293 0.1612 0.8330
vn -0.6725 0.5107 -0.5356
vn -0.3305 0.7970 -0.5055
vn -0.7138 -0.0811 -0.6956
vn -0.7044 -0.0867 -0.7044
vn -0.7176 -0.6500 -0.2500
vn -0.7474 -0.6201 -0.2385
vn -0.6765 -0.6873 -0.2644
vn -0.6765 -0.6874 -0.2644
vn -0.6527 -0.7071 -0.2720
vn 0.3594 0.8618 -0.3581
vn -0.5018 -0.8632 0.0557
vn 0.7684 -0.6382 -0.0472
vn 0.8700 -0.2903 0.3986
vn 0.8729 -0.2182 0.4365
vn 0.8724 -0.2458 0.4224
vn 0.8678 -0.3133 0.3857
vn 0.9631 -0.2407 0.1204
vn 0.9624 0.2174 -0.1631
vn 0.9635 0.2141 -0.1606
vn 0.9623 0.2176 -0.1632
vn 0.9615 0.2198 -0.1648
vn -0.6847 0.7275 0.0428
vn -0.3829 0.8855 -0.2633
vn -0.3820 0.9067 -0.1787
vn -0.3647 0.9135 -0.1806
vn 0.9923 -0.0000 0.1240
vn 0.9307 0.3102 0.1939
vn 0.3898 -0.2296 -0.8918
vn 0.6496 -0.2598 -0.7145
vn 0.6480 -0.2313 -0.7257
vn 0.6076 -0.2157 -0.7644
vn 0.9438 0.3065 0.1237
vn 0.9465 0.2958 0.1288
vn 0.9458 0.2996 0.1251
vn 0.9444 0.3034 0.1264
vn -0.7916 -0.4749 0.3845
vn -0.8711 -0.2987 0.3899
vn 0.5575 0.4838 0.6747
vn 0.6033 0.4259 0.6743
vn 0.5654 0.4742 0.6749
vn 0.5138 0.5335 0.6719
vn -0.9543 -0.1185 0.2744
vn -0.9509 -0.1114 0.2886
vn -0.6795 -0.5501 -0.4854
vn -0.5328 0.0267 0.8458
vn -0.4136 -0.0698 0.9078
vn -0.4656 -0.0101 0.8849
vn -0.7962 0.5345 -0.2836
vn -0.7966 0.5334 -0.2845
vn -0.7959 0.5352 -0.2829
vn -0.7956 0.5361 -0.2821
vn -0.4015 -0.4405 0.8030
vn -0.4047 -0.4253 0.8095
vn -0.4191 -0.3492 0.8381
vn -0.1577 -0.4205 0.8935
vn 0.9240 -0.2513 -0.2883
vn 0.9285 -0.2454 -0.2785
vn 0.2772 -0.2640 -0.9238
vn -0.8236 -0.5330 -0.1938
vn -0.8120 -0.5447 -0.2097
vn -0.8173 -0.5338 -0.2168
vn -0.8729 -0.2182 -0.4364
vn -0.8830 -0.4605 -0.0907
vn -0.8039 -0.5853 -0.1054
vn -0.1678 -0.2014 0.9650
vn -0.0890 -0.2840 0.9547
vn 0.5807 -0.1901 0.7916
vn 0.5759 -0.1863 0.7960
vn 0.7837 -0.3359 -0.5224
vn 0.7838 -0.3359 -0.5224
vn -0.9511 0.0729 0.3002
vn -0.9511 0.0729 0.3003
vn -0.9444 0.0476 0.3254
vn -0.9610 0.0720 0.2672
vn 0.2120 -0.2506 -0.9446
vn 0.1720 -0.2751 -0.9459
vn 0.2964 -0.4977 -0.8152
vn -0.5769 -0.7547 0.3125
vn -0.5571 -0.7428 0.3714
vn -0.5623 -0.7461 0.3567
vn -0.5832 -0.7582 0.2916
vn -0.6129 0.2179 -0.7596
vn -0.6613 0.1763 -0.7291
vn 0.2557 -0.1827 -0.9494
vn 0.2521 -0.1776 -0.9513
vn 0.4285 0.2857 0.8572
vn 0.4204 0.3408 0.8409
vn 0.9324 -0.1050 -0.3458
vn 0.9348 -0.1084 -0.3382
vn 0.3224 -0.6764 -0.6623
vn 0.3333 -0.6667 -0.6666
vn -0.2320 -0.3513 0.9071
vn -0.2677 -0.3204 0.9087
vn 0.8997 0.1184 0.4202
vn -0.5343 -0.2913 -0.7935
vn -0.5332 -0.3333 -0.7776
vn 0.9806 -0.0000 0.1961
vn 0.9707 -0.2354 0.0478
vn 0.9435 0.3051 0.1296
vn 0.9454 0.2954 0.1379
vn 0.2170 0.1296 -0.9675
vn 0.6704 -0.4526 0.5879
vn 0.6516 -0.4739 0.5923
vn 0.6871 -0.4329 0.5835
vn 0.7061 -0.4093 0.5778
vn -0.8495 -0.3645 -0.3814
vn -0.8111 -0.4868 -0.3244
vn -0.8275 -0.4417 -0.3467
vn -0.8600 -0.3153 -0.4014
vn 0.2135 0.0560 0.9753
vn -0.0411 -0.9958 0.0824
vn -0.4900 0.0396 -0.8708
vn -0.4913 0.0409 -0.8700
vn 0.0859 0.9315 0.3534
vn 0.1896 0.9129 0.3615
vn 0.1076 0.9323 0.3453
vn 0.2471 -0.5143 0.8212
vn 0.2402 -0.5072 0.8277
vn -0.5868 -0.6619 0.4665
vn -0.5721 -0.6674 0.4768
vn -0.5804 -0.6643 0.4710
vn -0.5935 -0.6593 0.4616
vn -0.2170 -0.2367 -0.9470
vn -0.2203 -0.2365 -0.9463
vn 0.7349 -0.6444 -0.2114
vn 0.7125 -0.6782 -0.1803
vn 0.7713 -0.5776 -0.2674
vn 0.7924 -0.5284 -0.3048
vn 0.1888 0.2417 0.9518
vn 0.3339 -0.2127 0.9183
vn 0.3327 -0.2287 0.9149
vn 0.3370 -0.1654 0.9269
vn 0.3380 -0.1479 0.9295
vn 0.9283 0.2857 0.2380
vn 0.9284 0.3016 0.2168
vn -0.3152 -0.0784 -0.9458
vn -0.3158 -0.0453 -0.9477
vn -0.1924 -0.1924 0.9623
vn 0.9251 0.3797 0.0081
vn 0.9096 0.4134 0.0413
vn 0.9400 0.3407 -0.0154
vn -0.8945 -0.4471 -0.0000
vn 0.9300 -0.3487 0.1162
vn 0.9268 -0.3548 0.1231
vn 0.9761 -0.0971 0.1943
vn 0.9875 -0.0705 0.1411
vn 0.9547 -0.1690 0.2450
vn 0.9510 -0.1486 0.2712
vn 0.8982 0.1633 0.4082
vn -0.2399 -0.3409 0.9090
vn -0.2826 -0.2898 0.9144
vn 0.8496 -0.3645 -0.3813
vn 0.8600 -0.3153 -0.4013
vn 0.8275 -0.4416 -0.3467
vn 0.8275 -0.4417 -0.3467
vn 0.8111 -0.4867 -0.3244
vn -0.8846 -0.4424 0.1474
vn -0.7022 -0.7023 0.1170
vn -0.0353 -0.1413 -0.9893
vn -0.3157 0.0526 -0.9474
vn 0.2699 0.0612 -0.9609
vn -0.1408 -0.0939 -0.9856
vn -0.8384 0.5031 -0.2096
vn -0.0000 0.9714 0.2376
vn -0.0000 0.9819 0.1892
vn -0.0000 0.9939 0.1104
vn 0.6746 0.6746 0.2998
vn -0.8012 0.1000 0.5899
vn -0.7796 0.0567 0.6237
vn -0.7971 0.0913 0.5969
vn -0.8178 0.1377 0.5587
vn 0.6489 -0.6603 0.3779
vn 0.6490 -0.6603 0.3780
vn 0.6616 -0.5623 0.4961
vn 0.6246 -0.6839 0.3772
vn 0.4768 0.3235 -0.8173
vn 0.7727 0.5573 0.3040
vn -0.9983 0.0536 0.0238
vn -0.9869 0.1495 -0.0598
vn -0.2564 -0.9309 0.2604
vn -0.2683 -0.9302 0.2505
vn -0.7715 -0.1543 0.6172
vn -0.5356 0.5454 0.6447
vn -0.5371 0.4985 0.6805
vn -0.5467 0.5256 0.6519
vn -0.2886 0.1575 0.9444
vn 0.6883 0.2294 0.6882
vn 0.8000 -0.0000 0.6000
vn -0.4648 -0.0961 0.8802
vn -0.4624 -0.1035 0.8806
vn -0.7559 -0.0945 -0.6479
vn -0.7418 -0.1044 -0.6625
vn 0.4074 0.1447 -0.9017
vn 0.3821 0.1249 -0.9156
vn 0.5868 -0.6619 0.4665
vn 0.5935 -0.6593 0.4616
vn 0.5804 -0.6643 0.4710
vn 0.5721 -0.6674 0.4768
vn 0.5867 -0.6619 0.4665
vn -0.7070 -0.7072 -0.0000
vn -0.8920 0.0744 0.4460
vn -0.6705 -0.1776 0.7203
vn -0.6883 -0.2294 0.6883
vn 0.9623 0.2647 0.0625
vn 0.9628 0.2626 0.0642
vn 0.9621 0.2657 0.0617
vn 0.9616 0.2677 0.0601
vn -0.2920 0.8176 -0.4964
vn -0.2970 0.8154 -0.4968
vn -0.0910 0.7137 0.6945
vn -0.1005 0.7035 0.7035
vn -0.0728 0.7326 0.6767
vn -0.0671 0.7383 0.6711
vn -0.5359 -0.7989 0.2730
vn 0.0396 -0.9694 0.2425
vn 0.2358 -0.9428 0.2358
vn 0.1834 -0.9537 0.2385
vn -0.9351 -0.2056 0.2886
vn -0.9276 -0.2096 0.3092
vn -0.4008 0.4970 -0.7696
vn -0.4008 0.4971 -0.7696
vn -0.6480 -0.2313 -0.7257
vn -0.5371 -0.2414 -0.8082
vn 0.4817 0.0763 0.8730
vn 0.6100 0.1085 0.7849
vn 0.4489 0.0998 0.8880
vn -0.4137 0.3609 -0.8358
vn -0.3652 0.3625 -0.8575
vn -0.4450 0.4005 -0.8010
vn -0.3140 -0.8443 -0.4342
vn -0.4083 -0.8165 -0.4083
vn 0.4331 -0.4941 0.7539
vn 0.3791 -0.5307 0.7581
vn 0.4208 -0.5027 0.7551
vn 0.4209 -0.5027 0.7551
vn 0.4963 -0.4467 0.7444
vn 0.4332 -0.4940 0.7539
vn 0.9623 0.1924 -0.1924
vn 0.8651 0.4573 -0.2061
vn 0.6845 -0.0879 0.7237
vn 0.6832 -0.0841 0.7254
vn -0.5664 0.2281 -0.7919
vn -0.5725 0.2693 -0.7744
vn -0.5454 0.1187 -0.8297
vn -0.5353 0.0764 -0.8412
vn -0.5664 0.2280 -0.7919
vn -0.2832 -0.2585 -0.9236
vn -0.3015 -0.3015 -0.9046
vn -0.2899 -0.2742 -0.9169
vn -0.9766 0.0901 -0.1954
vn -0.9802 0.1139 -0.1622
vn 0.4286 -0.8571 -0.2857
vn 0.4285 -0.8572 -0.2857
vn 0.9045 0.3015 0.3015
vn -0.7683 -0.6295 -0.1158
vn -0.9430 0.1375 -0.3032
vn -0.9144 0.0724 -0.3984
vn -0.9404 0.1302 -0.3142
vn -0.9550 0.1816 -0.2344
vn 0.7802 0.2600 0.5690
vn 0.7252 0.2418 0.6446
vn -0.7948 0.4958 0.3500
vn -0.7982 0.5109 0.3192
vn -0.8593 0.3540 -0.3692
vn -0.2332 0.0389 -0.9717
vn -0.0395 -0.1579 -0.9867
vn 0.2370 0.3827 -0.8930
vn 0.2005 0.4254 -0.8825
vn -0.1498 0.4865 0.8607
vn -0.2096 0.5491 0.8090
vn -0.2097 0.5491 0.8090
vn 0.8931 0.3906 -0.2232
vn 0.8744 0.4114 -0.2572
vn 0.8971 0.3857 -0.2153
vn 0.9129 0.3651 -0.1826
vn 0.1002 -0.9287 -0.3570
vn 0.1530 -0.9397 -0.3059
vn -0.9761 -0.0971 0.1943
vn -0.9875 -0.0705 0.1411
vn -0.7447 -0.6643 0.0642
vn -0.7447 -0.6643 0.0641
vn 0.2826 -0.0996 0.9540
vn 0.2605 -0.1272 0.9571
vn 0.2827 -0.0996 0.9540
vn 0.3035 -0.0731 0.9500
vn -0.3502 0.1094 0.9303
vn -0.6937 0.1938 0.6937
vn -0.6934 0.1962 0.6934
vn -0.6905 0.2158 0.6904
vn -0.2574 0.1213 0.9587
vn -0.4598 -0.2305 0.8576
vn -0.6087 0.0609 0.7911
vn -0.5790 -0.6829 -0.4454
vn -0.4500 -0.8863 -0.1091
vn 0.5199 -0.5056 -0.6885
vn 0.4767 -0.5721 -0.6675
vn 0.5041 -0.5309 -0.6812
vn 0.5432 -0.4658 -0.6986
vn 0.8958 -0.3839 0.2240
vn 0.5965 -0.1559 -0.7873
vn 0.5784 -0.1653 -0.7988
vn -0.9707 -0.2354 0.0478
vn 0.2474 0.7834 -0.5701
vn 0.2315 0.7854 -0.5740
vn 0.0788 -0.9457 0.3152
vn 0.9300 0.3619 0.0643
vn 0.9243 0.3806 0.0273
vn -0.7005 -0.1551 -0.6966
vn -0.6986 -0.1552 -0.6984
vn -0.7339 -0.1531 -0.6618
vn -0.7360 -0.1529 -0.6595
vn -0.8393 -0.4662 0.2797
vn -0.8910 0.1437 0.4306
vn 0.9176 -0.3958 -0.0360
vn 0.8944 -0.4473 -0.0000
vn 0.9417 -0.3263 -0.0827
vn 0.9557 -0.2688 -0.1195
vn -0.2611 -0.7447 0.6142
vn -0.2552 -0.7577 0.6007
vn 0.0809 0.7326 0.6758
vn -0.9517 0.1280 0.2789
vn -0.9291 0.1699 0.3285
vn -0.9524 0.1267 0.2774
vn -0.9708 0.0829 0.2250
vn -0.2978 0.0537 0.9531
vn 0.1410 0.0769 0.9870
vn 0.1411 0.0769 0.9870
vn 0.7568 0.5584 -0.3398
vn 0.7780 0.4880 -0.3956
vn 0.7677 0.5257 -0.3665
vn 0.7423 0.5952 -0.3077
vn -0.8452 -0.5070 0.1690
vn -0.8668 -0.4540 0.2062
vn -0.8871 -0.4125 0.2073
vn -0.8452 -0.5070 0.1691
vn 0.3396 0.6213 0.7062
vn 0.3606 0.6130 0.7030
vn 0.1961 -0.5883 0.7845
vn 0.1694 -0.5710 0.8033
vn 0.9806 -0.1961 -0.0000
vn 0.6991 -0.3424 0.6277
vn 0.4171 -0.3614 0.8339
vn -0.9535 0.2479 -0.1716
vn 0.9285 0.3713 -0.0000
vn 0.9910 0.0367 -0.1285
vn 0.1542 0.7826 -0.6031
vn -0.0000 0.8137 -0.5812
vn -0.2878 0.1108 0.9512
vn -0.2825 0.1059 0.9534
vn 0.5664 0.2281 -0.7919
vn 0.5353 0.0764 -0.8412
vn 0.5454 0.1187 -0.8298
vn 0.5725 0.2693 -0.7744
vn 0.8934 -0.4327 -0.1210
vn 0.8931 -0.4330 -0.1218
vn 0.7647 -0.6372 0.0956
vn -0.9631 -0.2407 0.1204
vn -0.9701 -0.2425 -0.0000
vn -0.8592 0.4831 -0.1686
vn -0.8415 0.5048 -0.1923
vn -0.8536 -0.3113 -0.4177
vn -0.8521 -0.3041 -0.4260
vn 0.7321 -0.3478 0.5857
vn 0.7017 -0.3693 0.6093
vn 0.5884 0.0695 -0.8056
vn 0.7159 0.0988 -0.6912
vn 0.6511 0.0413 -0.7579
vn 0.5495 0.0436 -0.8344
vn 0.6882 -0.2294 -0.6883
vn 0.7238 -0.2711 -0.6345
vn -0.1840 0.1472 0.9718
vn -0.2314 0.1852 0.9551
vn -0.2562 0.2050 0.9446
vn -0.0139 0.8265 0.5627
vn 0.2625 -0.7774 0.5716
vn 0.2265 -0.7925 0.5662
vn 0.3151 -0.7528 0.5779
vn 0.3636 -0.7274 0.5820
vn -0.5449 -0.3114 -0.7786
vn -0.9239 -0.1421 -0.3553
vn 0.1045 -0.9226 -0.3713
vn 0.1343 -0.9401 -0.3133
vn 0.1080 -0.9249 -0.3647
vn 0.1079 -0.9248 -0.3647
vn 0.0690 -0.8969 -0.4369
vn -0.2357 0.9428 -0.2357
vn -0.0000 -0.7071 0.7071
vn -0.8296 -0.5185 0.2074
vn 0.2535 -0.5070 0.8238
vn 0.9807 -0.1816 0.0726
vn -0.9881 0.0778 0.1327
vn 0.9626 0.2345 0.1357
vn 0.9764 -0.0143 -0.2154
vn -0.2425 -0.0000 -0.9702
vn -0.2222 -0.1471 -0.9638
vn -0.1418 -0.1198 -0.9826
vn -0.2392 -0.2609 -0.9352
vn -0.5846 -0.4750 -0.6577
vn -0.5300 0.5089 0.6784
vn -0.3393 -0.2888 0.8953
vn 0.2408 -0.5551 -0.7961
vn 0.2430 -0.5535 -0.7966
vn 0.2452 -0.5518 -0.7971
vn 0.0098 -0.9615 0.2747
vn -0.5093 -0.3055 0.8046
vn 0.9238 -0.1422 -0.3554
vn 0.5450 -0.3114 -0.7785
vn 0.0823 0.0823 0.9932
vn 0.1185 -0.9478 0.2962
vn 0.3333 -0.6667 0.6667
vn -0.6804 -0.6804 0.2722
vn 0.6804 -0.6804 0.2722
vn -0.3432 -0.5924 0.7289
vn -0.3507 -0.6206 0.7013
vn -0.0734 0.6126 -0.7870
vn -0.0000 0.6247 -0.7808
vn -0.0185 0.6291 -0.7771
vn -0.1607 0.5977 -0.7855
vn -0.1184 -0.9478 0.2961
vn 0.1691 0.9301 0.3261
vn 0.1681 0.9262 0.3374
vn 0.9423 -0.1386 -0.3048
vn 0.7364 -0.4331 0.5198
vn 0.2425 -0.0000 -0.9702
vn 0.5646 -0.8158 0.1255
vn 0.5970 -0.7961 0.0995
vn 0.5543 -0.8215 0.1336
vn 0.5071 -0.8452 0.1690
vn 0.0067 0.3644 -0.9312
vn 0.0867 0.8607 -0.5016
vn -0.4529 0.7349 0.5048
vn -0.0457 0.9986 -0.0261
vn -0.1639 -0.0819 -0.9831
vn -0.4481 0.8650 -0.2258
vn -0.4490 0.8653 -0.2231
vn -0.4073 0.8458 -0.3446
vn 0.3408 0.3976 0.8519
vn 0.2176 -0.7255 -0.6529
vn -0.8321 -0.5547 -0.0000
vn 0.0001 -0.4472 -0.8945
vn 0.9596 -0.1809 -0.2154
vn 0.9687 -0.1617 -0.1884
vn 0.9800 -0.0891 -0.1782
vn 0.2531 0.5624 0.7872
vn 0.8296 -0.5185 0.2074
vn 0.3094 -0.7220 0.6189
vn -0.5964 -0.4174 0.6856
vn -0.9646 -0.2636 -0.0000
vn -0.9749 -0.2227 -0.0000
vn -0.9923 -0.1241 -0.0000
vn -0.7141 0.0537 0.6980
vn -0.7190 0.1081 0.6866
vn -0.7214 0.1535 0.6753
vn -0.4805 0.8702 -0.1088
vn -0.4490 0.8653 -0.2230
vn -0.4481 0.8650 -0.2257
vn -0.0000 -0.7071 -0.7071
vn 0.0961 -0.7274 -0.6794
vn -0.9354 0.3508 -0.0438
vn -0.8620 -0.1446 0.4859
vn -0.9799 -0.0891 -0.1782
vn -0.0000 -0.4472 -0.8945
vn 0.0291 -0.4557 -0.8897
vn 0.0767 -0.4687 -0.8800
vn 0.6021 -0.3656 0.7098
vn 0.6053 -0.3706 0.7044
vn 0.6097 -0.3775 0.6969
vn 0.9889 -0.0471 -0.1412
vn 0.9962 -0.0848 -0.0196
vn 0.9890 -0.1177 -0.0900
vn 0.5964 -0.4174 0.6856
vn -0.3836 -0.9121 0.1449
vn -0.3744 -0.9109 0.1737
vn -0.4124 -0.9073 0.0825
vn 0.7249 -0.1812 0.6646
vn -0.2869 -0.6920 0.6625
vn -0.1943 -0.7356 0.6489
vn -0.1606 -0.7494 0.6424
vn 0.6677 -0.6364 0.3861
vn 0.6863 -0.6266 0.3693
vn 0.6803 -0.6299 0.3748
vn 0.7240 -0.6073 -0.3271
vn -0.8970 0.2096 0.3891
vn -0.8995 0.2055 0.3855
vn -0.8970 0.2097 0.3892
vn -0.8940 0.2145 0.3935
vn -0.5647 -0.8157 0.1256
vn -0.5070 -0.8452 0.1691
vn -0.5543 -0.8215 0.1336
vn -0.5971 -0.7960 0.0995
vn 0.5915 -0.7738 -0.2265
vn 0.5857 -0.7920 -0.1725
vn 0.5820 -0.8000 -0.1455
vn -0.3636 -0.7274 0.5820
vn -0.2992 -0.7606 0.5762
vn -0.2287 -0.7916 0.5666
vn 0.4318 0.7183 -0.5455
vn 0.2817 0.7325 -0.6198
vn -0.2459 0.3553 -0.9018
vn -0.3161 -0.3864 -0.8665
vn -0.3372 -0.4122 -0.8464
vn -0.3537 -0.4322 -0.8295
vn 0.7893 -0.0000 0.6139
vn -0.9129 -0.1825 -0.3651
vn 0.6448 0.7193 -0.2587
vn 0.5796 -0.7754 0.2507
vn -0.9615 -0.2748 -0.0000
vn 0.5484 0.1496 0.8227
vn -0.5113 0.7926 0.3323
vn 0.4363 -0.2182 -0.8729
vn 0.1259 0.9278 0.3513
vn -0.1299 -0.0433 -0.9906
vn -0.5271 -0.1054 0.8432
vn -0.3320 -0.9388 -0.0916
vn -0.4139 -0.9099 -0.0273
vn -0.4256 0.8716 -0.2432
vn -0.1417 -0.1197 -0.9826
vn -0.3180 -0.6957 -0.6441
vn -0.1921 -0.6832 -0.7045
vn 0.1421 0.3430 0.9285
vn 0.1429 0.3429 0.9285
vn 0.1420 0.3430 0.9285
vn -0.4063 -0.0206 0.9135
vn -0.3958 -0.0787 0.9150
vn -0.3137 0.1255 0.9412
vn -0.1308 0.0654 0.9892
vn -0.1951 0.0976 0.9759
vn -0.0705 -0.0186 0.9973
vn 0.5845 0.7198 0.3746
vn 0.5856 0.7183 0.3757
vn 0.5772 -0.5776 -0.5772
vn -0.9966 0.0797 -0.0199
vn 0.6978 -0.6201 0.3585
vn 0.4767 0.1907 -0.8581
vn 0.7229 -0.5623 0.4016
vn -0.9935 -0.1104 -0.0276
vn -0.9939 -0.1070 -0.0268
vn -0.9941 -0.1054 -0.0264
vn 0.0428 -0.1712 -0.9843
vn -0.6623 0.5299 -0.5297
vn -0.6062 0.7566 -0.2450
vn -0.6285 0.7585 -0.1723
vn 0.9962 0.0831 0.0277
vn -0.3333 0.6666 -0.6667
vn -0.6396 -0.6396 0.4264
vn -0.7393 -0.5341 -0.4101
vn -0.8033 -0.4396 -0.4018
vn -0.7641 -0.5130 -0.3911
vn -0.5467 -0.3188 0.7743
vn 0.9114 -0.3905 -0.1302
vn -0.2179 0.6021 -0.7681
vn -0.7699 0.6246 0.1308
vn -0.8618 0.4921 -0.1231
vn 0.1564 0.7820 -0.6033
vn 0.7693 -0.4290 0.4734
vn 0.8451 -0.1691 0.5071
vn 0.7912 -0.0608 -0.6085
vn 0.9039 -0.2762 0.3265
vn -0.9705 -0.1078 -0.2157
vn 0.4536 -0.8619 -0.2268
vn -0.9888 -0.0471 -0.1413
vn -0.3721 0.8504 0.3720
vn 0.7800 0.1182 -0.6145
vn 0.0012 -0.2169 0.9762
vn 0.9162 -0.2695 -0.2965
vn -0.5549 -0.8245 -0.1110
vn 0.5505 -0.1223 -0.8258
vn -0.5026 -0.3058 -0.8086
vn -0.4860 -0.3251 -0.8112
vn -0.5344 -0.2673 -0.8018
vn -0.9487 -0.0000 0.3162
vn 0.2827 -0.4004 0.8716
vn -0.5747 0.7663 0.2873
vn -0.0967 -0.6082 0.7879
vn 0.2537 -0.3338 -0.9079
vn -0.9040 -0.3008 0.3039
vn 0.1607 -0.7494 -0.6423
vn -0.5844 0.7198 0.3746
vn 0.1085 -0.1897 0.9758
vn 0.4472 -0.0000 -0.8944
vn 0.9129 -0.1826 -0.3651
vn -0.8916 -0.3416 0.2972
vn -0.8847 -0.3610 0.2949
vn -0.8572 -0.4286 0.2857
vn 0.9265 -0.3431 0.1544
vn -0.4543 -0.8735 -0.1748
vn 0.7028 -0.1100 -0.7028
vn 0.7050 -0.0784 -0.7049
vn 0.6848 0.2491 -0.6848
vn 0.5739 0.7175 -0.3947
vn -0.4436 0.1267 -0.8872
vn -0.0854 -0.7971 0.5978
vn -0.0551 -0.7935 -0.6061
vn -0.1864 -0.8077 0.5593
vn -0.0568 -0.4241 0.9039
vn 0.1553 -0.5082 0.8471
vn -0.6501 -0.1773 0.7389
vn -0.9204 -0.2630 -0.2893
vn 0.2495 -0.1069 -0.9625
vn 0.9167 -0.3274 -0.2292
vn 0.6468 -0.4042 0.6467
vn -0.1096 -0.7453 -0.6576
vn 0.4410 -0.1654 -0.8821
vn -0.5796 -0.7754 0.2507
vn -0.9087 -0.2672 0.3207
vn -0.9137 -0.3229 0.2466
vn -0.9182 -0.3009 0.2576
vn 0.0405 0.1491 -0.9880
vn 0.6556 -0.0936 -0.7493
vn -0.8181 0.5456 -0.1817
vn 0.8443 -0.4925 -0.2111
vn 0.9045 -0.4249 -0.0376
vn 0.1787 0.6460 0.7422
vn -0.7229 -0.5623 0.4016
vn -0.9760 -0.1394 0.1673
vn -0.4364 -0.2182 -0.8729
vn -0.6848 0.2490 -0.6848
vn 0.5185 -0.8296 0.2074
vn -0.0000 -0.5145 0.8575
vn -0.3698 0.8153 -0.4456
vn 0.2133 -0.9134 0.3467
vn 0.1124 -0.4778 -0.8713
vn 0.3529 -0.9326 0.0756
vn 0.3044 -0.2706 -0.9133
vn -0.9945 -0.1020 -0.0255
vn 0.1422 0.3430 0.9285
vn 0.1414 0.3432 0.9286
vn -0.0000 -0.2425 0.9702
vn -0.2721 -0.6804 -0.6804
vn -0.6247 -0.6409 0.4462
vn -0.3604 -0.1030 -0.9271
vn 0.5661 -0.5994 -0.5660
vn 0.5964 -0.5774 -0.5575
vn 0.5145 -0.6860 -0.5144
vn -0.5391 -0.2358 0.8086
vn -0.7236 0.5241 -0.4491
vn 0.8698 -0.3728 -0.3231
vn -0.9129 -0.1826 -0.3651
vn 0.9487 -0.0000 0.3162
vn 0.9745 0.2227 0.0279
vn -0.6556 -0.0936 -0.7493
vn -0.4878 -0.7926 0.3658
vn 0.0843 0.7585 0.6462
vn 0.7757 0.3619 -0.5170
vn 0.9321 -0.1065 -0.3462
vn -0.5856 0.7183 0.3757
vn 0.9935 -0.1104 -0.0276
vn 0.9941 -0.1055 -0.0264
vn 0.9939 -0.1071 -0.0268
vn -0.4118 -0.1977 -0.8895
vn 0.4878 -0.3658 -0.7926
vn 0.2721 -0.6805 -0.6804
vn -0.7415 -0.5481 0.3869
vn -0.2961 -0.9478 -0.1185
vn -0.6556 -0.3746 -0.6556
vn 0.4867 -0.3244 -0.8111
vn -0.2390 -0.0531 0.9696
vn -0.4410 -0.1654 -0.8821
vn -0.7800 0.1182 -0.6145
vn 0.6835 -0.2563 -0.6835
vn 0.9705 -0.1078 -0.2157
vn 0.9551 -0.2682 -0.1256
vn -0.9428 0.2357 -0.2357
vn -0.2961 -0.8293 -0.4739
vn -0.2487 -0.8569 -0.4514
vn 0.8376 -0.3615 -0.4096
vn 0.7963 -0.4551 -0.3984
vn -0.0819 -0.1638 0.9831
vn -0.2133 -0.9134 0.3467
vn -0.7984 0.2116 -0.5637
vn -0.7878 0.2382 -0.5680
vn 0.6076 -0.2156 -0.7644
vn 0.3714 0.5571 0.7428
vn 0.1084 0.0181 0.9939
vn 0.1651 -0.6788 -0.7155
vn 0.5277 0.8266 -0.1956
vn -0.8955 -0.2941 0.3342
vn -0.6115 -0.2039 -0.7645
vn -0.4851 -0.4851 0.7276
vn -0.3717 -0.4544 -0.8095
vn 0.8111 0.3244 -0.4867
vn 0.9881 0.0778 0.1327
vn 0.2143 0.9768 -0.0000
vn 0.0620 0.9981 -0.0000
vn -0.3154 0.0701 -0.9464
vn -0.8304 -0.0542 -0.5546
vn -0.8552 0.0733 -0.5131
vn -0.8563 -0.0514 -0.5138
vn 0.1861 -0.8931 -0.4095
vn -0.5661 0.7926 -0.2265
vn 0.3980 -0.6965 -0.5970
vn -0.9336 -0.1778 0.3112
vn -0.3532 0.3091 -0.8830
vn -0.3695 0.2773 -0.8869
vn -0.3738 0.2686 -0.8878
vn -0.9962 0.0830 0.0277
vn -0.7379 -0.5270 -0.4216
vn -0.7393 -0.5341 -0.4102
vn 0.2963 -0.4977 -0.8152
vn 0.2799 -0.5038 -0.8172
vn 0.7729 -0.5798 -0.2576
vn 0.9760 -0.1394 0.1673
vn 0.5774 -0.1153 -0.8083
vn 0.9087 -0.2672 0.3207
vn -0.6311 -0.4508 -0.6313
vn 0.3714 0.5571 -0.7428
vn 0.6485 0.6064 0.4602
vn 0.4239 -0.3181 0.8480
vn 0.4619 -0.2831 0.8405
vn -0.2827 -0.4004 0.8716
vn 0.1270 -0.7619 -0.6351
vn 0.1535 0.9210 0.3582
vn 0.3155 0.0701 -0.9463
vn -0.0845 0.9636 -0.2535
vn -0.0855 0.9628 -0.2564
vn -0.0827 0.9652 -0.2482
vn -0.4959 -0.8501 0.1771
vn -0.2429 -0.5535 -0.7966
vn -0.2386 -0.5568 -0.7956
vn -0.2408 -0.5551 -0.7961
vn -0.8162 -0.1943 -0.5441
vn -0.0001 -0.7071 -0.7071
vn 0.5298 0.6785 0.5089
vn 0.5390 0.6739 0.5053
vn -0.9498 -0.2035 -0.2375
vn -0.8165 -0.4082 -0.4083
vn -0.9162 -0.2695 -0.2965
vn 0.5569 0.8194 -0.1358
vn -0.8552 0.3665 -0.3665
vn 0.6307 -0.3680 -0.6832
vn 0.0001 -0.7071 -0.7071
vn -0.6248 -0.4686 0.6246
vn 0.6243 0.7283 -0.2824
vn -0.6834 -0.2563 -0.6835
vn 0.6028 -0.4639 -0.6492
vn -0.8762 -0.1989 0.4389
vn -0.8835 -0.2410 0.4018
vn -0.8944 -0.2685 0.3577
vn 0.8822 0.3676 -0.2942
vn -0.4905 -0.3953 0.7766
vn -0.4898 -0.3938 0.7778
vn -0.4924 -0.3986 0.7737
vn -0.3714 0.5571 -0.7428
vn 0.5298 0.0245 0.8478
vn -0.3714 0.5571 0.7428
vn -0.3698 -0.9245 0.0925
vn 0.6047 -0.5183 -0.6047
vn 0.3021 0.2632 -0.9162
vn -0.3886 0.2382 -0.8901
vn 0.1563 0.8892 0.4299
vn -0.9463 -0.2103 0.2455
vn -0.3021 0.2632 -0.9162
vn 0.5976 -0.3586 0.7171
vn 0.6053 -0.3706 0.7045
vn 0.8514 -0.0252 0.5239
vn 0.5467 -0.3188 0.7743
vn 0.8944 -0.0000 -0.4472
vn -0.9285 -0.3714 -0.0000
vn -0.6468 -0.4042 0.6468
vn -0.3044 -0.2706 -0.9133
vn 0.6881 -0.6885 0.2291
vn -0.7875 0.5548 0.2685
vn -0.9321 -0.1065 -0.3462
vn -0.7317 0.1218 0.6707
vn -0.4393 -0.1882 0.8784
vn 0.4499 0.7873 0.4217
vn 0.8427 -0.4815 0.2408
vn 0.9945 -0.1020 -0.0255
vn 0.8295 0.0790 -0.5529
vn -0.2722 0.6804 -0.6804
vn 0.9610 0.0342 0.2745
vn 0.9528 0.0596 0.2977
vn 0.1034 -0.8879 -0.4483
vn 0.1503 0.9771 -0.1503
vn 0.9723 0.1944 0.1296
vn 0.3383 0.6766 -0.6541
vn 0.3372 0.6743 -0.6569
vn 0.3029 0.6059 -0.7356
vn -0.3724 0.6016 0.7067
vn -0.9807 -0.1816 0.0726
vn 0.8164 0.4083 0.4083
vn -0.1700 0.1573 0.9728
vn 0.3612 -0.2023 -0.9103
vn 0.8552 0.0733 -0.5131
vn -0.8890 -0.2540 0.3810
vn -0.1270 -0.7619 -0.6351
vn -0.7050 -0.0783 -0.7049
vn 0.2425 0.9701 -0.0000
vn 0.2459 0.3553 -0.9018
vn 0.0179 0.8757 -0.4826
vn 0.0493 0.8385 -0.5426
vn -0.0110 0.9051 -0.4250
vn -0.9657 0.1287 0.2253
vn -0.4867 -0.3244 -0.8111
vn 0.1985 0.1324 -0.9711
vn 0.1506 0.1004 -0.9835
vn 0.2394 0.1596 -0.9577
vn -0.9373 -0.2232 0.2678
vn -0.5775 -0.5772 0.5774
vn -0.3162 0.0001 -0.9487
vn -0.2451 -0.5518 -0.7971
vn -0.2430 -0.5535 -0.7966
vn -0.2408 -0.5551 -0.7962
vn -0.4767 0.1907 -0.8581
vn -0.2537 -0.3338 -0.9079
vn -0.0001 -0.8320 -0.5548
vn -0.0118 -0.8228 -0.5682
vn -0.0988 -0.7442 -0.6606
vn -0.0424 0.9320 -0.3601
vn 0.0179 0.8757 -0.4825
vn -0.3077 -0.2307 -0.9231
vn 0.5391 -0.2358 0.8086
vn 0.5775 -0.5772 0.5774
vn -0.2315 0.1852 0.9550
vn -0.3125 0.2500 0.9164
vn -0.2563 0.2050 0.9446
vn 0.9911 -0.1004 0.0871
vn -0.8165 -0.5715 0.0816
vn 0.4082 -0.8165 0.4083
vn -0.1252 -0.8227 -0.5545
vn -0.2850 -0.7277 -0.6238
vn -0.9678 -0.0691 0.2419
vn -0.8290 0.3392 -0.4446
vn -0.7533 0.4487 -0.4808
vn -0.8069 0.3612 -0.4673
vn -0.7277 -0.4850 0.4850
vn 0.5070 -0.2535 -0.8238
vn 0.3925 -0.4796 0.7848
vn 0.5938 -0.7633 -0.2545
vn -0.4472 -0.0000 0.8944
vn -0.5505 -0.1223 -0.8258
vn 0.3877 0.7754 0.4985
vn 0.8944 0.4472 -0.0000
vn 0.4063 -0.0206 0.9135
vn 0.3137 0.1255 0.9412
vn 0.3958 -0.0787 0.9150
vn 0.3320 -0.9388 -0.0916
vn 0.4139 -0.9099 -0.0273
vn -0.3585 -0.5976 0.7171
vn 0.7277 -0.4850 0.4850
vn -0.5775 -0.1154 0.8082
vn 0.8571 -0.4286 0.2857
vn 0.8164 -0.1939 0.5440
vn 0.8164 -0.1940 0.5440
vn 0.8254 -0.1727 0.5375
vn -0.0000 -0.8682 -0.4961
vn -0.3333 -0.6667 0.6667
vn -0.0320 -0.1816 0.9829
vn -0.0119 -0.8228 -0.5682
vn -0.1054 -0.7374 -0.6672
vn -0.1374 -0.5494 -0.8242
vn -0.9615 -0.2747 -0.0000
vn -0.4879 -0.3904 0.7807
vn -0.4898 -0.3938 0.7779
vn 0.8480 -0.4240 -0.3181
vn 0.1222 -0.1725 0.9774
vn -0.9856 -0.1642 0.0411
vn -0.4119 -0.1893 0.8914
vn -0.4135 -0.1010 0.9049
vn -0.4155 -0.2877 0.8629
vn 0.2335 -0.1001 0.9672
vn 0.2981 0.5963 0.7453
vn 0.8096 -0.2090 0.5485
vn 0.2673 -0.8018 -0.5345
vn 0.7276 0.4852 0.4850
vn -0.0874 0.9611 -0.2621
vn -0.9265 -0.3432 0.1544
vn 0.7325 -0.2817 0.6198
vn -0.0000 -0.9923 -0.1241
vn 0.4335 -0.2476 0.8665
vn -0.7531 0.4976 0.4303
vn 0.4931 0.7302 -0.4730
vn 0.5076 0.8067 -0.3025
vn 0.5748 0.7662 -0.2874
vn 0.4436 0.1267 -0.8872
vn 0.7072 -0.0000 -0.7070
vn 0.1360 -0.9715 -0.1944
vn 0.6247 -0.4686 0.6247
vn 0.2386 -0.5569 -0.7956
vn 0.1237 0.0824 -0.9889
vn 0.1985 0.1323 -0.9711
vn -0.2195 0.5854 0.7804
vn 0.6882 0.6883 -0.2294
vn -0.7429 -0.4503 -0.4953
vn -0.5530 0.0790 0.8294
vn 0.2962 -0.9478 -0.1185
vn -0.0598 0.9869 -0.1496
vn -0.3077 0.2308 -0.9231
vn 0.0150 -0.2983 -0.9544
vn -0.0000 -0.2169 -0.9762
vn 0.9464 -0.2103 0.2454
vn 0.1252 -0.8227 -0.5545
vn -0.7730 -0.5797 -0.2577
vn -0.4532 -0.0485 0.8901
vn 0.9701 0.2425 -0.0000
vn -0.3162 0.9487 -0.0000
vn 0.3893 -0.8346 -0.3897
vn 0.8572 -0.4286 0.2857
vn 0.5775 -0.1154 0.8082
vn -0.5185 -0.8296 0.2074
vn -0.4526 -0.3621 -0.8149
vn -0.0000 0.9648 0.2632
vn 0.7621 -0.6128 -0.2092
vn -0.1901 -0.0585 -0.9800
vn -0.4240 -0.3181 0.8480
vn 0.9428 0.2357 -0.2357
vn 0.8944 -0.2685 0.3577
vn 0.7474 0.0119 0.6643
vn 0.9045 -0.3015 0.3017
vn -0.8815 -0.3696 0.2938
vn -0.8393 -0.4663 0.2798
vn 0.3538 0.4995 0.7908
vn -0.6308 -0.3679 -0.6832
vn 0.6920 -0.0553 0.7198
vn 0.8574 -0.5146 -0.0000
vn 0.2402 0.1373 -0.9610
vn 0.9129 -0.1825 -0.3651
vn -0.5384 -0.7537 -0.3769
vn -0.2576 0.6258 -0.7362
vn -0.8352 -0.3579 -0.4176
vn 0.2279 0.9117 0.3418
vn -0.0628 -0.2198 -0.9735
vn 0.9498 -0.2036 0.2374
vt 0.805644 0.954061
vt 0.806491 0.940065
vt 0.820962 0.938648
vt 0.822088 0.950761
vt 0.097988 0.556886
vt 0.090078 0.559362
vt 0.090745 0.555520
vt 0.102351 0.553554
vt 0.679439 0.730468
vt 0.676836 0.756231
vt 0.667001 0.755234
vt 0.669984 0.727465
vt 0.843854 0.832628
vt 0.825570 0.817675
vt 0.828676 0.810907
vt 0.842306 0.818103
vt 0.152845 0.850542
vt 0.168222 0.852534
vt 0.167703 0.863809
vt 0.153553 0.862765
vt 0.615802 0.687323
vt 0.588337 0.688065
vt 0.592001 0.655554
vt 0.613614 0.655524
vt 0.064115 0.905749
vt 0.054387 0.902595
vt 0.056972 0.895873
vt 0.065435 0.897448
vt 0.834212 0.232041
vt 0.824144 0.249536
vt 0.810601 0.242069
vt 0.824497 0.223999
vt 0.058874 0.665717
vt 0.055063 0.672040
vt 0.049013 0.664158
vt 0.054060 0.658382
vt 0.653765 0.481149
vt 0.671071 0.452829
vt 0.673737 0.455618
vt 0.657573 0.482827
vt 0.893019 0.477139
vt 0.894505 0.487445
vt 0.884683 0.489567
vt 0.882523 0.477205
vt 0.331019 0.913820
vt 0.337099 0.917809
vt 0.335912 0.920888
vt 0.321897 0.913494
vt 0.189559 0.383220
vt 0.203348 0.411258
vt 0.191648 0.403979
vt 0.186288 0.380912
vt 0.089530 0.541834
vt 0.093384 0.542244
vt 0.081847 0.554345
vt 0.077732 0.552605
vt 0.971444 0.822161
vt 0.970722 0.813923
vt 0.981247 0.816332
vt 0.981202 0.824596
vt 0.476746 0.299588
vt 0.483520 0.306993
vt 0.473042 0.314411
vt 0.466673 0.300622
vt 0.712614 0.306155
vt 0.730787 0.324386
vt 0.701222 0.348266
vt 0.680609 0.336551
vt 0.551462 0.244612
vt 0.568416 0.254718
vt 0.563180 0.277879
vt 0.548143 0.269480
vt 0.343552 0.360569
vt 0.346084 0.363613
vt 0.331528 0.379194
vt 0.328404 0.377083
vt 0.385791 0.299234
vt 0.388929 0.309535
vt 0.375808 0.315357
vt 0.362954 0.297897
vt 0.023387 0.955271
vt 0.022964 0.966569
vt 0.017003 0.967813
vt 0.017095 0.954618
vt 0.050488 0.333159
vt 0.044087 0.328053
vt 0.057908 0.302327
vt 0.071419 0.311977
vt 0.484386 0.176911
vt 0.480781 0.164768
vt 0.488126 0.163260
vt 0.491263 0.179961
vt 0.950853 0.445853
vt 0.957514 0.446685
vt 0.953136 0.460973
vt 0.949852 0.460078
vt 0.839177 0.163742
vt 0.856314 0.174954
vt 0.847216 0.189180
vt 0.832265 0.179164
vt 0.680094 0.270303
vt 0.694986 0.287740
vt 0.671641 0.309744
vt 0.652159 0.300664
vt 0.959321 0.303495
vt 0.958561 0.287643
vt 0.968303 0.288086
vt 0.976526 0.302331
vt 0.267245 0.903882
vt 0.277027 0.891512
vt 0.283802 0.899340
vt 0.277736 0.916754
vt 0.393625 0.171131
vt 0.375611 0.175730
vt 0.358842 0.142804
vt 0.375382 0.138255
vt 0.343613 0.626567
vt 0.354176 0.629701
vt 0.344393 0.638019
vt 0.336754 0.636239
vt 0.215671 0.496969
vt 0.212789 0.479485
vt 0.221208 0.481373
vt 0.221847 0.492661
vt 0.843137 0.929410
vt 0.842469 0.918604
vt 0.854955 0.919208
vt 0.854028 0.929919
vt 0.221692 0.616413
vt 0.226955 0.611868
vt 0.234888 0.614984
vt 0.226073 0.624890
vt 0.654732 0.510272
vt 0.667105 0.489895
vt 0.678903 0.496436
vt 0.666592 0.515969
vt 0.869014 0.810455
vt 0.871462 0.822632
vt 0.860893 0.824835
vt 0.860893 0.808781
vt 0.469168 0.347484
vt 0.474939 0.373230
vt 0.456120 0.374741
vt 0.452045 0.343926
vt 0.035508 0.331088
vt 0.026831 0.310919
vt 0.042594 0.313363
vt 0.144393 0.646162
vt 0.157488 0.650985
vt 0.148231 0.663095
vt 0.135430 0.656970
vt 0.956668 0.803044
vt 0.955055 0.792618
vt 0.968251 0.795840
vt 0.969245 0.805274
vt 0.480959 0.066709
vt 0.496942 0.066133
vt 0.497558 0.078638
vt 0.477034 0.080188
vt 0.904322 0.016853
vt 0.907216 0.021211
vt 0.901399 0.022759
vt 0.899786 0.017933
vt 0.853998 0.940445
vt 0.873846 0.933292
vt 0.873573 0.942758
vt 0.655371 0.007243
vt 0.653976 0.005159
vt 0.721790 0.005611
vt 0.721074 0.008712
vt 0.073227 0.818090
vt 0.082762 0.820394
vt 0.075484 0.842581
vt 0.061713 0.840384
vt 0.450163 0.324428
vt 0.450838 0.334388
vt 0.422686 0.333643
vt 0.421050 0.322827
vt 0.680456 0.702678
vt 0.671364 0.697736
vt 0.574995 0.287222
vt 0.584451 0.296188
vt 0.568915 0.309193
vt 0.562610 0.303020
vt 0.328257 0.466300
vt 0.331790 0.450412
vt 0.335289 0.468176
vt 0.333142 0.483117
vt 0.478572 0.409480
vt 0.483481 0.400050
vt 0.500621 0.402596
vt 0.497235 0.412704
vt 0.473515 0.821204
vt 0.476583 0.844285
vt 0.435377 0.843843
vt 0.421545 0.823570
vt 0.947551 0.801607
vt 0.947348 0.791480
vt 0.859394 0.727191
vt 0.839160 0.719929
vt 0.840751 0.712961
vt 0.863859 0.720936
vt 0.042238 0.899811
vt 0.045411 0.891374
vt 0.948624 0.205618
vt 0.954935 0.210840
vt 0.949295 0.215999
vt 0.940249 0.209596
vt 0.018368 0.992131
vt 0.014452 0.994821
vt 0.013891 0.981696
vt 0.017377 0.981022
vt 0.323290 0.289490
vt 0.320805 0.283279
vt 0.342853 0.284827
vt 0.344845 0.294542
vt 0.138586 0.642446
vt 0.131426 0.651953
vt 0.319161 0.548165
vt 0.313290 0.532922
vt 0.325601 0.529450
vt 0.333656 0.542900
vt 0.464058 0.722549
vt 0.411774 0.724183
vt 0.414332 0.693794
vt 0.465595 0.691141
vt 0.142883 0.828406
vt 0.154791 0.830812
vt 0.138897 0.847328
vt 0.875793 0.913116
vt 0.878166 0.899430
vt 0.906169 0.904311
vt 0.904482 0.917197
vt 0.798750 0.189944
vt 0.816123 0.196341
vt 0.809047 0.208431
vt 0.792819 0.194912
vt 0.181276 0.578359
vt 0.187350 0.572898
vt 0.195224 0.586169
vt 0.187728 0.591790
vt 0.707501 0.606866
vt 0.704847 0.584296
vt 0.728951 0.593190
vt 0.728001 0.611661
vt 0.252800 0.484530
vt 0.249997 0.477228
vt 0.259168 0.463240
vt 0.267181 0.468018
vt 0.140843 0.797812
vt 0.151267 0.801978
vt 0.146129 0.813270
vt 0.134379 0.810092
vt 0.949370 0.170938
vt 0.947407 0.177019
vt 0.938114 0.178822
vt 0.938488 0.171615
vt 0.969268 0.845324
vt 0.972990 0.842219
vt 0.975102 0.844634
vt 0.970548 0.848153
vt 0.277064 0.647393
vt 0.325064 0.606532
vt 0.326687 0.612049
vt 0.293823 0.645648
vt 0.796149 0.226971
vt 0.759271 0.264368
vt 0.742499 0.246292
vt 0.778566 0.211730
vt 0.897720 0.524588
vt 0.917783 0.523027
vt 0.916705 0.529102
vt 0.896415 0.527951
vt 0.110068 0.617530
vt 0.106731 0.629544
vt 0.101284 0.623121
vt 0.107166 0.615156
vt 0.667954 0.423304
vt 0.684096 0.402495
vt 0.697348 0.412434
vt 0.682881 0.433767
vt 0.027613 0.437700
vt 0.017565 0.447534
vt 0.013180 0.440243
vt 0.016021 0.432115
vt 0.847710 0.602132
vt 0.828516 0.596383
vt 0.849954 0.540581
vt 0.867638 0.547936
vt 0.416939 0.660093
vt 0.423871 0.661021
vt 0.406154 0.693678
vt 0.646452 0.595932
vt 0.653598 0.598429
vt 0.651953 0.620168
vt 0.645135 0.617360
vt 0.791339 0.294972
vt 0.778244 0.281633
vt 0.690073 0.638590
vt 0.693710 0.617374
vt 0.716557 0.627893
vt 0.712428 0.649635
vt 0.276347 0.587303
vt 0.278107 0.591341
vt 0.261123 0.591284
vt 0.259893 0.585399
vt 0.277424 0.470992
vt 0.272584 0.470172
vt 0.284732 0.449361
vt 0.286463 0.449082
vt 0.067396 0.633949
vt 0.067756 0.637971
vt 0.064105 0.634388
vt 0.065131 0.630274
vt 0.262105 0.921965
vt 0.276161 0.930691
vt 0.263534 0.941264
vt 0.157661 0.929690
vt 0.145385 0.929148
vt 0.147388 0.919910
vt 0.159639 0.920695
vt 0.300235 0.579934
vt 0.298332 0.583339
vt 0.286501 0.579216
vt 0.288677 0.575418
vt 0.076023 0.078034
vt 0.071657 0.085041
vt 0.063996 0.080077
vt 0.067397 0.071894
vt 0.214986 0.864028
vt 0.224612 0.870194
vt 0.217502 0.879482
vt 0.205250 0.869316
vt 0.121843 0.592560
vt 0.116962 0.596472
vt 0.114378 0.580309
vt 0.122467 0.578420
vt 0.099617 0.595399
vt 0.095290 0.602059
vt 0.088555 0.598162
vt 0.090136 0.582292
vt 0.703918 0.414066
vt 0.687453 0.436371
vt 0.779287 0.943916
vt 0.788409 0.943389
vt 0.783152 0.959609
vt 0.773693 0.955739
vt 0.975340 0.188008
vt 0.968079 0.178182
vt 0.969255 0.175636
vt 0.079692 0.642728
vt 0.074439 0.640973
vt 0.076980 0.636563
vt 0.259266 0.717326
vt 0.265414 0.739373
vt 0.258294 0.739076
vt 0.243232 0.717229
vt 0.928290 0.456114
vt 0.929839 0.441674
vt 0.657084 0.666285
vt 0.656871 0.692064
vt 0.624093 0.687730
vt 0.621365 0.657341
vt 0.119934 0.055431
vt 0.111792 0.044719
vt 0.230873 0.036867
vt 0.231847 0.048003
vt 0.947912 0.821702
vt 0.943641 0.812713
vt 0.949433 0.811858
vt 0.952187 0.820652
vt 0.529864 0.044751
vt 0.519561 0.043898
vt 0.526071 0.032950
vt 0.535923 0.022436
vt 0.406237 0.940021
vt 0.397633 0.949338
vt 0.396702 0.942733
vt 0.404879 0.930437
vt 0.223947 0.463851
vt 0.215930 0.466743
vt 0.217315 0.455739
vt 0.234100 0.445374
vt 0.142442 0.872328
vt 0.140365 0.881930
vt 0.123020 0.878186
vt 0.124436 0.868665
vt 0.248933 0.295057
vt 0.251382 0.300222
vt 0.231854 0.307685
vt 0.228779 0.303169
vt 0.242918 0.977832
vt 0.230351 0.965291
vt 0.235582 0.959292
vt 0.254875 0.977954
vt 0.131334 0.771167
vt 0.141635 0.777126
vt 0.133531 0.783550
vt 0.121852 0.779272
vt 0.767590 0.354859
vt 0.778270 0.360164
vt 0.761720 0.380739
vt 0.749465 0.379631
vt 0.667789 0.829734
vt 0.667589 0.840798
vt 0.658942 0.843732
vt 0.656796 0.830853
vt 0.835093 0.916274
vt 0.835260 0.903695
vt 0.843143 0.906229
vt 0.775040 0.808094
vt 0.746152 0.811316
vt 0.747518 0.798151
vt 0.776168 0.797912
vt 0.081779 0.733441
vt 0.093467 0.740273
vt 0.090100 0.754071
vt 0.077849 0.747633
vt 0.197643 0.360822
vt 0.195101 0.354238
vt 0.170525 0.574013
vt 0.175535 0.567255
vt 0.175087 0.584224
vt 0.906131 0.467312
vt 0.906361 0.453008
vt 0.928690 0.471667
vt 0.904657 0.172235
vt 0.916138 0.145991
vt 0.919075 0.150813
vt 0.686260 0.376616
vt 0.670694 0.394313
vt 0.667797 0.391010
vt 0.225390 0.605145
vt 0.229725 0.600851
vt 0.516728 0.620319
vt 0.549285 0.618341
vt 0.549730 0.624051
vt 0.297107 0.014559
vt 0.277224 0.036497
vt 0.277373 0.027803
vt 0.345262 0.970830
vt 0.331454 0.965642
vt 0.349590 0.956628
vt 0.360113 0.960813
vt 0.196402 0.804260
vt 0.190901 0.808537
vt 0.177113 0.801935
vt 0.857482 0.240851
vt 0.864209 0.247028
vt 0.851510 0.250355
vt 0.350155 0.508292
vt 0.329571 0.515311
vt 0.329727 0.499419
vt 0.352662 0.490417
vt 0.908453 0.440209
vt 0.605951 0.260008
vt 0.595696 0.273981
vt 0.584648 0.262332
vt 0.589777 0.245111
vt 0.143616 0.461622
vt 0.143193 0.440630
vt 0.151917 0.442395
vt 0.155027 0.455326
vt 0.038390 0.921641
vt 0.025071 0.919353
vt 0.026408 0.909018
vt 0.039526 0.910811
vt 0.881911 0.805113
vt 0.871356 0.799808
vt 0.875417 0.790661
vt 0.883712 0.786614
vt 0.593353 0.844050
vt 0.541864 0.845592
vt 0.541171 0.821431
vt 0.594774 0.820449
vt 0.630139 0.103086
vt 0.641477 0.117420
vt 0.589929 0.155060
vt 0.578707 0.141168
vt 0.849801 0.328990
vt 0.846875 0.315674
vt 0.862393 0.308932
vt 0.866695 0.320544
vt 0.100096 0.028983
vt 0.094729 0.021990
vt 0.096425 0.018132
vt 0.902582 0.014014
vt 0.898146 0.015631
vt 0.894163 0.013019
vt 0.058253 0.934002
vt 0.048433 0.933416
vt 0.050117 0.923155
vt 0.060141 0.924382
vt 0.720438 0.359110
vt 0.737361 0.373397
vt 0.734748 0.375870
vt 0.717358 0.362800
vt 0.380192 0.334283
vt 0.399076 0.325389
vt 0.401887 0.336689
vt 0.382530 0.344796
vt 0.912672 0.018450
vt 0.915687 0.023384
vt 0.909100 0.025901
vt 0.444386 0.183495
vt 0.471831 0.168238
vt 0.475577 0.177099
vt 0.480325 0.186296
vt 0.434420 0.378488
vt 0.454330 0.382893
vt 0.435371 0.388124
vt 0.877799 0.518433
vt 0.886776 0.555399
vt 0.338563 0.612819
vt 0.453467 0.559325
vt 0.451807 0.570771
vt 0.337788 0.438167
vt 0.344079 0.425878
vt 0.349445 0.432157
vt 0.343936 0.443971
vt 0.271955 0.576558
vt 0.258376 0.572368
vt 0.323524 0.761879
vt 0.304271 0.762547
vt 0.302949 0.733428
vt 0.323929 0.731224
vt 0.869985 0.494395
vt 0.862927 0.504709
vt 0.848708 0.489137
vt 0.866929 0.473966
vt 0.260449 0.834759
vt 0.275629 0.840925
vt 0.256609 0.849003
vt 0.251267 0.841059
vt 0.927967 0.179547
vt 0.927216 0.172950
vt 0.712743 0.421220
vt 0.698425 0.456128
vt 0.152614 0.554136
vt 0.146123 0.567104
vt 0.138765 0.563192
vt 0.143642 0.551027
vt 0.888108 0.420137
vt 0.891048 0.405127
vt 0.911595 0.407995
vt 0.910158 0.423922
vt 0.037308 0.196097
vt 0.052881 0.184695
vt 0.063047 0.199419
vt 0.053719 0.207277
vt 0.098851 0.083163
vt 0.079113 0.084344
vt 0.263543 0.152096
vt 0.265174 0.162293
vt 0.230233 0.165662
vt 0.227972 0.154668
vt 0.487791 0.320057
vt 0.505444 0.322503
vt 0.503615 0.326695
vt 0.488159 0.325600
vt 0.940571 0.166401
vt 0.927914 0.166577
vt 0.932732 0.156304
vt 0.943779 0.157956
vt 0.800041 0.779480
vt 0.778738 0.777238
vt 0.780113 0.763627
vt 0.801120 0.768812
vt 0.653750 0.011405
vt 0.440659 0.048380
vt 0.441959 0.050334
vt 0.297209 0.019281
vt 0.472808 0.320083
vt 0.473708 0.325935
vt 0.450850 0.317584
vt 0.880211 0.244916
vt 0.873432 0.255584
vt 0.871464 0.239204
vt 0.630282 0.718745
vt 0.635260 0.746683
vt 0.625836 0.745853
vt 0.620358 0.718029
vt 0.230290 0.497352
vt 0.230230 0.502975
vt 0.954872 0.178460
vt 0.958148 0.182992
vt 0.949409 0.185167
vt 0.163655 0.476341
vt 0.160920 0.485501
vt 0.153007 0.471464
vt 0.155544 0.465231
vt 0.107775 0.533747
vt 0.106401 0.542091
vt 0.053617 0.155217
vt 0.074716 0.140543
vt 0.081626 0.150477
vt 0.059897 0.163659
vt 0.099988 0.444765
vt 0.123273 0.418430
vt 0.130289 0.425742
vt 0.099461 0.463510
vt 0.311459 0.023183
vt 0.439124 0.059324
vt 0.740863 0.478219
vt 0.766623 0.485167
vt 0.759382 0.503364
vt 0.730929 0.493447
vt 0.243540 0.578404
vt 0.244995 0.565200
vt 0.314109 0.637340
vt 0.320776 0.635300
vt 0.330238 0.643180
vt 0.336396 0.648251
vt 0.928942 0.477584
vt 0.929351 0.487230
vt 0.918545 0.486870
vt 0.918014 0.478271
vt 0.274159 0.966099
vt 0.282729 0.942392
vt 0.291085 0.960017
vt 0.900207 0.120154
vt 0.880483 0.134777
vt 0.867686 0.124394
vt 0.943402 0.854847
vt 0.913729 0.861979
vt 0.913529 0.848457
vt 0.372443 0.969602
vt 0.366492 0.977162
vt 0.357285 0.973343
vt 0.365793 0.965981
vt 0.459043 0.274199
vt 0.468821 0.265396
vt 0.478501 0.287004
vt 0.463337 0.288901
vt 0.262757 0.140792
vt 0.227836 0.142153
vt 0.229136 0.129227
vt 0.261983 0.129388
vt 0.098276 0.564910
vt 0.093336 0.576435
vt 0.089823 0.567858
vt 0.095754 0.560262
vt 0.862768 0.055889
vt 0.873014 0.067578
vt 0.847392 0.087706
vt 0.837146 0.075298
vt 0.150022 0.544935
vt 0.160942 0.550103
vt 0.061292 0.813463
vt 0.050404 0.835990
vt 0.464681 0.398553
vt 0.448174 0.398841
vt 0.471787 0.380767
vt 0.078140 0.540338
vt 0.064264 0.548253
vt 0.064572 0.535270
vt 0.083403 0.526447
vt 0.938619 0.906006
vt 0.967678 0.904755
vt 0.966369 0.920747
vt 0.937158 0.919766
vt 0.821561 0.671557
vt 0.825231 0.660221
vt 0.851606 0.669325
vt 0.847956 0.681844
vt 0.098787 0.728089
vt 0.108047 0.732847
vt 0.104545 0.746180
vt 0.549962 0.325971
vt 0.557126 0.335743
vt 0.538641 0.332268
vt 0.540528 0.328470
vt 0.086656 0.052661
vt 0.085548 0.058921
vt 0.078025 0.054003
vt 0.081111 0.047654
vt 0.641956 0.504139
vt 0.645289 0.506149
vt 0.145873 0.616060
vt 0.149038 0.619645
vt 0.144661 0.619835
vt 0.136991 0.617182
vt 0.777824 0.787955
vt 0.749321 0.784977
vt 0.750533 0.772992
vt 0.960616 0.175002
vt 0.959334 0.172146
vt 0.091437 0.560374
vt 0.714918 0.466023
vt 0.737262 0.453779
vt 0.739496 0.459606
vt 0.719096 0.471949
vt 0.549937 0.602512
vt 0.568464 0.601659
vt 0.569077 0.618679
vt 0.346639 0.904326
vt 0.342836 0.908095
vt 0.334647 0.905482
vt 0.331048 0.898444
vt 0.266234 0.763077
vt 0.259096 0.761674
vt 0.298924 0.430940
vt 0.301085 0.432231
vt 0.288108 0.450630
vt 0.359522 0.934696
vt 0.341189 0.948238
vt 0.349081 0.934949
vt 0.784387 0.181633
vt 0.779737 0.187343
vt 0.761490 0.160778
vt 0.767740 0.156381
vt 0.179216 0.317453
vt 0.171233 0.313155
vt 0.189700 0.276327
vt 0.204246 0.276394
vt 0.878448 0.083447
vt 0.853328 0.097170
vt 0.287719 0.590578
vt 0.597565 0.604101
vt 0.618880 0.607799
vt 0.617552 0.625240
vt 0.596807 0.622205
vt 0.673761 0.518914
vt 0.681166 0.521137
vt 0.677882 0.539225
vt 0.673340 0.538965
vt 0.685259 0.089927
vt 0.695697 0.105888
vt 0.654434 0.132898
vt 0.856856 0.259440
vt 0.076913 0.193136
vt 0.067913 0.176394
vt 0.081964 0.169845
vt 0.090258 0.187834
vt 0.919382 0.316120
vt 0.918850 0.301893
vt 0.939402 0.302767
vt 0.940421 0.317175
vt 0.167571 0.962140
vt 0.169541 0.973340
vt 0.160483 0.974438
vt 0.158071 0.964556
vt 0.899927 0.340150
vt 0.899474 0.329113
vt 0.920263 0.329018
vt 0.920811 0.340455
vt 0.765256 0.438755
vt 0.766948 0.444463
vt 0.013174 0.968769
vt 0.013276 0.954898
vt 0.152370 0.782583
vt 0.162036 0.787396
vt 0.155367 0.792918
vt 0.145068 0.788737
vt 0.246676 0.496011
vt 0.260135 0.490061
vt 0.248578 0.505530
vt 0.137766 0.862524
vt 0.035809 0.976268
vt 0.023367 0.978462
vt 0.035420 0.965724
vt 0.198338 0.501985
vt 0.194628 0.512278
vt 0.183594 0.505008
vt 0.185299 0.495848
vt 0.980488 0.789176
vt 0.985486 0.779064
vt 0.991374 0.786640
vt 0.988930 0.792577
vt 0.331810 0.929106
vt 0.311771 0.919625
vt 0.233937 0.912971
vt 0.238122 0.895521
vt 0.251885 0.901799
vt 0.247598 0.918270
vt 0.243850 0.427676
vt 0.254586 0.410608
vt 0.259390 0.413285
vt 0.249915 0.430355
vt 0.365339 0.272055
vt 0.371077 0.279939
vt 0.365036 0.279482
vt 0.362015 0.274700
vt 0.827643 0.964453
vt 0.835989 0.962760
vt 0.833693 0.974528
vt 0.825383 0.976147
vt 0.911576 0.876246
vt 0.942666 0.873325
vt 0.940692 0.890142
vt 0.908566 0.891458
vt 0.305834 0.970261
vt 0.304278 0.954821
vt 0.311253 0.959481
vt 0.030066 0.057057
vt 0.045616 0.055187
vt 0.041033 0.069222
vt 0.029390 0.068960
vt 0.779130 0.112614
vt 0.757125 0.129111
vt 0.748236 0.104923
vt 0.765943 0.089931
vt 0.478520 0.234884
vt 0.474245 0.253203
vt 0.465331 0.246692
vt 0.465271 0.231773
vt 0.112801 0.748695
vt 0.109538 0.760810
vt 0.100607 0.757967
vt 0.188789 0.632305
vt 0.178121 0.642881
vt 0.177620 0.637104
vt 0.187632 0.627974
vt 0.157748 0.539622
vt 0.144469 0.532758
vt 0.155596 0.521147
vt 0.169355 0.530512
vt 0.912379 0.231131
vt 0.908570 0.237784
vt 0.904371 0.235881
vt 0.909345 0.227158
vt 0.966364 0.209123
vt 0.960672 0.213370
vt 0.962308 0.205575
vt 0.913137 0.031160
vt 0.906031 0.035299
vt 0.903148 0.028114
vt 0.674624 0.774853
vt 0.669019 0.795908
vt 0.659698 0.794046
vt 0.665133 0.773261
vt 0.538220 0.751764
vt 0.540582 0.778755
vt 0.470416 0.780642
vt 0.465497 0.752116
vt 0.865654 0.386515
vt 0.867575 0.378315
vt 0.875829 0.379798
vt 0.873964 0.388629
vt 0.293305 0.887802
vt 0.312436 0.902442
vt 0.299214 0.909598
vt 0.076767 0.887909
vt 0.067968 0.887396
vt 0.070001 0.877991
vt 0.079059 0.877422
vt 0.167847 0.834153
vt 0.233527 0.177933
vt 0.207479 0.182355
vt 0.205729 0.169945
vt 0.815457 0.005993
vt 0.793716 0.025003
vt 0.788173 0.019512
vt 0.628453 0.349959
vt 0.637947 0.331264
vt 0.637954 0.338853
vt 0.424375 0.344899
vt 0.416368 0.383880
vt 0.403713 0.347908
vt 0.073388 0.654093
vt 0.079664 0.665865
vt 0.068236 0.662479
vt 0.069737 0.647826
vt 0.220154 0.908695
vt 0.231965 0.934316
vt 0.222599 0.934398
vt 0.649341 0.639398
vt 0.642335 0.637468
vt 0.962998 0.844926
vt 0.969651 0.839103
vt 0.052558 0.339889
vt 0.036829 0.339702
vt 0.795856 0.472919
vt 0.819812 0.476884
vt 0.814896 0.496875
vt 0.794648 0.491843
vt 0.130502 0.929026
vt 0.113721 0.926747
vt 0.115861 0.917077
vt 0.132911 0.918601
vt 0.213523 0.527878
vt 0.204458 0.541014
vt 0.195512 0.529763
vt 0.204520 0.517897
vt 0.070665 0.048036
vt 0.074905 0.040877
vt 0.112384 0.845212
vt 0.125118 0.846588
vt 0.124379 0.862270
vt 0.109573 0.861189
vt 0.862050 0.797773
vt 0.845042 0.795546
vt 0.846262 0.785126
vt 0.865314 0.787745
vt 0.881636 0.447407
vt 0.885292 0.434229
vt 0.834297 0.939410
vt 0.834826 0.949841
vt 0.513077 0.282079
vt 0.505176 0.298426
vt 0.491925 0.295350
vt 0.498163 0.278677
vt 0.353115 0.617373
vt 0.359146 0.620817
vt 0.892051 0.113276
vt 0.860344 0.117976
vt 0.860370 0.112195
vt 0.888391 0.105938
vt 0.760998 0.694547
vt 0.760486 0.680199
vt 0.777409 0.682051
vt 0.777434 0.695700
vt 0.277981 0.366404
vt 0.283174 0.371066
vt 0.270903 0.379592
vt 0.268602 0.378261
vt 0.164452 0.620513
vt 0.163683 0.623805
vt 0.154410 0.621462
vt 0.155093 0.618445
vt 0.277888 0.048556
vt 0.412602 0.922714
vt 0.410820 0.913859
vt 0.028282 0.649614
vt 0.026350 0.648494
vt 0.027295 0.646424
vt 0.028919 0.649170
vt 0.180047 0.595223
vt 0.187362 0.607551
vt 0.179375 0.610889
vt 0.724603 0.442961
vt 0.755622 0.427291
vt 0.099290 0.588083
vt 0.091902 0.579960
vt 0.955397 0.174367
vt 0.939244 0.844055
vt 0.933937 0.849307
vt 0.925112 0.838308
vt 0.932688 0.830843
vt 0.405150 0.262023
vt 0.426212 0.249144
vt 0.434043 0.267444
vt 0.410238 0.276242
vt 0.057345 0.955948
vt 0.047089 0.954288
vt 0.047413 0.942696
vt 0.057652 0.945062
vt 0.930050 0.187820
vt 0.921121 0.188016
vt 0.917800 0.179910
vt 0.047163 0.297785
vt 0.034000 0.294992
vt 0.036155 0.277426
vt 0.060243 0.275309
vt 0.132404 0.981601
vt 0.134545 0.992518
vt 0.116234 0.994958
vt 0.114345 0.983158
vt 0.078510 0.678408
vt 0.069847 0.675327
vt 0.028489 0.873611
vt 0.024592 0.870191
vt 0.029016 0.862435
vt 0.033217 0.864556
vt 0.285996 0.762256
vt 0.282422 0.734431
vt 0.783574 0.739343
vt 0.781289 0.752071
vt 0.753747 0.744023
vt 0.756832 0.728360
vt 0.657656 0.722239
vt 0.657457 0.751356
vt 0.068915 0.037747
vt 0.064899 0.044012
vt 0.871779 0.963547
vt 0.899409 0.971168
vt 0.896585 0.982448
vt 0.868862 0.973800
vt 0.589164 0.749671
vt 0.588174 0.720335
vt 0.570497 0.231932
vt 0.569099 0.248249
vt 0.550858 0.239408
vt 0.551268 0.222291
vt 0.771142 0.064259
vt 0.762727 0.070107
vt 0.749127 0.058062
vt 0.756908 0.051223
vt 0.701925 0.567027
vt 0.730132 0.579370
vt 0.303297 0.940661
vt 0.317089 0.945783
vt 0.312755 0.950288
vt 0.300615 0.947001
vt 0.374287 0.759224
vt 0.345179 0.761201
vt 0.345499 0.730305
vt 0.375603 0.727783
vt 0.340320 0.986159
vt 0.340582 0.978745
vt 0.351876 0.976814
vt 0.355824 0.982894
vt 0.556628 0.177318
vt 0.540306 0.168095
vt 0.860234 0.882409
vt 0.880709 0.887714
vt 0.857504 0.895466
vt 0.261615 0.350590
vt 0.248142 0.363403
vt 0.902381 0.948797
vt 0.902899 0.938281
vt 0.935674 0.943954
vt 0.934986 0.957047
vt 0.398365 0.320236
vt 0.391356 0.315122
vt 0.421297 0.311721
vt 0.420801 0.316209
vt 0.078815 0.697198
vt 0.069692 0.687097
vt 0.894569 0.509285
vt 0.888894 0.515381
vt 0.884907 0.507948
vt 0.890962 0.503292
vt 0.830317 0.644878
vt 0.855357 0.653245
vt 0.262546 0.391998
vt 0.272475 0.380625
vt 0.267000 0.393954
vt 0.309227 0.412846
vt 0.311361 0.413930
vt 0.319185 0.986649
vt 0.326068 0.979322
vt 0.121735 0.762975
vt 0.112414 0.773742
vt 0.103786 0.771937
vt 0.920523 0.240766
vt 0.918976 0.245319
vt 0.916139 0.243012
vt 0.917540 0.238058
vt 0.498226 0.094286
vt 0.510871 0.076106
vt 0.518919 0.091309
vt 0.225419 0.890940
vt 0.786691 0.927700
vt 0.804489 0.927551
vt 0.058753 0.450169
vt 0.062838 0.444738
vt 0.072996 0.459812
vt 0.068184 0.463871
vt 0.212401 0.306993
vt 0.230337 0.296211
vt 0.214213 0.313285
vt 0.149915 0.490207
vt 0.141214 0.473805
vt 0.039584 0.662322
vt 0.041072 0.662697
vt 0.044679 0.669319
vt 0.040309 0.665672
vt 0.076965 0.512969
vt 0.088118 0.515209
vt 0.081185 0.796882
vt 0.091446 0.799461
vt 0.614527 0.453457
vt 0.619204 0.456849
vt 0.602923 0.484062
vt 0.598525 0.481598
vt 0.103886 0.643048
vt 0.094074 0.635045
vt 0.295466 0.979373
vt 0.321145 0.970622
vt 0.510817 0.557513
vt 0.506865 0.543483
vt 0.547454 0.542481
vt 0.549169 0.555856
vt 0.223645 0.652018
vt 0.216585 0.665959
vt 0.208259 0.650053
vt 0.218721 0.645172
vt 0.772777 0.082555
vt 0.755149 0.075690
vt 0.651142 0.531467
vt 0.665649 0.536201
vt 0.627145 0.838405
vt 0.614475 0.841607
vt 0.617756 0.817554
vt 0.628155 0.815180
vt 0.144688 0.938695
vt 0.129797 0.937948
vt 0.485977 0.382684
vt 0.496875 0.384468
vt 0.234373 0.630648
vt 0.213711 0.637112
vt 0.215032 0.623750
vt 0.931849 0.792106
vt 0.929839 0.779562
vt 0.938353 0.778435
vt 0.940158 0.790631
vt 0.636258 0.469763
vt 0.622405 0.495329
vt 0.082183 0.936008
vt 0.070010 0.935634
vt 0.070331 0.925493
vt 0.082699 0.925903
vt 0.359269 0.471218
vt 0.841719 0.254260
vt 0.807136 0.304494
vt 0.742822 0.005157
vt 0.752378 0.016132
vt 0.734979 0.022766
vt 0.730626 0.009917
vt 0.027137 0.769911
vt 0.020817 0.767517
vt 0.041330 0.711428
vt 0.047579 0.713453
vt 0.167294 0.544208
vt 0.185352 0.540130
vt 0.912228 0.240035
vt 0.911544 0.246003
vt 0.907998 0.244566
vt 0.294054 0.150302
vt 0.294637 0.159645
vt 0.935156 0.199827
vt 0.926143 0.200626
vt 0.954396 0.829796
vt 0.960575 0.820425
vt 0.962832 0.829541
vt 0.398249 0.886994
vt 0.395396 0.905718
vt 0.385551 0.882740
vt 0.382978 0.865287
vt 0.957220 0.842415
vt 0.953195 0.842176
vt 0.954998 0.838111
vt 0.957508 0.838997
vt 0.203767 0.157063
vt 0.082978 0.068759
vt 0.072915 0.063859
vt 0.279917 0.763300
vt 0.277051 0.735834
vt 0.251800 0.559537
vt 0.262492 0.567331
vt 0.259075 0.506205
vt 0.265780 0.490818
vt 0.271365 0.492921
vt 0.272294 0.516439
vt 0.958398 0.835967
vt 0.959415 0.839494
vt 0.394996 0.927194
vt 0.404613 0.912785
vt 0.086658 0.019883
vt 0.086292 0.024516
vt 0.082745 0.026775
vt 0.083399 0.021224
vt 0.762164 0.026153
vt 0.740750 0.029552
vt 0.087670 0.720490
vt 0.071154 0.717855
vt 0.076587 0.707934
vt 0.295546 0.026212
vt 0.439206 0.059840
vt 0.057556 0.853010
vt 0.044102 0.849980
vt 0.905992 0.476865
vt 0.907188 0.487183
vt 0.082051 0.970847
vt 0.068629 0.968407
vt 0.068418 0.957472
vt 0.081366 0.959725
vt 0.964954 0.766348
vt 0.959314 0.756932
vt 0.968049 0.755428
vt 0.973418 0.762858
vt 0.089064 0.025349
vt 0.091225 0.029834
vt 0.085842 0.033922
vt 0.083688 0.030540
vt 0.443427 0.292788
vt 0.446770 0.304755
vt 0.416686 0.300436
vt 0.941562 0.331095
vt 0.941201 0.342671
vt 0.845464 0.152374
vt 0.860744 0.163106
vt 0.082419 0.981592
vt 0.081834 0.991040
vt 0.067586 0.987993
vt 0.068494 0.978832
vt 0.061628 0.679087
vt 0.063113 0.669987
vt 0.081425 0.609527
vt 0.078064 0.599650
vt 0.082915 0.586789
vt 0.781151 0.077428
vt 0.036134 0.942561
vt 0.036795 0.931690
vt 0.128618 0.491208
vt 0.131227 0.487974
vt 0.134855 0.490600
vt 0.128687 0.499161
vt 0.555434 0.341662
vt 0.571426 0.350609
vt 0.556062 0.373728
vt 0.542381 0.362291
vt 0.915048 0.247923
vt 0.247131 0.590750
vt 0.224944 0.589526
vt 0.226916 0.567842
vt 0.171677 0.496101
vt 0.174129 0.487644
vt 0.928191 0.820594
vt 0.917537 0.826478
vt 0.914280 0.815112
vt 0.924216 0.808751
vt 0.638243 0.614866
vt 0.639211 0.592604
vt 0.371802 0.321590
vt 0.380809 0.321809
vt 0.378501 0.330086
vt 0.540651 0.311844
vt 0.534184 0.322212
vt 0.521614 0.319293
vt 0.530778 0.307308
vt 0.921263 0.795881
vt 0.910118 0.802382
vt 0.907776 0.787172
vt 0.919649 0.782370
vt 0.727884 0.425128
vt 0.386723 0.936225
vt 0.386690 0.916689
vt 0.954592 0.193464
vt 0.958245 0.201178
vt 0.943688 0.197140
vt 0.818256 0.760298
vt 0.816530 0.770785
vt 0.802305 0.757260
vt 0.718726 0.767426
vt 0.717298 0.782283
vt 0.688826 0.780758
vt 0.690906 0.759705
vt 0.355459 0.278789
vt 0.355783 0.271746
vt 0.112307 0.122062
vt 0.118807 0.120036
vt 0.119366 0.131427
vt 0.112732 0.133599
vt 0.346059 0.271125
vt 0.349243 0.274859
vt 0.347342 0.280049
vt 0.134627 0.908343
vt 0.117401 0.907463
vt 0.119937 0.897971
vt 0.136365 0.899907
vt 0.035804 0.664735
vt 0.039781 0.670782
vt 0.035083 0.668154
vt 0.032632 0.664690
vt 0.419732 0.392184
vt 0.406539 0.396971
vt 0.400385 0.389646
vt 0.146880 0.578884
vt 0.138454 0.585932
vt 0.134986 0.581423
vt 0.138697 0.573397
vt 0.284521 0.423780
vt 0.294370 0.404150
vt 0.061422 0.877916
vt 0.051021 0.873750
vt 0.053275 0.866084
vt 0.062594 0.869320
vt 0.061885 0.914220
vt 0.072206 0.914226
vt 0.097089 0.972165
vt 0.097779 0.984095
vt 0.075678 0.318038
vt 0.067713 0.945894
vt 0.378045 0.459153
vt 0.374059 0.477349
vt 0.365707 0.452280
vt 0.034923 0.659347
vt 0.039394 0.666012
vt 0.032320 0.659501
vt 0.311877 0.994858
vt 0.277837 0.984273
vt 0.939484 0.187189
vt 0.693453 0.359193
vt 0.673876 0.361984
vt 0.828233 0.532071
vt 0.807733 0.522845
vt 0.821862 0.490686
vt 0.059648 0.885900
vt 0.048099 0.881969
vt 0.466129 0.228052
vt 0.479437 0.230193
vt 0.231271 0.394484
vt 0.227119 0.410776
vt 0.033247 0.654539
vt 0.031187 0.650695
vt 0.033681 0.653848
vt 0.036213 0.657921
vt 0.128762 0.636011
vt 0.121268 0.641630
vt 0.706807 0.390021
vt 0.715588 0.393972
vt 0.835922 0.928936
vt 0.841840 0.939502
vt 0.519012 0.132616
vt 0.526358 0.129611
vt 0.534364 0.147245
vt 0.515003 0.151146
vt 0.183501 0.618711
vt 0.194873 0.618159
vt 0.808925 0.117006
vt 0.803404 0.124394
vt 0.787697 0.102652
vt 0.794541 0.095873
vt 0.203559 0.883579
vt 0.202920 0.872039
vt 0.215599 0.885727
vt 0.922400 0.125526
vt 0.924215 0.135426
vt 0.128922 0.793339
vt 0.117197 0.790573
vt 0.093760 0.428273
vt 0.068514 0.415261
vt 0.092555 0.392913
vt 0.115435 0.406958
vt 0.217084 0.318845
vt 0.890015 0.082935
vt 0.891463 0.088687
vt 0.889987 0.079275
vt 0.091595 0.023514
vt 0.095069 0.028206
vt 0.529076 0.287086
vt 0.542897 0.292210
vt 0.518360 0.302302
vt 0.237889 0.836820
vt 0.239958 0.850108
vt 0.233861 0.851505
vt 0.229070 0.839910
vt 0.895834 0.381798
vt 0.916346 0.383808
vt 0.914259 0.394502
vt 0.893493 0.390740
vt 0.024862 0.882489
vt 0.019970 0.879035
vt 0.100687 0.905650
vt 0.085955 0.905911
vt 0.087516 0.897513
vt 0.102531 0.897430
vt 0.037017 0.656843
vt 0.039298 0.656569
vt 0.251409 0.702129
vt 0.265531 0.705233
vt 0.262539 0.706097
vt 0.740461 0.378396
vt 0.721728 0.396428
vt 0.724900 0.378112
vt 0.238000 0.447898
vt 0.249447 0.604059
vt 0.254529 0.610959
vt 0.241354 0.611559
vt 0.243987 0.603466
vt 0.837862 0.119081
vt 0.859112 0.141164
vt 0.833220 0.145443
vt 0.158374 0.601457
vt 0.170249 0.596178
vt 0.169526 0.607457
vt 0.157582 0.608958
vt 0.958630 0.846754
vt 0.951480 0.847301
vt 0.510907 0.534554
vt 0.544608 0.536501
vt 0.023628 0.931377
vt 0.023229 0.941865
vt 0.016688 0.941969
vt 0.016558 0.930443
vt 0.291372 0.924293
vt 0.304872 0.929848
vt 0.289779 0.937166
vt 0.014567 0.764460
vt 0.035321 0.710080
vt 0.157999 0.307178
vt 0.177720 0.271507
vt 0.250620 0.599311
vt 0.245504 0.597452
vt 0.243998 0.593891
vt 0.256297 0.596305
vt 0.508546 0.315981
vt 0.893125 0.141181
vt 0.887151 0.161408
vt 0.873598 0.153261
vt 0.743247 0.404519
vt 0.760628 0.404236
vt 0.745452 0.426369
vt 0.895960 0.232230
vt 0.901867 0.222504
vt 0.856949 0.439546
vt 0.862034 0.426043
vt 0.062232 0.789330
vt 0.051378 0.809499
vt 0.043032 0.803174
vt 0.052891 0.784007
vt 0.290415 0.859510
vt 0.296146 0.869741
vt 0.285706 0.880204
vt 0.274811 0.870944
vt 0.362816 0.283898
vt 0.366758 0.287130
vt 0.357920 0.292228
vt 0.357695 0.286546
vt 0.131548 0.596419
vt 0.135735 0.594030
vt 0.148248 0.599287
vt 0.131079 0.601785
vt 0.328548 0.760172
vt 0.327840 0.731562
vt 0.903214 0.694615
vt 0.905638 0.678578
vt 0.960040 0.610010
vt 0.902639 0.702091
vt 0.066275 0.057804
vt 0.922682 0.243100
vt 0.031190 0.643985
vt 0.023011 0.644554
vt 0.315367 0.892926
vt 0.335450 0.890734
vt 0.126569 0.591181
vt 0.129004 0.587765
vt 0.741782 0.087351
vt 0.735730 0.077390
vt 0.742855 0.062887
vt 0.229789 0.830417
vt 0.216959 0.829644
vt 0.955835 0.165079
vt 0.959492 0.159605
vt 0.791418 0.361344
vt 0.815746 0.361043
vt 0.801215 0.382353
vt 0.775112 0.383023
vt 0.282463 0.713528
vt 0.267855 0.716887
vt 0.537495 0.336062
vt 0.527918 0.352521
vt 0.211495 0.508229
vt 0.222176 0.521130
vt 0.928280 0.115034
vt 0.934960 0.115045
vt 0.927976 0.125396
vt 0.122670 0.806707
vt 0.111340 0.804820
vt 0.251609 0.761055
vt 0.252001 0.739131
vt 0.600943 0.171514
vt 0.333017 0.162296
vt 0.329321 0.172428
vt 0.322072 0.170354
vt 0.326739 0.159807
vt 0.418924 0.154475
vt 0.400632 0.128353
vt 0.420974 0.121150
vt 0.439129 0.140564
vt 0.803649 0.588964
vt 0.704989 0.203575
vt 0.728283 0.231668
vt 0.654380 0.243510
vt 0.720563 0.628907
vt 0.702429 0.606161
vt 0.631486 0.553470
vt 0.628722 0.570760
vt 0.622805 0.568523
vt 0.625324 0.552562
vt 0.378327 0.794186
vt 0.378951 0.800664
vt 0.350035 0.801839
vt 0.348626 0.795542
vt 0.818780 0.712585
vt 0.818273 0.703527
vt 0.921861 0.233301
vt 0.915319 0.235186
vt 0.919788 0.230145
vt 0.429481 0.810693
vt 0.472897 0.802045
vt 0.090834 0.047118
vt 0.084866 0.042508
vt 0.648625 0.340119
vt 0.156570 0.814884
vt 0.169019 0.820353
vt 0.958624 0.178510
vt 0.961050 0.179119
vt 0.682871 0.472879
vt 0.696957 0.478262
vt 0.070286 0.869326
vt 0.079381 0.867927
vt 0.276022 0.397507
vt 0.267331 0.417068
vt 0.625483 0.856311
vt 0.612229 0.860671
vt 0.328799 0.703635
vt 0.323538 0.703335
vt 0.097063 0.161537
vt 0.107869 0.178401
vt 0.601014 0.561648
vt 0.603188 0.545927
vt 0.299959 0.281028
vt 0.275207 0.282693
vt 0.285870 0.257611
vt 0.310347 0.261356
vt 0.781088 0.910814
vt 0.801770 0.910566
vt 0.314112 0.159308
vt 0.314112 0.170730
vt 0.295135 0.170418
vt 0.918106 0.015512
vt 0.921966 0.019312
vt 0.907432 0.492350
vt 0.897434 0.494215
vt 0.687626 0.800037
vt 0.878219 0.661577
vt 0.876931 0.678650
vt 0.877361 0.370353
vt 0.897700 0.371591
vt 0.517004 0.604714
vt 0.125122 0.597263
vt 0.122204 0.601968
vt 0.506543 0.491445
vt 0.523656 0.515282
vt 0.516500 0.522393
vt 0.498378 0.490335
vt 0.966032 0.853255
vt 0.972983 0.850755
vt 0.968928 0.854650
vt 0.871890 0.690567
vt 0.887697 0.497558
vt 0.981683 0.799140
vt 0.981374 0.807799
vt 0.358829 0.345639
vt 0.348918 0.329891
vt 0.252903 0.525252
vt 0.246535 0.524805
vt 0.253891 0.506759
vt 0.191139 0.886836
vt 0.193185 0.875040
vt 0.197764 0.903256
vt 0.773488 0.917963
vt 0.779063 0.931749
vt 0.592063 0.776238
vt 0.172721 0.514175
vt 0.160296 0.503023
vt 0.234308 0.423574
vt 0.762672 0.912186
vt 0.768701 0.937073
vt 0.752140 0.921000
vt 0.148757 0.910676
vt 0.160995 0.911537
vt 0.165712 0.615921
vt 0.155706 0.616430
vt 0.896009 0.208381
vt 0.890452 0.210016
vt 0.884617 0.205411
vt 0.888373 0.195949
vt 0.492538 0.232732
vt 0.504979 0.234115
vt 0.502908 0.239121
vt 0.490125 0.238123
vt 0.258432 0.434836
vt 0.272421 0.443336
vt 0.103950 0.886781
vt 0.088752 0.886860
vt 0.090678 0.876998
vt 0.105691 0.877069
vt 0.977917 0.317580
vt 0.987531 0.316367
vt 0.990985 0.331084
vt 0.978528 0.330935
vt 0.489621 0.191722
vt 0.040497 0.831701
vt 0.033660 0.845037
vt 0.640758 0.831671
vt 0.642311 0.809770
vt 0.923815 0.115899
vt 0.923561 0.110038
vt 0.215604 0.740062
vt 0.200015 0.735895
vt 0.193835 0.722849
vt 0.223795 0.720152
vt 0.164485 0.565634
vt 0.171145 0.560287
vt 0.171251 0.626058
vt 0.175546 0.621772
vt 0.173370 0.630030
vt 0.169801 0.631895
vt 0.100056 0.845161
vt 0.095448 0.860140
vt 0.879757 0.829789
vt 0.897123 0.814124
vt 0.402231 0.168402
vt 0.380646 0.137111
vt 0.452452 0.258559
vt 0.438834 0.281950
vt 0.435199 0.412022
vt 0.433811 0.402640
vt 0.448284 0.408699
vt 0.840975 0.948991
vt 0.961247 0.332086
vt 0.962600 0.344095
vt 0.633902 0.217993
vt 0.620524 0.270053
vt 0.598359 0.246536
vt 0.935659 0.395774
vt 0.933315 0.410286
vt 0.945808 0.779608
vt 0.213848 0.759433
vt 0.212301 0.774897
vt 0.190728 0.775015
vt 0.191022 0.758978
vt 0.103896 0.583789
vt 0.107957 0.592165
vt 0.098789 0.580683
vt 0.292125 0.708742
vt 0.303064 0.707299
vt 0.787857 0.510253
vt 0.778326 0.529984
vt 0.750599 0.525110
vt 0.406861 0.893731
vt 0.400018 0.871467
vt 0.950121 0.831471
vt 0.225959 0.473255
vt 0.230637 0.477513
vt 0.225919 0.482994
vt 0.500484 0.378332
vt 0.489904 0.373472
vt 0.683433 0.679937
vt 0.671589 0.671757
vt 0.820092 0.926752
vt 0.955421 0.782015
vt 0.956058 0.771019
vt 0.970450 0.776149
vt 0.967507 0.785572
vt 0.025780 0.261045
vt 0.036057 0.249114
vt 0.047848 0.262113
vt 0.740472 0.176961
vt 0.684539 0.177600
vt 0.722915 0.150557
vt 0.937161 0.814287
vt 0.934972 0.804161
vt 0.942049 0.802363
vt 0.879425 0.339940
vt 0.878540 0.328612
vt 0.258080 0.526538
vt 0.278492 0.535419
vt 0.264579 0.541032
vt 0.157121 0.954580
vt 0.166860 0.953232
vt 0.275098 0.571555
vt 0.047789 0.648908
vt 0.042448 0.650936
vt 0.707976 0.127346
vt 0.667778 0.153757
vt 0.188154 0.647137
vt 0.198539 0.641817
vt 0.193309 0.660515
vt 0.173960 0.659197
vt 0.266620 0.908877
vt 0.316970 0.673648
vt 0.927071 0.016466
vt 0.928740 0.020601
vt 0.924131 0.023790
vt 0.494458 0.311997
vt 0.138576 0.891409
vt 0.120915 0.888132
vt 0.082939 0.252687
vt 0.096328 0.225477
vt 0.108529 0.234523
vt 0.092678 0.266344
vt 0.245650 0.487884
vt 0.245381 0.480101
vt 0.059073 0.053594
vt 0.130456 0.826696
vt 0.117406 0.824326
vt 0.738194 0.047721
vt 0.725285 0.057163
vt 0.712090 0.043625
vt 0.728647 0.035587
vt 0.888969 0.247977
vt 0.885033 0.236630
vt 0.894881 0.240679
vt 0.944901 0.835315
vt 0.942057 0.825672
vt 0.113499 0.513178
vt 0.119252 0.515809
vt 0.121242 0.525104
vt 0.103264 0.513803
vt 0.635722 0.327668
vt 0.032225 0.655542
vt 0.029175 0.654053
vt 0.206640 0.338433
vt 0.239726 0.380275
vt 0.875035 0.230654
vt 0.234228 0.646261
vt 0.240297 0.653187
vt 0.381073 0.807161
vt 0.349909 0.804439
vt 0.070778 0.637003
vt 0.071248 0.633363
vt 0.499524 0.258799
vt 0.482676 0.274707
vt 0.485834 0.257124
vt 0.093612 0.821305
vt 0.087529 0.844204
vt 0.567595 0.326751
vt 0.564333 0.317909
vt 0.750791 0.947448
vt 0.743768 0.951391
vt 0.744256 0.909073
vt 0.640566 0.429014
vt 0.654561 0.413138
vt 0.654602 0.442034
vt 0.181885 0.824159
vt 0.182662 0.837292
vt 0.932215 0.427246
vt 0.954286 0.411474
vt 0.952876 0.428755
vt 0.640969 0.569708
vt 0.628010 0.589176
vt 0.246353 0.416056
vt 0.219671 0.421241
vt 0.317726 0.395008
vt 0.319858 0.396316
vt 0.230034 0.492386
vt 0.237148 0.491834
vt 0.240333 0.494441
vt 0.800250 0.418220
vt 0.809679 0.408862
vt 0.825083 0.416241
vt 0.802410 0.424640
vt 0.094550 0.356189
vt 0.096068 0.299737
vt 0.871880 0.848163
vt 0.035967 0.876704
vt 0.039063 0.868653
vt 0.067063 0.479377
vt 0.072600 0.476136
vt 0.075972 0.489842
vt 0.068675 0.492491
vt 0.025802 0.651208
vt 0.027909 0.658469
vt 0.021497 0.651971
vt 0.101191 0.714616
vt 0.089997 0.706977
vt 0.073206 0.759528
vt 0.062500 0.753707
vt 0.065267 0.740347
vt 0.104340 0.573301
vt 0.106765 0.582282
vt 0.103485 0.578806
vt 0.101429 0.574017
vt 0.166159 0.555553
vt 0.157745 0.560108
vt 0.558946 0.200750
vt 0.112964 0.937188
vt 0.478082 0.864522
vt 0.441889 0.864321
vt 0.682490 0.051145
vt 0.697374 0.065072
vt 0.674661 0.074624
vt 0.660975 0.060117
vt 0.901763 0.959638
vt 0.933867 0.969586
vt 0.931186 0.984398
vt 0.042783 0.144712
vt 0.061448 0.127119
vt 0.057165 0.685854
vt 0.049379 0.675371
vt 0.104853 0.823770
vt 0.383397 0.890751
vt 0.140784 0.507524
vt 0.815249 0.808510
vt 0.813225 0.815717
vt 0.807426 0.814708
vt 0.806899 0.807781
vt 0.721178 0.073749
vt 0.972078 0.832238
vt 0.072902 0.906233
vt 0.074478 0.897480
vt 0.247394 0.453195
vt 0.519322 0.364280
vt 0.532807 0.373693
vt 0.523347 0.385310
vt 0.511392 0.380159
vt 0.777481 0.651653
vt 0.753994 0.643332
vt 0.762137 0.625244
vt 0.785457 0.634032
vt 0.300107 0.389663
vt 0.542154 0.865562
vt 0.185411 0.522538
vt 0.845084 0.807264
vt 0.852156 0.949890
vt 0.873279 0.953014
vt 0.851073 0.960638
vt 0.481693 0.492638
vt 0.817159 0.144573
vt 0.808141 0.155272
vt 0.793687 0.135751
vt 0.040181 0.353341
vt 0.025121 0.344772
vt 0.060588 0.037582
vt 0.930509 0.023396
vt 0.934713 0.018028
vt 0.715211 0.798558
vt 0.233610 0.484355
vt 0.241048 0.487074
vt 0.653756 0.554534
vt 0.674136 0.558402
vt 0.907694 0.015496
vt 0.874515 0.923716
vt 0.903537 0.927232
vt 0.129174 0.607635
vt 0.013187 0.942120
vt 0.011984 0.929657
vt 0.843789 0.699142
vt 0.867668 0.706844
vt 0.937643 0.144994
vt 0.949777 0.150332
vt 0.667122 0.812384
vt 0.657611 0.811802
vt 0.043106 0.665425
vt 0.926174 0.224532
vt 0.921453 0.214953
vt 0.930977 0.212886
vt 0.670386 0.606029
vt 0.687430 0.582229
vt 0.214370 0.611989
vt 0.201073 0.606612
vt 0.214267 0.608426
vt 0.097432 0.529022
vt 0.847737 0.452640
vt 0.850788 0.435928
vt 0.853925 0.455820
vt 0.126956 0.469371
vt 0.116999 0.471861
vt 0.103721 0.465637
vt 0.282553 0.807775
vt 0.265531 0.815643
vt 0.260727 0.806315
vt 0.403998 0.724894
vt 0.312671 0.414970
vt 0.323277 0.398428
vt 0.333256 0.409157
vt 0.324162 0.424515
vt 0.594644 0.798400
vt 0.540672 0.800828
vt 0.215726 0.599477
vt 0.219005 0.604790
vt 0.483552 0.335878
vt 0.498247 0.340114
vt 0.491988 0.353957
vt 0.830316 0.100394
vt 0.820814 0.086381
vt 0.131925 0.590839
vt 0.128766 0.593967
vt 0.078334 0.777845
vt 0.070719 0.792872
vt 0.069537 0.772498
vt 0.321168 0.103501
vt 0.305726 0.070744
vt 0.324137 0.064709
vt 0.315977 0.044107
vt 0.096730 0.936792
vt 0.098771 0.925531
vt 0.136400 0.540339
vt 0.878579 0.502769
vt 0.684137 0.559607
vt 0.693682 0.581945
vt 0.911399 0.216019
vt 0.905082 0.203425
vt 0.162397 0.669013
vt 0.732036 0.400793
vt 0.338543 0.991854
vt 0.361370 0.987513
vt 0.045544 0.171662
vt 0.800068 0.451497
vt 0.821222 0.430115
vt 0.821170 0.456580
vt 0.890533 0.702830
vt 0.873807 0.705010
vt 0.877995 0.695641
vt 0.888234 0.693833
vt 0.691126 0.503041
vt 0.683556 0.499794
vt 0.701506 0.482935
vt 0.705637 0.485217
vt 0.276371 0.339550
vt 0.291066 0.355247
vt 0.752428 0.464297
vt 0.771924 0.467179
vt 0.572074 0.536380
vt 0.583588 0.509548
vt 0.588673 0.512167
vt 0.577479 0.537693
vt 0.374723 0.981985
vt 0.385022 0.963703
vt 0.667515 0.627931
vt 0.665074 0.647206
vt 0.361551 0.303722
vt 0.307619 0.586383
vt 0.304347 0.592722
vt 0.295816 0.591553
vt 0.036762 0.857080
vt 0.042094 0.860445
vt 0.336876 0.135982
vt 0.339458 0.151169
vt 0.331416 0.148005
vt 0.328606 0.135688
vt 0.706593 0.692642
vt 0.697618 0.715333
vt 0.687026 0.665201
vt 0.896224 0.681004
vt 0.891754 0.672660
vt 0.896674 0.665375
vt 0.574127 0.601504
vt 0.574930 0.619764
vt 0.533522 0.240652
vt 0.533096 0.263457
vt 0.884764 0.276922
vt 0.919054 0.272275
vt 0.917827 0.285526
vt 0.893153 0.288048
vt 0.185504 0.814678
vt 0.172651 0.808849
vt 0.555754 0.404908
vt 0.572698 0.371483
vt 0.603258 0.391205
vt 0.579183 0.422968
vt 0.264832 0.860329
vt 0.263424 0.883169
vt 0.252197 0.871996
vt 0.061518 0.066931
vt 0.053737 0.061597
vt 0.817245 0.726755
vt 0.835804 0.730103
vt 0.960260 0.317707
vt 0.792841 0.407256
vt 0.787198 0.404651
vt 0.822116 0.380044
vt 0.829014 0.381950
vt 0.883376 0.763920
vt 0.867675 0.759844
vt 0.885968 0.751209
vt 0.470855 0.138995
vt 0.464287 0.146716
vt 0.442744 0.131854
vt 0.828666 0.455543
vt 0.199852 0.275310
vt 0.205634 0.246527
vt 0.692986 0.737312
vt 0.188487 0.687778
vt 0.231191 0.683054
vt 0.209520 0.705803
vt 0.169096 0.696648
vt 0.387994 0.422213
vt 0.374468 0.412481
vt 0.390888 0.403793
vt 0.403842 0.413864
vt 0.979114 0.834103
vt 0.827115 0.155011
vt 0.830366 0.794243
vt 0.829583 0.784050
vt 0.722859 0.730210
vt 0.727678 0.711231
vt 0.169584 0.922164
vt 0.170827 0.913412
vt 0.167006 0.890018
vt 0.165591 0.896681
vt 0.153742 0.894849
vt 0.154695 0.885560
vt 0.621069 0.587369
vt 0.626071 0.608595
vt 0.749065 0.134382
vt 0.203218 0.329905
vt 0.199614 0.320897
vt 0.167097 0.946128
vt 0.157004 0.946385
vt 0.156611 0.937835
vt 0.168353 0.938477
vt 0.722031 0.011358
vt 0.726274 0.026426
vt 0.705831 0.033174
vt 0.703821 0.012620
vt 0.898384 0.249994
vt 0.902718 0.244109
vt 0.129517 0.163345
vt 0.118287 0.146319
vt 0.123432 0.142775
vt 0.134430 0.158677
vt 0.506645 0.043284
vt 0.522700 0.054837
vt 0.506122 0.065991
vt 0.967562 0.868583
vt 0.582649 0.267181
vt 0.870722 0.330317
vt 0.875748 0.317852
vt 0.364566 0.357453
vt 0.386912 0.355238
vt 0.369084 0.365881
vt 0.467226 0.215550
vt 0.480487 0.215381
vt 0.635796 0.633264
vt 0.938130 0.373606
vt 0.959186 0.373156
vt 0.958106 0.384256
vt 0.937495 0.384350
vt 0.916606 0.026341
vt 0.264165 0.781519
vt 0.256963 0.779813
vt 0.856098 0.386831
vt 0.860090 0.373859
vt 0.200072 0.604224
vt 0.142880 0.589621
vt 0.063900 0.696801
vt 0.054387 0.711893
vt 0.050678 0.691316
vt 0.056434 0.076319
vt 0.053519 0.084984
vt 0.046923 0.081370
vt 0.049645 0.072496
vt 0.528935 0.061454
vt 0.551126 0.048725
vt 0.551214 0.064849
vt 0.130371 0.613602
vt 0.118832 0.605662
vt 0.095686 0.960022
vt 0.082010 0.947653
vt 0.096223 0.947193
vt 0.889873 0.852531
vt 0.888294 0.862592
vt 0.553688 0.297572
vt 0.366112 0.862963
vt 0.366512 0.853119
vt 0.842733 0.041090
vt 0.820035 0.055770
vt 0.869479 0.399774
vt 0.862028 0.398093
vt 0.869255 0.369479
vt 0.870995 0.341376
vt 0.506523 0.359157
vt 0.150125 0.635214
vt 0.152925 0.632072
vt 0.161616 0.633667
vt 0.161307 0.636008
vt 0.214755 0.849700
vt 0.215900 0.834979
vt 0.224417 0.844053
vt 0.222910 0.855470
vt 0.335741 0.384299
vt 0.349575 0.370315
vt 0.354962 0.377673
vt 0.342295 0.390975
vt 0.135223 0.474240
vt 0.129648 0.473888
vt 0.130814 0.467732
vt 0.307508 0.600638
vt 0.297014 0.595062
vt 0.305751 0.596643
vt 0.537085 0.721544
vt 0.538715 0.690217
vt 0.708654 0.061044
vt 0.695895 0.046499
vt 0.423395 0.416656
vt 0.419951 0.407259
vt 0.408348 0.422785
vt 0.951015 0.105558
vt 0.948598 0.081010
vt 0.966383 0.089331
vt 0.964612 0.104853
vt 0.917618 0.164447
vt 0.921983 0.152561
vt 0.655904 0.771965
vt 0.639038 0.767597
vt 0.806182 0.799437
vt 0.795782 0.798644
vt 0.797168 0.789069
vt 0.809225 0.791624
vt 0.405682 0.787612
vt 0.414615 0.791818
vt 0.375370 0.435176
vt 0.359405 0.421595
vt 0.107082 0.285466
vt 0.098297 0.273729
vt 0.116065 0.239572
vt 0.127815 0.251349
vt 0.024452 0.990291
vt 0.016936 0.917755
vt 0.012586 0.918872
vt 0.300369 0.842097
vt 0.315126 0.848831
vt 0.281497 0.850784
vt 0.106170 0.572635
vt 0.108036 0.581042
vt 0.772609 0.039785
vt 0.749030 0.040941
vt 0.298487 0.453129
vt 0.315111 0.442740
vt 0.310793 0.459836
vt 0.856846 0.301365
vt 0.847020 0.291315
vt 0.856689 0.289913
vt 0.867310 0.298266
vt 0.384265 0.266704
vt 0.373961 0.282407
vt 0.382498 0.264019
vt 0.511344 0.409533
vt 0.526455 0.399893
vt 0.339697 0.540690
vt 0.334004 0.528433
vt 0.349736 0.526949
vt 0.740036 0.110310
vt 0.733964 0.090004
vt 0.133894 0.082724
vt 0.231492 0.081545
vt 0.230498 0.114200
vt 0.122057 0.109188
vt 0.864642 0.729572
vt 0.869830 0.729354
vt 0.865990 0.736912
vt 0.860548 0.731741
vt 0.120009 0.539166
vt 0.126384 0.527864
vt 0.128816 0.558229
vt 0.130414 0.548264
vt 0.752100 0.758182
vt 0.915667 0.202008
vt 0.230459 0.535011
vt 0.222616 0.539460
vt 0.206240 0.629864
vt 0.566563 0.123816
vt 0.617320 0.086265
vt 0.522631 0.331808
vt 0.513319 0.345982
vt 0.854884 0.907739
vt 0.466586 0.159215
vt 0.458820 0.151710
vt 0.473267 0.156097
vt 0.075494 0.028684
vt 0.931818 0.012340
vt 0.923148 0.012230
vt 0.244950 0.860359
vt 0.908077 0.561473
vt 0.844454 0.216233
vt 0.863187 0.220336
vt 0.853706 0.235457
vt 0.407835 0.630750
vt 0.435378 0.635953
vt 0.030468 0.652522
vt 0.030266 0.651276
vt 0.033296 0.655742
vt 0.381560 0.954621
vt 0.384716 0.949805
vt 0.041147 0.041300
vt 0.051367 0.038450
vt 0.053936 0.046944
vt 0.721446 0.512844
vt 0.732514 0.540842
vt 0.711809 0.532232
vt 0.079449 0.473079
vt 0.085042 0.484350
vt 0.967662 0.887931
vt 0.918215 0.769566
vt 0.928371 0.766900
vt 0.594780 0.280565
vt 0.868481 0.608741
vt 0.890560 0.616624
vt 0.918566 0.492164
vt 0.918575 0.495921
vt 0.909264 0.497131
vt 0.897480 0.315993
vt 0.481158 0.151537
vt 0.650820 0.409730
vt 0.051863 0.912750
vt 0.819837 0.167696
vt 0.972310 0.203828
vt 0.968439 0.200236
vt 0.347010 0.611496
vt 0.364947 0.609028
vt 0.112091 0.960513
vt 0.112469 0.947836
vt 0.867579 0.869517
vt 0.884976 0.875177
vt 0.915941 0.726175
vt 0.909985 0.717451
vt 0.973591 0.618681
vt 0.981367 0.623102
vt 0.371127 0.929861
vt 0.072465 0.571500
vt 0.881787 0.509625
vt 0.827272 0.759922
vt 0.812071 0.744472
vt 0.818781 0.745933
vt 0.209014 0.576506
vt 0.215617 0.553961
vt 0.099036 0.916251
vt 0.084591 0.914895
vt 0.254767 0.405214
vt 0.764209 0.201343
vt 0.802247 0.744574
vt 0.560108 0.452415
vt 0.600366 0.444127
vt 0.583761 0.472296
vt 0.970840 0.770835
vt 0.543436 0.482091
vt 0.565981 0.500376
vt 0.550375 0.528521
vt 0.831135 0.803743
vt 0.283072 0.787433
vt 0.276159 0.784808
vt 0.898947 0.499244
vt 0.569998 0.554706
vt 0.036803 0.660478
vt 0.384006 0.396279
vt 0.762718 0.898013
vt 0.797872 0.895765
vt 0.745815 0.338619
vt 0.922144 0.237715
vt 0.030145 0.648118
vt 0.919264 0.226386
vt 0.324705 0.482284
vt 0.308267 0.479247
vt 0.090590 0.019526
vt 0.090693 0.017291
vt 0.956035 0.396193
vt 0.372746 0.954967
vt 0.477835 0.040198
vt 0.495659 0.041494
vt 0.121500 0.655459
vt 0.122910 0.660386
vt 0.107344 0.664123
vt 0.115405 0.655759
vt 0.129846 0.570414
vt 0.129736 0.578535
vt 0.120616 0.569478
vt 0.252944 0.994298
vt 0.411009 0.756194
vt 0.403390 0.756710
vt 0.384968 0.285287
vt 0.115160 0.616505
vt 0.115102 0.629744
vt 0.218189 0.951402
vt 0.215069 0.935002
vt 0.160627 0.440979
vt 0.884665 0.683876
vt 0.778925 0.706882
vt 0.803739 0.699366
vt 0.803329 0.709755
vt 0.961560 0.722902
vt 0.934389 0.720635
vt 0.993407 0.630426
vt 0.132727 0.296439
vt 0.095121 0.648480
vt 0.030898 0.651358
vt 0.895195 0.183486
vt 0.899142 0.190878
vt 0.652506 0.792428
vt 0.043216 0.671310
vt 0.198142 0.557546
vt 0.181136 0.563327
vt 0.981081 0.090569
vt 0.974627 0.106476
vt 0.462999 0.407102
vt 0.066211 0.436736
vt 0.351191 0.836533
vt 0.349949 0.845134
vt 0.335463 0.838305
vt 0.340869 0.829743
vt 0.907593 0.180665
vt 0.910192 0.188257
vt 0.865385 0.727048
vt 0.509622 0.221236
vt 0.522579 0.222401
vt 0.516454 0.234149
vt 0.927181 0.495982
vt 0.928139 0.501929
vt 0.919686 0.502358
vt 0.129045 0.947746
vt 0.396729 0.430337
vt 0.140576 0.627025
vt 0.132712 0.626175
vt 0.127436 0.616148
vt 0.623200 0.412600
vt 0.636346 0.424460
vt 0.125550 0.490040
vt 0.117963 0.491606
vt 0.104958 0.223112
vt 0.101262 0.217153
vt 0.119742 0.209357
vt 0.123383 0.218063
vt 0.048153 0.984573
vt 0.036934 0.986935
vt 0.047174 0.975344
vt 0.157721 0.876674
vt 0.817584 0.100784
vt 0.804025 0.085547
vt 0.971147 0.191983
vt 0.971985 0.199636
vt 0.965697 0.195189
vt 0.057504 0.977074
vt 0.046699 0.964650
vt 0.057276 0.966886
vt 0.328221 0.337825
vt 0.235229 0.819945
vt 0.246818 0.829108
vt 0.889774 0.061983
vt 0.885998 0.064146
vt 0.883251 0.064498
vt 0.889176 0.061746
vt 0.959663 0.851815
vt 0.955568 0.854920
vt 0.916873 0.172093
vt 0.848384 0.972021
vt 0.151866 0.586054
vt 0.970548 0.115260
vt 0.979545 0.117980
vt 0.977199 0.122406
vt 0.969214 0.123380
vt 0.304618 0.373512
vt 0.280942 0.383681
vt 0.895848 0.301503
vt 0.636999 0.530335
vt 0.631592 0.528580
vt 0.150599 0.901950
vt 0.162892 0.903046
vt 0.153071 0.572330
vt 0.105364 0.867579
vt 0.091813 0.867313
vt 0.368296 0.403768
vt 0.353783 0.414104
vt 0.223711 0.814112
vt 0.241134 0.816268
vt 0.163440 0.985625
vt 0.150409 0.988897
vt 0.147740 0.977944
vt 0.344489 0.642793
vt 0.362733 0.632042
vt 0.462099 0.611971
vt 0.937342 0.768198
vt 0.945568 0.768995
vt 0.082017 0.858348
vt 0.069930 0.857087
vt 0.236224 0.740509
vt 0.235877 0.759587
vt 0.384222 0.442956
vt 0.313345 0.584072
vt 0.034752 0.511009
vt 0.058672 0.513874
vt 0.053426 0.539837
vt 0.034054 0.539762
vt 0.115291 0.196581
vt 0.137426 0.182131
vt 0.140028 0.198407
vt 0.140314 0.205480
vt 0.090003 0.022513
vt 0.225272 0.488982
vt 0.079826 0.036632
vt 0.873205 0.493325
vt 0.720566 0.749316
vt 0.866911 0.178992
vt 0.882847 0.181080
vt 0.876742 0.198379
vt 0.857213 0.194534
vt 0.792881 0.070292
vt 0.550041 0.029204
vt 0.983602 0.113236
vt 0.989207 0.117043
vt 0.539683 0.434000
vt 0.863935 0.773536
vt 0.873550 0.774145
vt 0.329531 0.796855
vt 0.275349 0.290851
vt 0.277757 0.295972
vt 0.149714 0.422914
vt 0.144310 0.426332
vt 0.192872 0.325289
vt 0.161076 0.414271
vt 0.943099 0.759126
vt 0.951603 0.759696
vt 0.242538 0.599644
vt 0.233539 0.599726
vt 0.704951 0.549927
vt 0.064248 0.659064
vt 0.097136 0.522272
vt 0.067838 0.092939
vt 0.060489 0.088460
vt 0.928091 0.141438
vt 0.312234 0.124989
vt 0.313687 0.135989
vt 0.291891 0.139320
vt 0.290889 0.128484
vt 0.202284 0.143864
vt 0.301294 0.832705
vt 0.670855 0.040194
vt 0.651237 0.047685
vt 0.515268 0.579632
vt 0.550258 0.578008
vt 0.992825 0.800279
vt 0.898947 0.519064
vt 0.100514 0.802551
vt 0.382264 0.850243
vt 0.087106 0.015759
vt 0.960549 0.841456
vt 0.859388 0.410981
vt 0.866485 0.412898
vt 0.854635 0.424014
vt 0.545276 0.533627
vt 0.124717 0.484550
vt 0.117919 0.479106
vt 0.107174 0.036003
vt 0.106939 0.787392
vt 0.097464 0.783679
vt 0.268735 0.612296
vt 0.277242 0.623505
vt 0.275516 0.634568
vt 0.264167 0.616252
vt 0.872152 0.733654
vt 0.873883 0.739247
vt 0.458368 0.590603
vt 0.834351 0.889081
vt 0.837134 0.876252
vt 0.844632 0.877882
vt 0.842328 0.891337
vt 0.803324 0.402879
vt 0.250524 0.812474
vt 0.253468 0.823093
vt 0.035781 0.954003
vt 0.593515 0.862945
vt 0.085280 0.016117
vt 0.168122 0.627408
vt 0.939174 0.121543
vt 0.950622 0.114597
vt 0.951668 0.121919
vt 0.568646 0.577935
vt 0.575691 0.556421
vt 0.575491 0.578452
vt 0.893167 0.017255
vt 0.676009 0.657506
vt 0.805832 0.975379
vt 0.369567 0.617689
vt 0.832986 0.210011
vt 0.816802 0.791706
vt 0.819438 0.782404
vt 0.854276 0.398379
vt 0.852405 0.411022
vt 0.233379 0.860165
vt 0.157594 0.264217
vt 0.317346 0.828371
vt 0.325662 0.833065
vt 0.320159 0.837800
vt 0.130234 0.127538
vt 0.131883 0.137185
vt 0.178376 0.971362
vt 0.181521 0.982535
vt 0.172674 0.983540
vt 0.088229 0.780974
vt 0.355546 0.267671
vt 0.241690 0.481730
vt 0.041558 0.439493
vt 0.045670 0.431603
vt 0.907697 0.773666
vt 0.812179 0.782107
vt 0.308294 0.344745
vt 0.318077 0.359263
vt 0.300382 0.366056
vt 0.686165 0.817264
vt 0.190839 0.346812
vt 0.360427 0.912999
vt 0.355562 0.920511
vt 0.350152 0.896293
vt 0.630823 0.793761
vt 0.097768 0.616563
vt 0.105840 0.612076
vt 0.515631 0.260373
vt 0.818919 0.689725
vt 0.161306 0.641065
vt 0.957499 0.176576
vt 0.872460 0.709722
vt 0.168637 0.631005
vt 0.180424 0.728799
vt 0.170983 0.723582
vt 0.834740 0.361236
vt 0.879993 0.514387
vt 0.913374 0.087542
vt 0.929501 0.065549
vt 0.942741 0.079202
vt 0.926787 0.106507
vt 0.106519 0.562681
vt 0.101788 0.564320
vt 0.090513 0.503316
vt 0.076463 0.493469
vt 0.500453 0.165861
vt 0.518444 0.172761
vt 0.024963 0.332551
vt 0.011580 0.329557
vt 0.114498 0.547926
vt 0.116340 0.558411
vt 0.055362 0.121019
vt 0.082787 0.100394
vt 0.086846 0.102956
vt 0.975473 0.397328
vt 0.973436 0.411879
vt 0.962057 0.189750
vt 0.897393 0.691321
vt 0.328464 0.120569
vt 0.322626 0.120230
vt 0.250784 0.287766
vt 0.267147 0.258934
vt 0.886740 0.228921
vt 0.879194 0.223443
vt 0.915590 0.223749
vt 0.905390 0.175318
vt 0.293036 0.518579
vt 0.299096 0.535336
vt 0.860693 0.011965
vt 0.827367 0.018230
vt 0.067046 0.230332
vt 0.294859 0.475557
vt 0.112102 0.596004
vt 0.986376 0.830053
vt 0.983910 0.836423
vt 0.963257 0.838260
vt 0.713200 0.815324
vt 0.207894 0.857223
vt 0.994293 0.415806
vt 0.988685 0.427459
vt 0.964426 0.428367
vt 0.111542 0.601763
vt 0.028249 0.430132
vt 0.170315 0.401430
vt 0.182895 0.373289
vt 0.365894 0.843186
vt 0.781480 0.581477
vt 0.094854 0.769399
vt 0.208401 0.423900
vt 0.196967 0.420021
vt 0.112297 0.570802
vt 0.241461 0.628679
vt 0.109699 0.647256
vt 0.111952 0.654098
vt 0.167764 0.797180
vt 0.161177 0.804739
vt 0.147483 0.637222
vt 0.122441 0.627112
vt 0.318569 0.958286
vt 0.552208 0.314922
vt 0.038477 0.079929
vt 0.175981 0.890811
vt 0.178250 0.882901
vt 0.186109 0.883147
vt 0.108866 0.115209
vt 0.648846 0.573915
vt 0.656545 0.576756
vt 0.535285 0.222346
vt 0.533596 0.233847
vt 0.861528 0.350725
vt 0.856385 0.340844
vt 0.610856 0.520654
vt 0.324820 0.937666
vt 0.902015 0.505573
vt 0.885271 0.014344
vt 0.906183 0.041213
vt 0.891454 0.058571
vt 0.867524 0.024491
vt 0.498622 0.142709
vt 0.233999 0.776488
vt 0.146967 0.968123
vt 0.145551 0.957206
vt 0.918363 0.373571
vt 0.290870 0.596018
vt 0.299307 0.602033
vt 0.295535 0.602302
vt 0.810693 0.639128
vt 0.523719 0.328337
vt 0.261390 0.623248
vt 0.270540 0.635997
vt 0.259675 0.633181
vt 0.248963 0.622555
vt 0.754255 0.650443
vt 0.774996 0.660215
vt 0.794506 0.807704
vt 0.236903 0.478181
vt 0.890344 0.218823
vt 0.823774 0.902164
vt 0.820304 0.914366
vt 0.855376 0.751905
vt 0.058851 0.240156
vt 0.090589 0.037960
vt 0.979564 0.769331
vt 0.884193 0.172655
vt 0.869957 0.169564
vt 0.469971 0.657189
vt 0.540441 0.656331
vt 0.545257 0.321304
vt 0.939470 0.287831
vt 0.066310 0.646810
vt 0.063632 0.646230
vt 0.606677 0.072571
vt 0.556539 0.109014
vt 0.544088 0.091685
vt 0.593902 0.054988
vt 0.119559 0.611274
vt 0.230082 0.027296
vt 0.975536 0.345649
vt 0.975172 0.366213
vt 0.283196 0.102692
vt 0.282038 0.115479
vt 0.449299 0.554506
vt 0.455518 0.543133
vt 0.131194 0.970272
vt 0.113450 0.972636
vt 0.129724 0.958793
vt 0.494025 0.132713
vt 0.516000 0.132097
vt 0.019331 0.291409
vt 0.170129 0.880127
vt 0.360112 0.309175
vt 0.339426 0.313194
vt 0.869422 0.308331
vt 0.897046 0.789783
vt 0.903973 0.775236
vt 0.907423 0.821169
vt 0.516038 0.239144
vt 0.057025 0.985610
vt 0.957775 0.811766
vt 0.936255 0.931417
vt 0.965378 0.935075
vt 0.962650 0.949527
vt 0.782024 0.054494
vt 0.823038 0.133060
vt 0.973341 0.202282
vt 0.805816 0.037184
vt 0.096546 0.994463
vt 0.369431 0.493717
vt 0.364675 0.510896
vt 0.096694 0.207872
vt 0.349626 0.921843
vt 0.165008 0.247841
vt 0.949599 0.129348
vt 0.937668 0.127689
vt 0.147275 0.614377
vt 0.148218 0.606808
vt 0.315465 0.148817
vt 0.366277 0.871607
vt 0.945856 0.138252
vt 0.961331 0.131678
vt 0.507576 0.020974
vt 0.227401 0.465790
vt 0.094928 0.609467
vt 0.088781 0.622203
vt 0.199895 0.629118
vt 0.975888 0.850737
vt 0.337979 0.455326
vt 0.934477 0.108054
vt 0.370532 0.106333
vt 0.353322 0.112696
vt 0.337155 0.255024
vt 0.328352 0.264926
vt 0.310147 0.249132
vt 0.170335 0.764509
vt 0.228366 0.880884
vt 0.241307 0.889683
vt 0.204685 0.933634
vt 0.207412 0.948560
vt 0.088098 0.569057
vt 0.171798 0.550775
vt 0.177346 0.555628
vt 0.158072 0.579234
vt 0.660658 0.649619
vt 0.273587 0.077997
vt 0.297957 0.329125
vt 0.330022 0.631802
vt 0.796217 0.816016
vt 0.862045 0.362051
vt 0.307392 0.498183
vt 0.321718 0.499392
vt 0.321011 0.516665
vt 0.306783 0.517254
vt 0.196776 0.849153
vt 0.072274 0.279442
vt 0.071715 0.242386
vt 0.059285 0.766952
vt 0.961197 0.856557
vt 0.337153 0.910155
vt 0.340258 0.116917
vt 0.157326 0.211213
vt 0.784799 0.878688
vt 0.005000 0.912008
vt 0.413444 0.897594
vt 0.410835 0.880722
vt 0.083389 0.210596
vt 0.192353 0.672512
vt 0.619449 0.274716
vt 0.604394 0.284379
vt 0.699901 0.384936
vt 0.762623 0.957942
vt 0.883470 0.071884
vt 0.887800 0.074330
vt 0.354077 0.857213
vt 0.631269 0.769751
vt 0.616168 0.194136
vt 0.044007 0.481586
vt 0.013385 0.504835
vt 0.009726 0.477117
vt 0.642751 0.029214
vt 0.248546 0.936125
vt 0.962374 0.122853
vt 0.948142 0.473453
vt 0.515978 0.392781
vt 0.253610 0.894914
vt 0.895775 0.022235
vt 0.261211 0.390649
vt 0.030904 0.824922
vt 0.685385 0.035720
vt 0.599251 0.582649
vt 0.084417 0.765819
vt 0.347312 0.301521
vt 0.145163 0.947232
vt 0.270527 0.596707
vt 0.259995 0.597385
vt 0.241015 0.473787
vt 0.028898 0.896152
vt 0.016705 0.894805
vt 0.032201 0.886886
vt 0.078096 0.652195
vt 0.926403 0.756314
vt 0.910835 0.511058
vt 0.905163 0.514499
vt 0.910568 0.503655
vt 0.814136 0.801003
vt 0.662656 0.021967
vt 0.774735 0.819237
vt 0.172327 0.905886
vt 0.043698 0.091366
vt 0.023524 0.167468
vt 0.029338 0.174286
vt 0.521786 0.463716
vt 0.343358 0.617244
vt 0.336167 0.624335
vt 0.806357 0.067691
vt 0.536807 0.093171
vt 0.033018 0.770779
vt 0.051908 0.715810
vt 0.284529 0.602789
vt 0.300358 0.614987
vt 0.284218 0.608490
vt 0.280957 0.600182
vt 0.122680 0.505351
vt 0.126680 0.502515
vt 0.131558 0.516417
vt 0.124015 0.511913
vt 0.939715 0.273392
vt 0.351004 0.285530
vt 0.167733 0.930707
vt 0.323758 0.796671
vt 0.302341 0.789556
vt 0.356639 0.260512
vt 0.116310 0.019570
vt 0.230209 0.014268
vt 0.257918 0.541218
vt 0.345753 0.700957
vt 0.131497 0.479458
vt 0.130074 0.484262
vt 0.773575 0.731492
vt 0.764337 0.705878
vt 0.796116 0.725601
vt 0.846012 0.363207
vt 0.858910 0.362624
vt 0.135061 0.671475
vt 0.546090 0.384590
vt 0.361581 0.529018
vt 0.929329 0.492691
vt 0.138035 0.487635
vt 0.236501 0.536602
vt 0.533548 0.429623
vt 0.550354 0.398465
vt 0.062189 0.655606
vt 0.969227 0.132017
vt 0.516207 0.022401
vt 0.224774 0.436247
vt 0.360676 0.349104
vt 0.098557 0.111872
vt 0.286468 0.073489
vt 0.344713 0.918025
vt 0.045293 0.678380
vt 0.048034 0.678085
vt 0.888047 0.256375
vt 0.850436 0.424179
vt 0.846565 0.435780
vt 0.163594 0.586731
vt 0.157162 0.594096
vt 0.118289 0.672420
vt 0.639660 0.781436
vt 0.858164 0.105738
vt 0.931492 0.493257
vt 0.343644 0.878031
vt 0.354498 0.883625
vt 0.761628 0.352531
vt 0.323615 0.375123
vt 0.028458 0.043862
vt 0.023523 0.035935
vt 0.233485 0.470988
vt 0.938049 0.595697
vt 0.917402 0.583055
vt 0.930702 0.543246
vt 0.963021 0.115039
vt 0.927113 0.128194
vt 0.455912 0.057299
vt 0.451987 0.065017
vt 0.093627 0.043094
vt 0.326668 0.294947
vt 0.266530 0.172893
vt 0.413791 0.289074
vt 0.642479 0.846018
vt 0.802603 0.667172
vt 0.802500 0.686062
vt 0.568966 0.360630
vt 0.843895 0.769621
vt 0.241492 0.799278
vt 0.129851 0.118813
vt 0.253984 0.950392
vt 0.253469 0.963311
vt 0.320137 0.320477
vt 0.470222 0.335753
vt 0.153497 0.679371
vt 0.882512 0.672532
vt 0.880839 0.663465
vt 0.147703 0.625616
vt 0.472297 0.636554
vt 0.505734 0.421505
vt 0.304120 0.293111
vt 0.300629 0.287920
vt 0.497732 0.219409
vt 0.107160 0.606753
vt 0.789963 0.049877
vt 0.935590 0.757875
vt 0.287755 0.601158
vt 0.283584 0.599445
vt 0.733370 0.565304
vt 0.038698 0.449379
vt 0.054637 0.455564
vt 0.543013 0.637124
vt 0.597488 0.637295
vt 0.814020 0.881479
vt 0.107146 0.719222
vt 0.193480 0.863893
vt 0.881686 0.214366
vt 0.777820 0.983550
vt 0.249636 0.779455
vt 0.240057 0.548360
vt 0.232122 0.553159
vt 0.152639 0.428951
vt 0.159607 0.424817
vt 0.275342 0.607300
vt 0.285242 0.614042
vt 0.078377 0.621239
vt 0.067919 0.617180
vt 0.084605 0.572528
vt 0.774752 0.036897
vt 0.137162 0.462830
vt 0.037710 0.773018
vt 0.056832 0.716474
vt 0.305057 0.553899
vt 0.839303 0.115794
vt 0.835441 0.109081
vt 0.052135 0.776023
vt 0.047238 0.775427
vt 0.065669 0.720629
vt 0.026907 0.707044
vt 0.030862 0.707346
vt 0.009521 0.761384
vt 0.978369 0.384555
vt 0.806410 0.656662
vt 0.534575 0.395869
vt 0.014481 0.244340
vt 0.037179 0.140542
vt 0.015751 0.163706
vt 0.063020 0.467145
vt 0.967050 0.183486
vt 0.904896 0.013451
vt 0.516790 0.458428
vt 0.350886 0.866035
vt 0.863764 0.236613
vt 0.686426 0.659270
vt 0.625043 0.626228
vt 0.506316 0.387336
vt 0.882190 0.066252
vt 0.883542 0.068599
vt 0.269131 0.824465
vt 0.284557 0.820017
vt 0.288915 0.829016
vt 0.270601 0.833546
vt 0.331096 0.621936
vt 0.578619 0.224024
vt 0.443087 0.237525
vt 0.458883 0.225728
vt 0.196865 0.426204
vt 0.190680 0.426592
vt 0.079595 0.633445
vt 0.745364 0.825199
vt 0.711363 0.830514
vt 0.376177 0.940350
vt 0.768873 0.985905
vt 0.139344 0.146196
vt 0.850044 0.738907
vt 0.469735 0.104178
vt 0.029946 0.184682
vt 0.183465 0.855264
vt 0.265656 0.704731
vt 0.678656 0.016276
vt 0.842789 0.301244
vt 0.341749 0.912426
vt 0.516009 0.113934
vt 0.519099 0.111677
vt 0.958156 0.272654
vt 0.327635 0.954775
vt 0.203204 0.129586
vt 0.209751 0.903822
vt 0.107220 0.476256
vt 0.109269 0.487732
vt 0.101741 0.489480
vt 0.096066 0.471945
vt 0.875431 0.849778
vt 0.872614 0.858835
vt 0.992334 0.400856
vt 0.961639 0.964115
vt 0.293044 0.496384
vt 0.146510 0.594101
vt 0.930411 0.125492
vt 0.967450 0.857441
vt 0.963034 0.272851
vt 0.627959 0.640809
vt 0.105292 0.495890
vt 0.037950 0.675252
vt 0.023199 0.837522
vt 0.115963 0.498491
vt 0.101019 0.505224
vt 0.609936 0.382049
vt 0.042254 0.773959
vt 0.061032 0.718960
vt 0.117028 0.504422
vt 0.684099 0.834113
vt 0.435686 0.866061
vt 0.418607 0.852266
vt 0.327528 0.272651
vt 0.069680 0.211047
vt 0.415271 0.902503
vt 0.184235 0.865518
vt 0.095515 0.032573
vt 0.115727 0.649931
vt 0.454812 0.044846
vt 0.276693 0.560347
vt 0.262735 0.563194
vt 0.312521 0.856928
vt 0.952711 0.474741
vt 0.209354 0.920563
vt 0.376059 0.696517
vt 0.402812 0.858428
vt 0.389478 0.839655
vt 0.958456 0.979573
vt 0.955495 0.995000
vt 0.854638 0.459426
vt 0.089066 0.292647
vt 0.253655 0.705211
vt 0.217117 0.283563
vt 0.930982 0.127583
vt 0.935312 0.132583
vt 0.707354 0.670859
vt 0.619921 0.640429
vt 0.879546 0.461586
vt 0.073439 0.630836
vt 0.033273 0.854098
vt 0.824496 0.770686
vt 0.324771 0.117845
vt 0.338352 0.589937
vt 0.808521 0.512872
vt 0.111692 0.507227
vt 0.629346 0.405271
vt 0.867754 0.742515
vt 0.860994 0.742265
vt 0.138091 0.690684
vt 0.317247 0.842363
vt 0.014148 0.539528
vt 0.627563 0.349378
vt 0.781562 0.448303
vt 0.912244 0.035385
vt 0.090549 0.057963
vt 0.859201 0.736699
vt 0.589809 0.302996
vt 0.574628 0.342113
vt 0.366124 0.889550
vt 0.380210 0.917650
vt 0.127705 0.487288
vt 0.899686 0.700038
vt 0.345594 0.821822
vt 0.376977 0.818124
vt 0.365360 0.831774
vt 0.753641 0.537910
vt 0.205480 0.619877
vt 0.338654 0.614908
vt 0.274084 0.653343
vt 0.264321 0.660704
vt 0.256673 0.650005
vt 0.261302 0.642405
vt 0.246320 0.600712
vt 0.145907 0.429037
vt 0.100078 0.534431
vt 0.194200 0.625140
vt 0.337077 0.645480
vt 0.322609 0.871258
vt 0.338267 0.847941
vt 0.332221 0.859567
vt 0.111841 0.610395
vt 0.108601 0.522891
vt 0.306776 0.822136
vt 0.291144 0.602385
vt 0.080605 0.467166
vt 0.310457 0.809470
vt 0.317026 0.820330
vt 0.245950 0.644957
vt 0.199124 0.746066
vt 0.212662 0.965430
vt 0.195864 0.950495
vt 0.841123 0.448758
vt 0.229979 0.641940
vt 0.249199 0.663744
vt 0.416519 0.886075
vt 0.236794 0.943806
vt 0.183138 0.870235
vt 0.226908 0.974967
vt 0.338492 0.914425
vt 0.275202 0.659252
vt 0.800941 0.522496
vt 0.577165 0.048463
vt 0.920109 0.026552
vt 0.929233 0.025262
vt 0.261276 0.669917
vt 0.302562 0.601697
vt 0.892187 0.085787
vt 0.323803 0.811837
vt 0.334818 0.815724
vt 0.275410 0.816693
vt 0.124223 0.475249
vt 0.251821 0.805203
vt 0.257272 0.798714
vt 0.175032 0.727885
vt 0.242308 0.951236
vt 0.268593 0.603486
vt 0.207399 0.846645
vt 0.861004 0.269993
vt 0.840654 0.269993
vt 0.840654 0.261705
vt 0.329236 0.824551
vt 0.251723 0.616038
vt 0.988446 0.108421
vt 0.259495 0.607243
vt 0.647174 0.012073
vt 0.637763 0.005317
vt 0.651225 0.005000
vt 0.251113 0.637066
vt 0.117736 0.509375
vt 0.113560 0.483039
vt 0.193627 0.931166
vt 0.200333 0.942414
vt 0.205241 0.840676
vt 0.293724 0.603939
vt 0.332912 0.801824
vt 0.220656 0.610417
vt 0.193033 0.916877
vt 0.192141 0.755587
vt 0.225916 0.822960
vt 0.810353 0.396103
vt 0.995000 0.328225
vt 0.785852 0.018363
s 1
f 1/1/1 2/2/2 3/3/3
f 3/3/3 4/4/4 1/1/1
f 5/5/5 6/6/6 7/7/7
f 7/7/8 8/8/9 5/5/10
f 9/9/11 10/10/12 11/11/13
f 11/11/13 12/12/14 9/9/11
f 13/13/15 14/14/16 15/15/17
f 15/15/17 16/16/18 13/13/15
s 0
f 17/17/19 18/18/19 19/19/19
f 19/19/19 20/20/19 17/17/19
s 1
f 21/21/20 22/22/21 23/23/22
f 23/23/22 24/24/23 21/21/20
f 25/25/24 26/26/25 27/27/26
f 27/27/26 28/28/27 25/25/24
f 29/29/28 30/30/29 31/31/30
f 31/31/30 32/32/31 29/29/28
f 33/33/32 34/34/33 35/35/34
f 35/35/35 36/36/36 33/33/37
s 0
f 37/37/38 38/38/38 39/39/38
f 39/39/38 40/40/38 37/37/38
s 1
f 41/41/39 42/42/40 43/43/41
f 43/43/41 44/44/42 41/41/39
f 45/45/43 46/46/44 47/47/45
f 47/47/45 48/48/46 45/45/43
s 0
f 49/49/47 50/50/47 51/51/47
s 1
f 51/51/48 52/52/49 49/49/50
f 53/53/51 54/54/52 55/55/53
f 55/55/53 56/56/54 53/53/51
f 57/57/55 58/58/56 59/59/57
f 59/59/57 60/60/55 57/57/55
f 61/61/58 62/62/59 63/63/60
f 63/63/60 64/64/61 61/61/58
f 65/65/62 66/66/63 67/67/64
f 67/67/64 68/68/65 65/65/62
f 69/69/66 70/70/67 71/71/68
f 71/71/68 72/72/69 69/69/66
f 73/73/70 74/74/71 75/75/72
f 75/75/72 76/76/72 73/73/70
f 77/77/73 78/78/74 79/79/75
f 79/79/75 80/80/76 77/77/73
f 81/81/77 82/82/78 83/83/79
f 83/83/79 84/84/80 81/81/77
f 85/85/81 86/86/82 87/87/83
f 87/87/84 88/88/85 85/85/81
f 89/89/86 90/90/87 91/91/88
f 91/91/88 92/92/86 89/89/86
f 93/93/89 94/94/90 95/95/91
f 95/95/91 96/96/92 93/93/89
f 97/97/93 98/98/94 99/99/95
f 99/99/95 100/100/96 97/97/93
f 101/101/97 102/102/98 103/103/99
f 103/103/99 2532/104/100 101/101/97
f 104/105/101 105/106/102 106/107/103
f 106/107/103 107/108/104 104/105/101
f 108/109/105 109/110/106 110/111/107
f 110/111/108 111/112/109 108/109/105
f 112/113/110 113/114/111 114/115/112
f 114/115/112 115/116/113 112/113/110
f 116/117/114 117/118/115 118/119/116
f 118/119/116 119/120/117 116/117/114
f 120/121/118 121/122/119 122/123/120
f 122/123/120 123/124/121 120/121/118
f 124/125/122 125/126/123 126/127/124
f 126/127/124 127/128/125 124/125/122
f 128/129/126 129/130/127 130/131/128
f 130/131/128 131/132/129 128/129/126
f 132/133/130 133/134/131 134/135/132
f 134/135/132 135/136/133 132/133/130
f 136/137/134 137/138/135 138/139/136
f 138/139/136 139/140/137 136/137/134
f 140/141/138 141/142/139 142/143/140
f 142/143/140 143/144/141 140/141/138
f 144/145/142 145/146/143 146/147/144
s 0
f 146/147/145 86/86/145 144/145/145
s 1
f 147/148/146 148/149/147 149/150/148
f 149/150/148 150/151/149 147/148/146
f 151/152/150 152/153/151 153/154/152
f 153/154/152 154/155/153 151/152/150
s 0
f 155/156/154 156/157/154 157/158/154
f 157/158/154 158/159/154 155/156/154
f 159/160/155 160/161/155 161/162/155
f 161/162/156 162/163/156 159/160/156
s 1
f 163/164/157 127/128/158 164/165/159
f 164/165/159 165/166/160 163/164/157
f 166/167/161 167/168/161 168/169/162
f 168/169/163 169/170/163 166/167/163
f 170/171/164 171/172/165 172/173/166
f 172/173/166 173/174/167 170/171/164
f 174/175/168 175/176/169 176/177/170
f 176/177/170 177/178/171 174/175/168
f 178/179/172 9/9/11 12/12/14
f 12/12/14 179/180/173 178/179/172
s 0
f 180/181/174 181/182/174 182/183/174
s 1
f 182/183/175 183/184/176 180/181/177
f 184/185/178 185/186/179 186/187/180
f 186/187/180 187/188/181 184/185/178
f 188/189/182 189/190/183 190/191/184
f 190/191/184 191/192/185 188/189/182
f 192/193/186 193/194/187 194/195/188
f 194/195/188 195/196/189 192/193/186
f 196/197/190 197/198/191 152/153/192
f 152/153/192 151/152/193 196/197/190
f 198/199/194 199/200/195 200/201/196
f 200/201/196 201/202/197 198/199/194
f 26/26/25 202/203/198 203/204/199
f 203/204/199 27/27/26 26/26/25
f 204/205/200 205/206/201 36/207/202
f 36/207/202 206/208/203 204/205/200
f 207/209/204 208/210/205 209/211/206
f 209/211/206 210/212/207 207/209/204
f 211/213/208 212/214/209 213/215/210
f 213/215/210 214/216/211 211/213/208
f 215/217/212 147/148/146 150/151/149
f 150/151/213 216/218/214 215/217/215
f 217/219/216 218/220/217 219/221/218
f 219/221/218 220/222/219 217/219/216
f 221/223/220 222/224/221 223/225/222
f 223/225/222 224/226/223 221/223/220
f 225/227/224 226/228/225 17/17/226
f 17/17/226 227/229/227 225/227/224
f 228/230/228 229/231/229 230/232/230
f 230/232/230 231/233/231 228/230/228
f 232/234/232 233/235/233 234/236/234
f 234/236/234 235/237/235 232/234/232
f 236/238/236 237/239/237 238/240/238
f 238/240/238 239/241/239 236/238/236
f 240/242/240 241/243/241 242/244/242
f 242/244/242 243/245/243 240/242/240
f 244/246/244 245/247/245 246/248/246
f 246/248/246 247/249/247 244/246/244
f 248/250/248 249/251/249 250/252/250
f 250/252/250 251/253/251 248/250/248
f 252/254/252 253/255/252 254/256/253
f 254/256/253 255/257/254 252/254/252
f 256/258/255 257/259/256 258/260/257
f 258/260/257 259/261/258 256/258/255
f 260/262/259 261/263/260 262/264/261
f 262/264/261 263/265/262 260/262/259
f 264/266/263 265/267/264 266/268/265
f 266/268/265 267/269/266 264/266/263
f 268/270/267 269/271/268 270/272/269
f 270/272/269 271/273/270 268/270/267
f 272/274/271 273/275/271 274/276/271
f 274/276/272 275/277/272 272/274/272
f 276/278/273 277/279/274 278/280/275
f 278/280/275 279/281/276 276/278/273
f 280/282/277 281/283/278 282/284/279
f 282/284/279 283/285/280 280/282/277
f 284/286/281 285/287/282 286/288/283
f 286/288/283 287/289/284 284/286/281
f 288/290/285 289/291/286 223/225/287
f 223/225/287 290/292/288 288/290/285
f 291/293/289 292/294/290 293/295/291
f 293/295/291 294/296/292 291/293/289
f 30/30/293 295/297/294 296/298/295
f 296/298/295 31/31/296 30/30/293
f 297/299/297 298/300/298 299/301/299
f 299/301/299 300/302/300 297/299/297
f 301/303/301 302/304/301 303/305/302
f 303/305/302 304/306/302 301/303/301
f 305/307/303 306/308/304 307/309/305
s 0
f 307/309/306 308/310/306 305/307/306
s 1
f 309/311/307 310/312/308 311/313/309
s 0
f 311/313/310 312/314/310 309/311/310
s 1
f 313/315/311 111/112/109 314/316/312
f 314/316/312 315/317/313 313/315/311
f 316/318/314 317/319/315 318/320/316
f 318/320/316 319/321/317 316/318/314
f 320/322/318 321/323/319 322/324/320
f 322/324/320 323/325/321 320/322/318
f 324/326/322 325/327/323 326/328/324
f 326/328/324 327/329/325 324/326/322
f 328/330/326 329/331/327 330/332/328
f 330/332/328 331/333/329 328/330/326
f 332/334/330 333/335/331 334/336/332
f 334/336/332 335/337/333 332/334/330
f 336/338/334 337/339/335 338/340/336
s 0
f 338/340/337 339/341/337 336/338/337
f 279/281/38 278/280/38 340/342/38
f 340/342/38 341/343/38 279/281/38
s 1
f 342/344/338 343/345/339 344/346/340
f 344/346/340 345/347/341 342/344/338
f 346/348/342 347/349/343 348/350/344
f 348/351/344 349/352/345 346/353/342
f 350/354/346 351/355/347 352/356/348
f 352/356/348 353/357/349 350/354/346
f 354/358/350 355/359/351 93/93/89
f 93/93/89 96/96/92 354/358/350
f 356/360/352 357/361/353 358/362/354
f 358/362/354 359/363/355 356/360/352
f 360/364/356 361/365/357 1409/366/358
f 1409/366/358 362/367/359 360/364/356
s 0
f 363/368/360 364/369/360 365/370/360
s 1
f 365/370/361 366/371/362 363/368/363
s 0
f 367/372/38 368/373/38 369/374/38
f 369/374/38 370/375/38 367/372/38
f 371/376/364 372/377/364 373/378/364
f 373/378/365 374/379/365 371/376/365
s 1
f 375/380/366 376/381/367 377/382/368
f 377/382/368 378/383/369 375/380/370
f 379/384/371 380/385/372 381/386/373
f 381/386/373 382/387/374 379/384/371
f 383/388/375 384/389/376 385/390/377
f 385/390/377 386/391/377 383/388/375
f 387/392/378 388/393/379 389/394/380
f 389/394/380 390/395/381 387/392/378
f 391/396/382 392/397/383 393/398/384
f 393/398/384 394/399/385 391/396/382
f 350/400/386 353/401/387 395/402/388
f 395/402/388 396/403/389 350/400/386
f 397/404/390 198/405/391 201/406/392
f 201/406/392 398/407/393 397/404/390
f 399/408/394 400/409/395 401/410/396
f 401/410/397 125/126/398 399/408/394
f 402/411/399 403/412/400 404/413/401
f 404/413/401 405/414/402 402/411/399
f 406/415/403 407/416/404 408/417/405
f 408/417/405 409/418/406 406/415/403
f 410/419/407 49/49/50 52/52/49
f 52/52/49 411/420/407 410/419/407
f 412/421/408 413/422/409 236/238/410
f 236/238/410 414/423/411 412/421/408
f 415/424/412 416/425/413 354/358/414
f 354/358/414 417/426/415 415/424/412
f 418/427/416 419/428/417 420/429/418
f 420/430/418 421/431/419 418/432/416
f 129/130/420 422/433/421 423/434/422
f 423/434/422 130/131/423 129/130/420
f 424/435/424 425/436/425 426/437/426
f 426/438/426 427/439/427 424/440/424
f 428/441/428 429/442/429 430/443/430
f 430/443/430 431/444/431 428/441/428
f 432/445/432 433/446/433 434/447/434
f 434/448/434 435/449/435 432/450/432
f 436/451/436 437/452/437 438/453/438
f 438/453/438 439/454/439 436/451/436
f 416/425/413 440/455/440 355/359/351
f 355/359/351 354/358/350 416/425/413
f 441/456/441 442/457/442 443/458/443
f 443/458/443 444/459/444 441/456/441
f 445/460/445 446/461/446 447/462/447
f 447/462/447 448/463/448 445/460/445
f 449/464/449 450/465/450 451/466/450
f 451/466/451 452/467/452 449/464/453
s 0
f 453/468/454 454/469/454 455/470/454
f 455/470/454 456/471/454 453/468/454
s 1
f 457/472/455 458/473/456 459/474/457
f 459/474/457 460/475/458 457/472/455
f 461/476/459 462/477/460 463/478/461
f 463/478/461 464/479/462 461/476/459
f 20/480/463 19/481/464 465/482/465
f 465/482/465 466/483/466 20/480/463
s 0
f 467/484/467 468/485/467 469/486/467
f 469/487/468 470/488/468 467/489/468
s 1
f 471/490/469 472/491/470 473/492/471
f 473/492/471 474/493/472 471/490/469
f 475/494/473 476/495/474 268/496/475
s 0
f 268/496/476 477/497/476 475/494/476
s 1
f 478/498/477 479/499/478 480/500/479
f 480/500/479 481/501/480 478/498/477
f 482/502/481 483/503/482 484/504/483
f 484/504/483 160/161/484 482/502/481
s 0
f 485/505/454 486/506/454 487/507/454
f 487/507/454 488/508/454 485/505/454
s 1
f 489/509/485 142/143/486 490/510/487
f 490/510/487 491/511/488 489/509/485
f 287/289/489 492/512/490 271/273/491
f 271/273/491 493/513/492 287/289/489
f 494/514/493 262/264/494 495/515/495
f 495/515/495 496/516/496 494/514/493
f 497/517/497 498/518/498 499/519/499
f 499/519/499 500/520/500 497/517/497
f 501/521/501 301/303/301 304/306/302
f 304/306/302 502/522/302 501/521/501
f 503/523/502 504/524/503 505/525/504
f 505/525/504 506/526/505 503/523/502
f 507/527/506 508/528/507 509/529/508
f 509/529/508 510/530/509 507/527/506
f 511/531/510 512/532/511 513/533/512
f 513/533/512 514/534/513 511/531/510
f 255/257/254 254/256/253 515/535/514
f 515/535/515 516/536/516 255/257/517
f 341/343/518 340/342/519 517/537/520
f 517/537/520 518/538/521 341/343/518
f 519/539/522 520/540/523 521/541/524
s 0
f 521/541/525 522/542/525 519/539/525
s 1
f 523/543/526 524/544/527 525/545/528
f 525/545/528 526/546/529 523/543/526
f 527/547/530 528/548/531 529/549/532
f 529/549/532 530/550/533 527/547/530
f 531/551/534 260/552/535 361/365/357
f 361/365/357 360/364/356 531/551/534
f 532/553/536 533/554/537 534/555/538
f 534/555/538 535/556/539 532/553/536
s 0
f 536/557/540 537/558/540 538/559/540
f 538/559/541 539/560/541 536/557/541
s 1
f 540/561/542 541/562/543 542/563/544
f 542/563/544 543/564/545 540/561/542
f 544/565/546 545/566/547 546/567/548
f 546/567/548 547/568/549 544/565/546
s 0
f 548/569/550 166/167/550 169/170/550
f 169/570/551 549/571/551 548/572/551
s 1
f 550/573/552 551/574/553 174/175/554
f 174/175/554 552/575/555 550/573/552
f 553/576/556 554/577/557 435/449/558
f 435/449/558 555/578/559 553/576/556
f 556/579/560 557/580/561 558/581/562
f 558/581/562 559/582/563 556/579/560
s 0
f 123/124/564 560/583/564 561/584/564
f 561/584/565 120/121/565 123/124/565
s 1
f 562/585/566 563/586/567 564/587/568
f 564/587/569 253/255/570 562/585/571
f 565/588/572 566/589/573 567/590/574
f 567/590/575 568/591/576 565/588/572
f 54/54/577 569/592/578 570/593/579
f 570/593/580 55/55/581 54/54/582
f 571/594/583 572/595/584 573/596/585
f 573/596/585 574/597/586 571/594/583
f 575/598/587 576/599/588 577/600/589
f 577/600/589 578/601/590 575/598/587
f 579/602/591 548/572/592 549/571/593
f 549/571/593 580/603/594 579/602/591
f 581/604/595 582/605/596 583/606/597
f 583/606/597 584/607/598 581/604/595
s 0
f 502/522/599 304/306/599 585/608/599
f 585/608/599 586/609/599 502/522/599
f 587/610/600 588/611/600 589/612/600
f 589/612/601 590/613/601 587/610/601
s 1
f 591/614/602 592/615/602 593/616/602
f 593/616/603 594/617/604 591/614/605
f 595/618/606 315/317/607 596/619/608
f 596/619/608 597/620/609 595/618/606
f 598/621/610 599/622/611 600/623/612
f 600/624/612 601/625/613 598/626/610
f 602/627/614 603/628/615 604/629/616
f 604/629/616 605/630/617 602/627/614
f 606/631/618 607/632/619 608/633/620
f 608/633/620 609/634/621 606/631/618
f 610/635/622 611/636/623 612/637/624
f 612/637/624 613/638/625 610/635/622
f 532/553/626 535/556/627 611/636/628
f 611/636/628 610/635/629 532/553/626
f 614/639/630 615/640/631 616/641/632
f 616/641/632 617/642/633 614/639/630
f 618/643/634 619/644/635 620/645/636
f 620/645/636 621/646/637 618/643/634
f 519/539/638 522/542/639 622/647/640
f 622/647/640 623/648/641 519/539/638
f 624/649/642 170/171/643 173/174/644
f 173/174/644 625/650/645 624/649/642
f 626/651/646 627/652/647 490/510/648
f 490/510/648 628/653/649 626/651/646
f 629/654/650 630/655/651 631/656/652
f 631/656/652 632/657/653 629/654/650
f 633/658/654 634/659/655 635/660/656
f 635/660/656 636/661/657 633/658/654
f 637/662/658 638/663/659 639/664/660
f 639/664/660 640/665/661 637/662/658
f 641/666/662 642/667/663 643/668/664
f 643/668/664 407/416/665 641/666/662
f 644/669/666 645/670/667 646/671/668
s 0
f 646/671/669 647/672/669 644/669/669
s 1
f 648/673/55 649/674/670 650/675/671
f 650/675/672 651/676/673 648/673/674
s 0
f 652/677/38 37/37/38 40/40/38
f 40/40/38 653/678/38 652/677/38
f 654/679/675 655/680/675 656/681/675
s 1
f 656/681/676 657/682/677 654/679/678
f 658/683/679 659/684/680 660/685/680
f 660/685/680 545/566/681 658/683/679
f 347/349/682 661/686/682 662/687/683
f 662/687/684 348/350/344 347/349/685
f 5/5/686 617/642/687 663/688/688
s 0
f 663/688/689 6/6/689 5/5/689
s 1
f 664/689/690 665/690/691 666/691/692
f 666/691/692 667/692/693 664/689/690
f 425/436/694 668/693/695 669/694/696
f 669/694/696 670/695/697 425/436/694
f 671/696/698 672/697/699 673/698/700
f 673/698/700 674/699/701 671/696/698
f 351/355/702 675/700/703 676/701/704
f 676/701/704 352/356/705 351/355/702
s 0
f 308/310/706 677/702/706 678/703/706
s 1
f 678/703/707 679/704/708 308/310/709
f 680/705/710 430/443/711 681/706/712
f 681/706/712 682/707/713 680/705/710
f 683/708/714 684/709/715 685/710/716
f 685/710/716 686/711/717 683/708/714
f 687/712/718 688/713/719 689/714/720
f 689/714/720 619/715/55 687/712/718
f 619/644/635 690/716/721 691/717/722
f 691/717/722 620/645/636 619/644/635
f 322/324/723 692/718/723 301/303/301
f 301/303/301 501/521/501 322/324/723
f 693/719/724 694/720/725 695/721/726
f 695/721/727 696/722/727 693/719/728
f 697/723/729 698/724/730 699/725/731
f 699/725/731 700/726/732 697/723/729
f 701/727/733 702/728/734 703/729/735
f 703/729/735 462/477/736 701/727/733
f 704/730/737 432/450/432 435/449/435
f 435/449/435 554/577/738 704/730/737
f 705/731/739 706/732/740 707/733/741
f 707/733/741 708/734/742 705/731/739
f 709/735/743 710/736/744 711/737/745
f 711/737/745 712/738/746 709/735/743
f 713/739/747 714/740/748 715/741/749
f 715/741/750 716/742/751 713/739/752
f 717/743/753 718/744/754 719/745/755
f 719/745/755 720/746/756 717/743/753
f 665/690/691 721/747/757 722/748/758
f 722/748/758 666/691/692 665/690/691
f 84/84/759 83/83/760 723/749/761
f 723/749/761 724/750/762 84/84/759
f 725/751/763 726/752/763 727/753/764
f 727/753/764 728/754/765 725/751/766
f 729/755/767 244/246/244 730/756/768
f 730/756/768 731/757/769 729/755/767
f 227/229/227 17/17/226 20/20/770
f 20/20/770 732/758/771 227/229/227
f 733/759/772 734/760/773 82/82/774
f 82/82/774 735/761/775 733/759/772
f 736/762/776 737/763/777 738/764/778
f 738/764/778 191/765/779 736/762/776
f 739/766/780 740/767/781 649/768/782
f 649/768/783 741/769/784 739/766/785
s 0
f 48/48/786 47/47/786 742/770/786
f 742/770/787 743/771/787 48/48/787
s 1
f 744/772/788 745/773/789 746/774/790
f 746/774/790 747/775/791 744/772/788
f 296/298/792 66/66/63 65/65/62
f 65/65/62 265/267/793 296/298/792
f 748/776/794 749/777/795 750/778/796
f 750/778/796 751/779/797 748/776/794
s 0
f 752/780/798 753/781/798 754/782/798
f 754/782/799 755/783/799 752/780/799
f 756/784/800 757/785/800 758/786/800
f 758/786/800 759/787/800 756/784/800
s 1
f 760/788/801 761/789/802 762/790/803
f 762/790/803 763/791/804 760/788/801
f 764/792/805 597/620/806 765/793/807
f 765/793/807 766/794/808 764/792/805
f 767/795/809 768/796/810 769/797/811
f 769/797/811 770/798/812 767/795/809
f 771/799/813 772/800/814 773/801/815
f 773/801/816 774/802/817 771/799/813
f 775/803/818 776/804/819 777/805/820
f 777/805/820 778/806/821 775/803/818
f 643/668/822 779/807/823 780/808/824
f 780/808/825 781/809/826 643/668/827
f 782/810/828 783/811/829 784/812/830
f 784/812/830 785/813/831 782/810/828
f 786/814/832 787/815/833 788/816/834
f 788/816/835 789/817/836 786/814/837
f 790/818/838 791/819/839 792/820/840
f 792/820/841 793/821/842 790/818/383
f 794/822/843 795/823/844 205/206/201
f 205/206/201 796/824/845 794/822/843
f 484/504/846 797/825/847 648/826/848
f 648/826/848 798/827/155 484/504/846
s 0
f 799/828/849 800/829/849 801/830/849
f 801/830/849 802/831/849 799/828/849
s 1
f 803/832/850 804/833/851 805/834/852
f 805/834/852 806/835/853 803/832/850
s 0
f 807/836/854 808/837/854 809/838/854
f 809/838/798 810/839/798 807/836/798
s 1
f 811/840/855 812/841/856 813/842/857
f 813/842/857 110/111/858 811/840/855
f 814/843/859 815/844/860 816/845/861
f 816/845/861 817/846/862 814/843/859
f 226/228/863 818/847/864 18/18/865
f 18/18/865 17/17/866 226/228/863
f 534/555/867 819/848/868 820/849/869
f 820/849/869 821/850/870 534/555/867
f 822/851/871 823/852/872 824/853/873
f 824/854/873 825/855/874 822/856/871
f 826/857/875 489/509/876 827/858/877
f 827/858/877 828/859/878 826/857/875
f 829/860/879 830/861/880 831/862/881
f 831/862/881 832/863/882 829/860/879
f 833/864/883 744/772/884 834/865/885
f 834/865/885 835/866/886 833/864/883
f 294/296/292 293/295/291 836/867/887
f 836/867/887 837/868/888 294/296/292
f 256/258/255 838/869/889 839/870/890
f 839/870/890 257/259/256 256/258/255
f 85/85/891 840/871/892 841/872/893
f 841/872/893 86/86/894 85/85/891
f 842/873/895 843/874/896 844/875/897
f 844/875/897 845/876/898 842/873/895
f 846/877/899 847/878/900 848/879/901
f 848/879/901 849/880/902 846/877/899
f 850/881/903 851/882/904 852/883/905
f 852/883/905 853/884/903 850/881/903
f 651/676/906 650/675/907 854/885/908
f 854/885/908 855/886/909 651/676/906
f 856/887/910 857/888/911 858/889/912
f 858/889/912 859/890/913 856/887/910
f 860/891/914 861/892/915 862/893/916
f 862/893/916 863/894/917 860/891/914
f 864/895/918 865/896/919 440/455/440
f 440/455/440 416/425/413 864/895/918
f 4/4/4 3/3/3 866/897/920
f 866/897/921 867/898/922 4/4/4
f 868/899/923 869/900/924 870/901/925
f 870/901/925 871/902/926 868/899/923
f 116/117/114 872/903/927 873/904/928
f 873/904/928 117/118/115 116/117/114
f 874/905/929 875/906/930 876/907/931
f 876/907/931 877/908/932 874/905/929
s 0
f 878/909/933 879/910/933 880/911/933
f 880/911/933 881/912/933 878/909/933
s 1
f 882/913/934 883/914/935 884/915/936
f 884/915/936 885/916/937 882/913/934
f 886/917/938 887/918/938 888/919/939
f 888/919/939 889/920/940 886/917/938
f 362/367/359 1409/366/358 427/439/941
f 427/439/941 890/921/942 362/367/359
f 891/922/943 371/376/944 374/379/945
f 374/379/945 892/923/946 891/922/943
s 0
f 893/924/947 894/925/947 895/926/947
f 895/926/948 896/927/948 893/924/948
s 1
f 897/928/949 239/241/950 898/929/951
f 898/929/951 899/930/951 897/928/949
f 665/690/952 900/931/953 901/932/954
f 901/932/954 721/747/955 665/690/952
f 902/933/956 336/338/957 339/341/958
f 339/341/958 903/934/959 902/933/956
s 0
f 904/935/252 562/585/252 253/255/252
f 253/255/252 252/254/252 904/935/252
s 1
f 905/936/960 594/937/961 906/938/962
f 906/938/962 907/939/963 905/936/960
f 243/940/243 242/941/242 908/942/964
f 908/942/964 909/943/965 243/940/243
f 910/944/966 911/945/967 912/946/968
f 912/946/968 913/947/969 910/944/966
f 515/535/970 914/948/971 915/949/972
f 915/949/972 916/950/973 515/535/970
f 917/951/974 918/952/975 919/953/976
f 919/953/976 920/954/977 917/951/974
f 921/955/978 379/956/979 382/957/980
f 382/957/980 922/958/981 921/955/978
f 830/861/982 923/959/983 924/960/984
f 924/960/984 831/862/985 830/861/982
f 925/961/986 444/962/987 926/963/988
f 926/963/988 927/964/989 925/961/986
s 0
f 504/524/990 928/965/990 929/966/990
f 929/966/990 505/525/990 504/524/990
s 1
f 930/967/991 931/968/992 932/969/993
f 932/969/993 933/970/994 930/967/991
f 934/971/995 935/972/996 557/580/997
f 557/580/997 556/579/998 934/971/995
s 0
f 936/973/999 855/886/999 854/885/999
f 854/885/999 937/974/999 936/973/999
s 1
f 938/975/1000 939/976/1001 598/977/1002
f 598/977/1002 940/978/1003 938/975/1000
f 559/582/1004 558/581/1005 941/979/1006
f 941/979/1006 942/980/1007 559/582/1004
f 926/981/1008 943/982/69 944/983/1009
f 944/983/1009 208/984/1010 926/981/1008
s 0
f 945/985/1011 946/986/1011 947/987/1011
f 947/987/1011 948/988/1011 945/985/1011
s 1
f 241/243/241 949/989/1012 950/990/1013
f 950/990/1013 242/244/242 241/243/241
s 0
f 951/991/1014 952/992/1014 953/993/1014
f 953/993/1014 954/994/1014 951/991/1014
s 1
f 955/995/1015 956/996/1016 957/997/1017
f 957/997/1017 958/998/1018 955/995/1015
f 959/999/1019 960/1000/1020 961/1001/1021
f 961/1001/1021 962/1002/1022 959/999/1019
f 464/479/462 463/478/461 2320/1003/1023
f 2320/1003/1023 963/1004/1024 464/479/462
f 964/1005/1025 965/1006/1026 229/231/1027
f 229/231/1027 966/1007/1028 964/1005/1025
f 967/1008/1029 882/913/1030 885/916/1031
f 885/916/1031 968/1009/1032 967/1008/1029
f 969/1010/1033 970/1011/1034 971/1012/1035
f 971/1012/1035 972/1013/1036 969/1010/1033
s 0
f 973/1014/1037 974/1015/1037 975/1016/1037
f 975/1016/1038 976/1017/1038 973/1014/1038
s 1
f 923/959/983 977/1018/1039 978/1019/1040
f 978/1019/1040 924/960/984 923/959/983
f 979/1020/1041 980/1021/1042 981/1022/1043
f 981/1022/1043 982/1023/1044 979/1020/1045
f 639/664/1046 638/663/1047 983/1024/1047
f 983/1024/1047 984/1025/1047 639/664/1046
s 0
f 985/1026/1048 884/915/1048 986/1027/1048
s 1
f 986/1027/1049 987/1028/1050 985/1026/1051
s 0
f 677/702/1052 988/1029/1052 989/1030/1052
f 989/1030/1052 678/703/1052 677/702/1052
s 1
f 990/1031/1053 991/1032/1054 960/1000/1020
f 960/1000/1020 959/999/1019 990/1031/1053
f 780/808/1055 992/1033/1056 993/1034/1057
f 993/1034/1057 994/1035/1058 780/808/1055
f 995/1036/1059 996/1037/1060 997/1038/1061
f 997/1038/1061 998/1039/1062 995/1036/1059
s 0
f 999/1040/1063 157/158/1063 1000/1041/1063
f 1000/1041/1063 1001/1042/1063 999/1040/1063
s 1
f 1002/1043/1064 745/773/1065 744/772/884
f 744/772/884 833/864/883 1002/1043/1064
f 343/345/1066 1003/1044/1067 1004/1045/1068
f 1004/1045/1068 2/2/1069 343/345/1066
f 1005/1046/1070 530/1047/1071 1006/1048/1072
f 1006/1048/1072 1007/1049/1073 1005/1046/1070
f 95/1050/1074 94/1051/1075 386/391/1076
f 386/391/1076 1008/1052/1077 95/1050/1074
s 0
f 567/590/1078 566/589/1078 1009/1053/1078
f 1009/1053/1078 1010/1054/1078 567/590/1078
s 1
f 32/32/1079 31/31/1080 264/266/263
f 264/266/263 234/236/1081 32/32/1079
f 1011/1055/1082 1012/1056/1083 1013/1057/1084
f 1013/1057/1084 1014/1058/1085 1011/1055/1082
f 632/657/1086 631/656/1087 1015/1059/1088
f 1015/1059/1088 1016/1060/1089 632/657/1086
f 1017/1061/1090 1018/1062/1091 171/172/165
f 171/172/165 170/171/164 1017/1061/1090
f 1019/1063/1092 1020/1064/1093 1021/1065/1094
f 1021/1065/1094 1022/1066/1095 1019/1063/1092
f 273/275/1096 1023/1067/1097 1024/1068/1098
f 1024/1068/1098 274/276/1099 273/275/1096
f 991/1032/1100 1025/1069/1101 764/792/1102
f 764/792/1102 1026/1070/1103 991/1032/1100
f 1027/1071/1104 1028/1072/1105 1029/1073/1106
f 1029/1073/1106 1030/1074/1107 1027/1071/1104
s 0
f 1031/1075/1108 1032/1076/1108 1033/1077/1108
s 1
f 1033/1077/1109 1034/1078/1110 1031/1075/1111
f 1035/1079/1112 774/802/1113 1036/1080/1114
f 1036/1080/1114 946/986/1115 1035/1079/1112
f 1037/1081/1116 132/133/1117 135/136/1118
f 135/136/1118 1038/1082/1119 1037/1081/1116
f 1039/1083/1120 1040/1084/1121 1041/1085/1122
f 1041/1085/1122 1042/1086/1123 1039/1083/1120
f 1043/1087/1124 1044/1088/1125 846/877/1126
f 846/877/1126 317/319/315 1043/1087/1124
f 189/190/1127 1045/1089/1128 1046/1090/1129
f 1046/1090/1129 190/191/1130 189/190/1127
f 131/132/1131 1047/1091/1132 1048/1092/1133
f 1048/1092/1133 1049/1093/1134 131/132/1131
f 1050/1094/1135 1051/1095/1136 1052/1096/1137
f 1052/1096/1137 1053/1097/1138 1050/1094/1135
f 1021/1065/1139 1020/1064/1140 1054/1098/1141
f 1054/1098/1141 1055/1099/1142 1021/1065/1139
f 1056/1100/1143 1057/1101/1144 1058/1102/1145
f 1058/1102/1145 1059/1103/1146 1056/1100/1143
f 439/454/1147 438/453/1148 187/188/1149
f 187/188/1149 1060/1104/1150 439/454/1147
f 1061/1105/1151 1062/1106/1152 295/297/1153
f 295/297/1153 30/30/1154 1061/1105/1151
f 1063/1107/1155 1064/1108/1156 1065/1109/1157
f 1065/1109/1157 1066/1110/1158 1063/1107/1155
f 1067/1111/1159 1068/1112/1160 1069/1113/1161
f 1069/1113/1161 1070/1114/1162 1067/1111/1159
s 0
f 976/1017/1163 177/178/1163 479/499/1163
f 479/499/1163 973/1014/1163 976/1017/1163
s 1
f 1071/1115/1164 786/814/837 789/817/836
f 789/817/1165 1072/1116/1166 1071/1115/1167
s 0
f 1073/1117/1168 1074/1118/1168 1075/1119/1168
s 1
f 1075/1119/1169 791/819/1170 1073/1117/1171
f 1076/1120/1172 1077/1121/1173 533/554/537
f 533/554/537 532/553/536 1076/1120/1172
f 914/948/1174 1078/1122/1175 1079/1123/1176
f 1079/1123/1176 915/949/1177 914/948/1174
s 0
f 1080/1124/1178 366/371/1178 1081/1125/1178
f 1081/1125/1178 1082/1126/1178 1080/1124/1178
s 1
f 1083/1127/1179 1084/1128/1180 1085/1129/1181
f 1085/1129/1181 1086/1130/1182 1083/1127/1179
s 0
f 1087/1131/1183 1088/1132/1183 1089/1133/1183
f 1089/1133/1184 1090/1134/1184 1087/1131/1184
s 1
f 535/556/539 534/555/538 821/850/1185
f 821/850/1185 1091/1135/1186 535/556/539
f 649/674/670 740/1136/1187 1092/1137/1188
f 1092/1137/1188 650/675/671 649/674/670
s 0
f 928/965/38 1093/1138/38 1094/1139/38
f 1094/1139/38 929/966/38 928/965/38
s 1
f 1095/1140/1189 1096/1141/1190 502/522/1191
f 502/522/1191 586/609/1192 1095/1140/1189
f 1097/1142/1193 1098/1143/1194 1099/1144/1195
f 1099/1144/1195 1100/1145/1196 1097/1142/1193
s 0
f 1090/1134/252 1089/1133/252 1101/1146/252
f 1101/1146/1197 1102/1147/1197 1090/1134/1197
f 374/379/1198 373/378/1198 1103/1148/1198
s 1
f 1103/1148/1199 1104/1149/1199 374/379/1199
f 1105/1150/1200 1106/1151/1201 1107/1152/1202
f 1107/1152/1202 1108/1153/1203 1105/1150/1200
f 1064/1108/1204 1109/1154/1205 1110/1155/1206
f 1110/1155/1206 1065/1109/1207 1064/1108/1204
f 1111/1156/1208 406/415/1209 704/1157/1210
f 704/1157/1210 1112/1158/1211 1111/1156/1208
s 0
f 167/1159/1212 579/602/1212 580/603/1212
f 580/603/1212 168/1160/1212 167/1159/1212
s 1
f 625/650/645 173/174/644 1113/1161/1213
f 1113/1161/1213 1114/1162/1214 625/650/645
f 906/1163/1215 1115/1164/1216 42/42/1217
f 42/42/1217 41/41/1218 906/1163/1215
f 1116/1165/1219 1117/1166/1220 1118/1167/1221
f 1118/1167/1221 1119/1168/1222 1116/1165/1219
f 1120/1169/1223 1121/1170/1224 1122/1171/1225
f 1122/1171/1225 325/1172/1226 1120/1169/1223
f 1123/1173/1227 1124/1174/1227 1125/1175/1228
f 1125/1175/1228 1126/1176/1229 1123/1173/1227
f 1127/1177/1230 1128/1178/1231 975/1016/1232
f 975/1016/1232 1129/1179/1233 1127/1177/1230
f 720/746/756 719/745/755 1130/1180/1234
f 1130/1180/1234 1131/1181/1235 720/746/756
f 1132/1182/1236 1133/1183/1237 98/98/1238
f 98/98/1238 97/97/1239 1132/1182/1236
f 1134/1184/1240 1135/1185/1241 1136/1186/1242
f 1136/1186/1242 1137/1187/1243 1134/1184/1240
f 924/960/1244 978/1019/1245 1138/1188/1246
f 1138/1188/1246 1139/1189/1247 924/960/1244
f 338/340/1248 1140/1190/1249 891/1191/1250
f 891/1191/1250 1141/1192/1251 338/340/1248
f 1142/1193/1252 1035/1079/1253 946/986/1254
f 946/986/1254 945/985/1255 1142/1193/1252
f 912/946/1256 1143/1194/1257 1144/1195/1258
f 1144/1195/1258 472/491/1259 912/946/1256
f 1145/1196/1260 1146/1197/1261 1147/1198/1262
s 0
f 1147/1198/1263 1148/1199/1263 1145/1196/1263
s 1
f 1149/1200/1264 1150/1201/1265 1151/1202/1266
f 1151/1202/1266 1152/1203/1267 1149/1200/1264
f 1153/1204/1268 1074/1118/1269 1073/1117/1269
f 1073/1117/1270 997/1038/1271 1153/1204/1268
s 0
f 585/608/55 1154/1205/55 1155/1206/55
f 1155/1206/55 1156/1207/55 585/608/55
s 1
f 191/765/779 738/764/778 1157/1208/1272
f 1157/1208/1272 188/1209/1273 191/765/779
f 1158/1210/1274 41/1211/39 44/1212/42
f 44/1212/42 1159/1213/1275 1158/1210/1274
f 1160/1214/1276 1161/1215/1277 291/293/1278
f 291/293/1278 294/296/1279 1160/1214/1276
s 0
f 1162/1216/1280 79/79/1280 1163/1217/1280
f 1163/1217/1281 1164/1218/1281 1162/1216/1281
s 1
f 1165/1219/1282 1166/1220/1283 1167/1221/1284
f 1167/1221/1284 1168/1222/1285 1165/1219/1282
f 1169/1223/1286 1170/1224/1287 767/1225/1288
f 767/1225/1288 1171/1226/1289 1169/1223/1286
f 517/537/520 1172/1227/1290 900/931/1291
f 900/931/1291 518/538/521 517/537/520
f 1084/1128/1180 1103/1148/1292 1173/1228/1293
f 1173/1228/1293 1174/1229/1294 1084/1128/1180
f 1175/1230/1295 1176/1231/1296 204/205/200
f 204/205/200 1177/1232/1297 1175/1230/1295
f 1178/1233/1298 1179/1234/1299 547/568/1300
f 547/568/1300 1180/1235/1301 1178/1233/1302
f 1181/1236/1303 1182/1237/1304 1183/1238/1305
f 1183/1238/1305 1184/1239/1306 1181/1236/1303
f 755/783/1307 754/782/1308 1185/1240/1309
f 1185/1240/1309 1186/1241/1310 755/783/1307
f 759/1242/1311 758/1243/1312 1187/1244/1313
f 1187/1244/1313 1188/1245/1314 759/1242/1311
s 0
f 1189/1246/1315 1190/1247/1315 1191/1248/1315
f 1191/1248/1316 213/215/1316 1189/1246/1316
s 1
f 1192/1249/1317 1193/1250/1318 1194/1251/1319
f 1194/1251/1319 1195/1252/1320 1192/1249/1317
f 1196/1253/1321 1197/1254/999 1075/1255/999
f 1075/1255/999 1074/1256/1322 1196/1253/1321
f 827/858/1323 1198/1257/1324 1199/1258/1325
f 1199/1258/1325 1200/1259/1326 827/858/1323
f 1201/1260/1327 1202/1261/1328 1203/1262/1329
s 0
f 1203/1262/1330 1204/1263/1330 1201/1260/1330
s 1
f 1205/1264/1331 1206/1265/1332 988/1029/1333
f 988/1029/1333 677/702/1334 1205/1264/1331
s 0
f 812/841/1335 48/48/1335 743/771/1335
f 743/771/1335 813/842/1335 812/841/1335
s 1
f 1207/1266/1336 1208/1267/1337 1209/1268/1338
f 1209/1268/1338 1210/1269/1336 1207/1266/1336
f 1058/1102/1339 474/493/1340 1211/1270/1341
f 1211/1270/1341 1212/1271/1342 1058/1102/1339
f 1213/1272/1343 1214/1273/1344 1134/1184/1345
f 1134/1184/1345 1116/1165/1346 1213/1272/1343
s 0
f 1215/1274/1347 840/871/1347 85/85/1347
f 85/85/1348 88/88/1348 1215/1274/1348
s 1
f 1216/1275/1349 913/947/1350 471/490/1351
f 471/490/1351 1057/1101/1352 1216/1275/1349
f 1217/1276/1353 1218/1277/1354 1060/1104/1355
f 1060/1104/1355 1219/1278/1356 1217/1276/1353
f 1220/1279/1357 1221/1280/1358 1196/1253/1359
f 1196/1253/1359 1222/1281/1360 1220/1279/1357
f 1223/1282/1361 1224/1283/1362 1025/1069/1363
f 1025/1069/1364 990/1031/1365 1223/1282/1366
f 564/587/568 1175/1230/1295 1177/1232/1297
f 1177/1232/1297 1225/1284/1297 564/587/568
f 507/1285/1367 510/1286/1368 68/68/1369
f 68/68/1369 67/67/1370 507/1285/1367
f 1226/1287/1371 1227/1288/1372 1228/1289/1373
f 1228/1289/1373 509/529/1374 1226/1287/1371
f 1229/1290/1375 1230/1291/1376 1208/1267/1377
f 1208/1267/1377 1207/1266/1378 1229/1290/1375
f 1231/1292/1379 1232/1293/1380 775/803/1381
f 775/803/1381 778/806/1382 1231/1292/1379
f 49/49/1383 410/419/1384 1233/1294/1385
f 1233/1294/1385 1234/1295/1386 49/49/1383
f 1235/1296/1387 1236/1297/1388 1237/1298/1389
f 1237/1298/1389 1238/1299/1390 1235/1296/1387
f 1239/1300/1391 215/217/1392 216/218/1393
f 216/218/1393 1240/1301/1394 1239/1300/1391
f 1001/1302/1395 1241/1303/1396 340/342/1397
f 340/342/1397 278/280/1398 1001/1302/1395
f 1242/1304/1399 124/125/1400 1243/1305/1401
f 1243/1305/1401 866/897/1402 1242/1304/1399
f 269/1306/1403 1244/1307/1404 1245/1308/1405
f 1245/1308/1405 1246/1309/1406 269/1306/1403
f 785/813/1407 784/812/1408 1247/1310/1409
f 1247/1310/1410 1248/1311/1411 785/813/1412
f 1249/1312/1413 1250/1313/1414 1251/1314/1415
f 1251/1314/1415 1252/1315/1416 1249/1312/1413
f 1253/1316/1417 1254/1317/1418 330/332/1419
f 330/332/1420 1255/1318/1421 1253/1316/1422
f 419/428/417 1256/1319/1423 1257/1320/1424
f 1257/1320/1424 420/429/418 419/428/417
f 394/399/1425 393/398/1426 1258/1321/1427
f 1258/1321/1427 1259/1322/1428 394/399/1425
f 1260/1323/1429 1261/1324/1430 1262/1325/1431
f 1262/1325/1431 1263/1326/1432 1260/1323/1429
f 386/391/1433 385/390/1434 1264/1327/1435
f 1264/1327/1435 1008/1052/406 386/391/1433
f 1265/1328/1436 1266/1329/1436 690/716/1436
s 0
f 690/716/1437 1267/1330/1437 1265/1328/1437
f 1268/1331/1438 468/485/1438 467/484/1438
f 467/484/947 1269/1332/947 1268/1331/947
s 1
f 1270/1333/1439 1271/1334/1440 1168/1222/1441
f 1168/1222/1441 1272/1335/1442 1270/1333/1439
f 1273/1336/1443 1274/1337/1444 1275/1338/1444
f 1275/1338/1445 1276/1339/1446 1273/1336/1447
f 1277/1340/1448 1278/1341/1449 1279/1342/1450
f 1279/1342/1450 1280/1343/1451 1277/1340/1452
f 1281/1344/1453 441/1345/1454 444/962/987
f 444/962/987 925/961/986 1281/1344/1453
f 1282/1346/1455 1283/1347/1456 1284/1348/1457
f 1284/1348/1457 1285/1349/1458 1282/1346/1455
f 1286/1350/1459 1287/1351/1460 1012/1056/1461
f 1012/1056/1461 1011/1055/1462 1286/1350/1459
f 1288/1352/1463 1289/1353/1464 1290/1354/1465
s 0
f 1290/1355/1466 1291/1356/1466 1288/1357/1466
s 1
f 378/383/1467 748/776/794 751/779/797
f 751/779/797 1292/1358/1468 378/383/1467
f 1293/1359/1469 1294/1360/1470 1295/1361/1471
f 1295/1361/1471 1296/1362/1472 1293/1359/1469
f 1297/1363/1473 1298/1364/1474 1132/1182/1475
f 1132/1182/1475 1299/1365/1476 1297/1363/1473
f 1300/1366/1477 1301/1367/1478 1302/1368/1479
f 1302/1368/1479 1303/1369/1480 1300/1366/1477
f 1304/1370/1481 1305/1371/1482 1088/1132/1483
f 1088/1132/1483 1087/1131/1481 1304/1370/1481
f 1028/1072/1484 1306/1372/1485 1307/1373/1486
f 1307/1373/1486 1029/1073/1487 1028/1072/1484
f 1308/1374/1488 1309/1375/1489 1310/1376/1490
f 1310/1376/1490 1311/1377/1491 1308/1374/1488
s 0
f 1312/1378/1492 1313/1379/1492 951/991/1492
s 1
f 951/991/1493 1314/1380/1494 1312/1378/1495
f 1068/1112/1496 1315/1381/1497 1267/1382/1498
f 1267/1382/1498 1069/1113/1499 1068/1112/1496
f 1316/1383/1500 1317/1384/1501 689/714/1502
f 689/714/1502 688/713/1503 1316/1383/1500
s 0
f 1318/1385/1504 1319/1386/1504 1320/1387/1504
f 1320/1387/1505 1321/1388/1505 1318/1385/1505
s 1
f 1168/1222/1506 1167/1221/1507 1322/1389/1508
f 1322/1389/1508 1272/1335/1509 1168/1222/1506
f 599/622/1510 1323/1390/1511 1063/1391/1512
f 1063/1391/1512 1324/1392/1513 599/622/1510
f 1325/1393/1514 1326/1394/1515 1327/1395/1516
f 1327/1395/1516 1172/1227/1290 1325/1393/1514
f 793/821/842 792/820/841 1328/1396/1517
f 1328/1396/1517 1329/1397/1518 793/821/842
f 1330/1398/1519 1331/1399/1520 865/896/919
f 865/896/919 864/895/918 1330/1398/1519
f 1332/1400/1521 1333/1401/1522 1334/1402/1523
f 1334/1402/1523 1335/1403/1524 1332/1400/1521
f 1336/1404/1525 1337/1405/1526 1338/1406/1527
f 1338/1406/1527 1339/1407/1528 1336/1404/1525
f 1340/1408/1529 1341/1409/1530 1342/1410/1531
f 1342/1410/1531 1343/1411/1532 1340/1408/1529
s 0
f 1344/1412/1533 1345/1413/1533 1346/1414/1533
s 1
f 1346/1414/1534 1347/1415/1535 1344/1412/1536
s 0
f 1348/1416/1537 503/523/1537 506/526/1537
s 1
f 506/526/1538 1349/1417/1539 1348/1416/1540
s 0
f 765/793/1541 954/994/1541 953/993/1541
f 953/993/1542 766/794/1542 765/793/1542
s 1
f 1350/1418/1543 1351/1419/1544 1352/1420/1545
f 1352/1420/1546 1353/1421/1547 1350/1418/1548
f 650/675/907 1092/1137/1549 1354/1422/1549
f 1354/1422/1549 854/885/908 650/675/907
f 996/1037/1060 995/1036/1059 1355/1423/540
f 1355/1424/1550 895/926/1551 996/1425/1552
f 1356/1426/1553 1357/1427/1554 674/699/1555
f 674/699/1555 812/841/1556 1356/1426/1553
f 1358/1428/1557 332/334/330 335/337/333
s 0
f 335/337/1558 1359/1429/1558 1358/1428/1558
s 1
f 1036/1080/1559 1360/1430/1560 1361/1431/1561
f 1361/1431/1561 1362/1432/1562 1036/1080/1559
f 1363/1433/1563 1273/1336/1447 1276/1339/1446
f 1276/1339/1446 1364/1434/1564 1363/1433/1563
f 1365/1435/1565 540/561/542 543/564/545
f 543/564/545 1366/1436/1566 1365/1435/1565
f 1367/1437/1567 1368/1438/1568 1369/1439/1569
f 1369/1439/1569 1370/1440/1570 1367/1437/1567
f 1371/1441/1571 1372/1442/1572 1290/1354/1465
f 1290/1354/1465 1289/1353/1464 1371/1441/1571
f 1373/1443/1573 1149/1200/1264 1152/1203/1267
f 1152/1203/1267 1374/1444/1574 1373/1443/1573
f 1375/1445/1575 1376/1446/1576 850/881/1577
f 850/881/1577 853/884/1578 1375/1445/1575
f 1377/1447/1579 1378/1448/1580 168/1449/1581
f 168/1449/1581 1256/1319/1423 1377/1447/1579
f 1259/1322/1428 1258/1321/1427 1379/1450/1582
f 1379/1450/1582 1380/1451/1583 1259/1322/1428
f 653/678/1584 40/40/1585 133/134/1586
f 133/134/1586 132/133/1587 653/678/1584
f 352/356/1588 676/701/1589 1381/1452/1590
f 1381/1452/1590 1382/1453/1591 352/356/1588
f 462/477/736 703/729/735 1383/1454/1592
f 1383/1454/1592 463/478/1593 462/477/736
f 1384/1455/1594 1385/1456/1595 1386/1457/1596
f 1386/1457/1596 1387/1458/1597 1384/1455/1594
f 1388/1459/1598 1389/1460/1599 1390/1461/1600
f 1390/1461/1600 1391/1462/1601 1388/1459/1598
f 314/316/1602 111/112/1603 1312/1378/1495
f 1312/1378/1495 1314/1380/1494 314/316/1602
f 1258/1321/1604 248/250/1605 251/253/1606
f 251/253/1606 1379/1450/1607 1258/1321/1604
f 285/287/1608 1392/1463/1609 1226/1287/1610
f 1226/1287/1610 286/288/1611 285/287/1608
f 1393/1464/1612 1394/1465/1613 101/101/1614
f 101/101/1614 1395/1466/1615 1393/1464/1612
f 240/242/1616 1396/1467/1617 299/301/1618
f 299/301/1619 1397/1468/1620 240/242/1621
s 0
f 1398/1469/38 1399/1470/38 1400/1471/38
f 1400/1471/38 1401/1472/38 1398/1469/38
s 1
f 1402/1473/1622 1403/1474/1623 1404/1475/1624
f 1404/1475/1624 1405/1476/1625 1402/1473/1622
s 0
f 1406/1477/1626 1407/1478/1626 200/201/1626
s 1
f 200/201/1627 199/200/1628 1406/1477/1629
f 1237/1479/1630 998/1039/1631 1408/1480/1632
f 1408/1480/1632 1286/1481/1633 1237/1479/1630
f 192/193/186 195/196/189 1409/1482/1634
f 1409/1482/1635 1410/1483/1636 192/193/1637
f 358/362/1638 556/579/1639 559/582/1640
s 0
f 559/582/1641 21/21/1641 358/362/1641
s 1
f 798/1484/1642 648/673/674 651/676/673
f 651/676/673 1411/1485/1643 798/1484/1642
s 0
f 68/68/1644 1412/1486/1644 825/855/1644
s 1
f 825/855/1645 103/103/1646 68/68/1647
s 0
f 1413/1487/1648 1414/1488/1648 818/847/1648
s 1
f 818/847/864 226/228/863 1413/1487/1649
f 1415/1489/1650 1416/1490/1651 563/586/1652
f 563/586/1652 562/585/1650 1415/1489/1650
f 1417/1491/1653 1418/1492/1654 134/135/1655
f 134/135/1655 133/134/1656 1417/1491/1653
f 817/846/1657 816/845/1658 1419/1493/1659
f 1419/1493/1659 1136/1494/1660 817/846/1657
f 750/778/1661 987/1028/1662 1420/1495/1663
f 1420/1495/1663 1421/1496/1664 750/778/1661
f 1422/1497/1665 1423/1498/1666 1040/1084/1667
f 1040/1084/1667 1039/1083/1668 1422/1497/1665
f 1424/1499/1669 1349/1417/1539 506/526/1538
s 0
f 506/526/1670 1425/1500/1670 1424/1499/1670
s 1
f 708/734/742 707/733/741 1426/1501/1671
f 1426/1501/1671 1427/1502/1672 708/734/742
f 574/597/1673 573/596/1674 707/733/741
f 707/733/741 706/732/740 574/597/1673
f 1428/1503/1675 1429/1504/1676 1401/1472/1677
f 1401/1472/1677 1400/1471/1678 1428/1503/1675
f 1430/1505/1679 1431/1506/1680 1432/1507/1681
f 1432/1507/1681 1433/1508/1682 1430/1505/1679
f 1003/1044/1683 1434/1509/1684 1435/1510/1685
f 1435/1510/1685 1004/1045/1686 1003/1044/1683
f 1436/1511/1687 1437/1512/1688 930/1513/1689
f 930/1513/1689 1077/1121/1690 1436/1511/1687
f 482/502/1691 1108/1514/1692 1438/1515/1693
f 1438/1515/1693 483/503/1694 482/502/1691
s 0
f 1115/1164/1695 1439/1516/1695 1440/1517/1695
s 1
f 1440/1517/1696 42/42/1697 1115/1164/1698
f 1183/1238/1699 1441/1518/1700 800/829/1701
f 800/829/1701 799/828/1702 1183/1238/1699
f 639/664/1046 984/1025/1047 1442/1519/1703
f 1442/1519/1703 1423/1520/1704 639/664/1046
f 1443/1521/1705 1444/1522/1706 1277/1340/1707
f 1277/1340/1707 809/838/1708 1443/1521/1705
f 1445/1523/1709 668/693/695 425/436/694
f 425/436/694 424/435/1710 1445/1523/1709
f 332/334/1711 1446/1524/1712 1447/1525/1713
f 1447/1525/1713 333/335/1713 332/334/1711
f 1448/1526/1714 1449/1527/1715 1450/1528/1716
f 1450/1528/1717 1451/1529/1718 1448/1526/1719
s 0
f 1452/1530/1720 259/261/1720 1453/1531/1720
f 1453/1531/1721 1454/1532/1721 1452/1530/1721
s 1
f 640/665/661 639/664/660 1423/1520/1722
f 1423/1520/1722 1422/1533/1723 640/665/661
f 42/42/1724 1440/1517/1696 1455/1534/1725
f 1455/1534/1725 43/43/1726 42/42/1724
f 154/155/153 153/154/152 1456/1535/1727
f 1456/1535/1727 1457/1536/1728 154/155/153
f 1162/1216/1729 1164/1218/1730 1458/1537/1731
f 1458/1537/1731 1459/1538/1732 1162/1216/1729
f 1460/1539/1733 1461/1540/1734 731/757/1735
f 731/757/1735 1462/1541/1736 1460/1539/1733
f 1463/1542/1737 1464/1543/1738 1253/1316/1739
f 1253/1316/1739 1465/1544/1740 1463/1542/1737
f 1466/1545/1741 1434/1509/1684 1003/1044/1683
f 1003/1044/1742 1467/1546/1742 1466/1545/1742
f 1468/1547/1743 804/833/851 803/832/850
f 803/832/850 941/979/1744 1468/1547/1743
f 1157/1208/1745 738/764/1745 1469/1548/1746
f 1469/1548/1746 1470/1549/1747 1157/1208/1745
f 378/383/369 377/382/368 1471/1550/1748
f 1471/1550/1748 748/776/1749 378/383/369
s 0
f 1472/1551/454 1466/1545/454 1473/1552/454
f 1473/1552/454 1474/1553/454 1472/1551/454
s 1
f 319/321/1750 318/320/1751 1475/1554/1752
f 1475/1554/1752 1476/1555/1753 319/321/1750
f 1303/1369/1480 1302/1368/1479 1477/1556/1754
f 1477/1556/1755 1478/1557/1756 1303/1369/1757
f 1479/1558/1758 1480/1559/1759 391/1560/382
f 391/1560/382 992/1561/1760 1479/1558/1758
f 1481/1562/1761 1482/1563/1762 1483/1564/1763
f 1483/1564/1763 1484/1565/1764 1481/1562/1761
f 1485/1566/1765 1421/1496/1766 1205/1264/1767
f 1205/1264/1767 1486/1567/1768 1485/1566/1765
f 1487/1568/1769 1488/1569/1770 1489/1570/1771
f 1489/1570/1771 1490/1571/1772 1487/1568/1769
f 1491/1572/1773 1492/1573/1774 1493/1574/1775
f 1493/1574/1775 1494/1575/1776 1491/1572/1773
s 0
f 488/508/1777 487/507/1777 89/89/1777
f 89/89/1778 1495/1576/1778 488/508/1778
s 1
f 1496/1577/1779 625/650/1780 1114/1162/1781
f 1114/1162/1781 1497/1578/1782 1496/1577/1779
f 1498/1579/1783 1039/1083/1784 1042/1086/1785
f 1042/1086/1785 1499/1580/1786 1498/1579/1783
f 288/1581/1787 874/905/929 877/908/932
f 877/908/932 289/1582/1788 288/1581/1787
f 1500/1583/1789 1501/1584/1790 1368/1585/1791
f 1368/1585/1791 1367/1586/1792 1500/1583/1789
s 0
f 413/422/1793 412/421/1793 1502/1587/1793
f 1502/1587/1793 1503/1588/1793 413/422/1793
s 1
f 1504/1589/1794 1505/1590/1795 1506/1591/1796
s 0
f 1506/1591/1797 1507/1592/1797 1504/1589/1797
s 1
f 1508/1593/1798 856/887/1799 859/890/1800
f 859/890/1800 1509/1594/1801 1508/1593/1798
s 0
f 1510/1595/454 137/138/454 453/468/454
f 453/468/454 1511/1596/454 1510/1595/454
s 1
f 359/363/1802 358/362/1803 21/21/1804
f 21/21/1804 24/24/1805 359/363/1802
f 1388/1459/1598 1512/1597/1806 1513/1598/1807
f 1513/1598/1807 1389/1460/1599 1388/1459/1598
f 908/942/964 1514/1599/1808 606/631/618
f 606/631/618 1515/1600/1809 908/942/964
f 320/1601/1810 1516/1602/1811 627/652/1812
f 627/652/1812 568/1603/1812 320/1601/1810
f 867/898/1813 1517/1604/1814 757/785/1815
f 757/785/1815 756/784/1816 867/898/1813
f 1131/1181/1235 1130/1180/1234 1518/1605/1817
f 1518/1605/1817 1519/1606/1818 1131/1181/1235
f 1520/1607/1819 1395/1466/1820 1521/1608/1821
f 1521/1608/1821 1522/1609/1822 1520/1607/1819
f 1279/1342/1823 1523/1610/1824 1524/1611/1824
f 1524/1611/1824 525/545/1825 1279/1342/1823
f 1053/1097/1826 1052/1096/1827 1525/1612/1828
f 1525/1612/252 197/198/1829 1053/1097/1830
f 1526/1613/1831 1527/1614/1832 1528/1615/1833
f 1528/1615/1833 1529/1616/1834 1526/1613/1831
f 1530/1617/1835 1531/1618/1836 902/933/1837
f 902/933/1837 1532/1619/1838 1530/1617/1835
f 505/525/1839 929/966/1840 1533/1620/1841
f 1533/1620/1841 1534/1621/1842 505/525/1839
f 583/606/597 1535/1622/1843 1536/1623/1844
f 1536/1623/1844 1537/1624/1845 583/606/597
f 1395/1466/1615 101/101/1614 2532/104/1846
f 2532/104/1846 1521/1608/1847 1395/1466/1615
f 1538/1625/1848 1104/1149/1849 1083/1127/1179
f 1083/1127/1179 1539/1626/1850 1538/1625/1848
f 1540/1627/252 363/368/363 366/371/362
f 366/371/362 1080/1124/252 1540/1627/252
f 122/123/1851 1541/1628/1852 1542/1629/1853
f 1542/1629/1854 1543/1630/1855 122/123/1856
f 1544/1631/1857 1046/1090/1858 1045/1089/1859
f 1045/1089/1859 1545/1632/1860 1544/1631/1857
f 1546/1633/1861 178/179/1862 179/180/1863
f 179/180/1863 1547/1634/1864 1546/1633/1861
f 2/2/1865 1004/1045/1865 1548/1635/1865
s 0
f 1548/1635/1866 3/3/1866 2/2/1866
s 1
f 1549/1636/1867 1550/1637/1868 1551/1638/1869
f 1551/1638/1869 1552/1639/1870 1549/1636/1867
f 1553/1640/1871 1554/1641/1872 1555/1642/1873
f 1555/1642/1874 919/953/976 1553/1640/1871
f 1556/1643/1875 1393/1464/1876 1557/1644/1877
f 1557/1644/1877 1558/1645/1878 1556/1643/1875
f 364/369/1879 1559/1646/1880 1560/1647/1881
f 1560/1647/1881 1561/1648/1882 364/369/1879
f 1562/1649/1883 1563/1650/1884 718/744/754
f 718/744/754 717/743/753 1562/1649/1883
f 1564/1651/1885 1100/1145/1196 1565/1652/1886
f 1565/1652/1886 1566/1653/1887 1564/1651/1888
f 713/739/1889 716/742/1890 1567/1654/1890
f 1567/1654/1890 1568/1655/1891 713/739/1889
f 1096/1141/1892 1569/1656/1893 501/521/1894
f 501/521/1894 502/522/1895 1096/1141/1892
f 206/1657/1896 36/36/1897 35/35/1898
f 35/35/1898 1570/1658/1899 206/1657/1896
f 702/728/1900 1571/1659/1901 1572/1660/1902
f 1572/1660/1902 703/729/1903 702/728/1900
f 1573/1661/1904 1574/1662/1905 1575/1663/1906
f 1575/1663/1906 1576/1664/1907 1573/1661/1904
f 747/775/1908 746/774/1909 1577/1665/1910
f 1577/1665/1910 313/315/311 747/775/1908
f 587/610/1911 590/613/1912 1578/1666/1913
f 1578/1666/1913 263/265/1914 587/610/1911
f 1438/1515/1915 1579/1667/1916 1580/1668/1917
f 1580/1668/1917 1581/1669/1918 1438/1515/1915
f 407/416/665 643/668/664 781/809/1919
f 781/809/1919 408/417/1920 407/416/665
f 870/901/1921 869/900/1922 1582/1670/1923
f 1582/1670/1924 62/62/1925 870/901/1926
f 1583/1671/1927 1584/1672/1928 381/386/1929
f 381/386/1929 380/385/1930 1583/1671/1927
f 1352/1673/1545 1585/1674/1931 822/1675/1932
f 822/1675/1932 1586/1676/1933 1352/1673/1545
s 0
f 244/246/38 1587/1677/38 1588/1678/38
f 1588/1678/38 245/247/38 244/246/38
s 1
f 937/974/1934 854/885/1935 1354/1422/1936
f 1354/1422/1936 1589/1679/1937 937/974/1934
f 1379/1450/1607 251/253/1606 1590/1680/1938
f 1590/1680/1938 1591/1681/1939 1379/1450/1607
f 1592/1682/1940 1593/1683/1941 1594/1684/1942
f 1594/1684/1942 1595/1685/1943 1592/1682/1940
f 1596/1686/1944 553/576/1945 1597/1687/1946
f 1597/1687/1946 1598/1688/1947 1596/1686/1944
f 1599/1689/1948 1600/1690/1949 363/368/1950
f 363/368/1950 1540/1627/1951 1599/1689/1948
f 1601/1691/1952 1602/1692/1953 1603/1693/1954
f 1603/1693/1954 1604/1694/1955 1601/1691/1952
f 2532/104/1956 103/103/99 825/855/1957
f 825/855/1957 1605/1695/1958 2532/104/1956
f 1606/1696/1959 1220/1279/1960 1222/1281/1961
f 1222/1281/1961 1607/1697/1962 1606/1696/1959
f 1608/1698/1963 1264/1327/1964 968/1009/1965
f 968/1009/1965 1609/1699/1966 1608/1698/1963
f 553/576/1945 555/578/1967 726/1700/1968
f 726/1700/1968 1597/1687/1946 553/576/1945
f 1031/1075/1969 1610/1701/1970 1611/1702/1971
f 1611/1702/1971 1032/1076/1972 1031/1075/1973
f 1403/1474/1974 427/1703/1975 426/1704/1976
f 426/1704/1977 1404/1475/1978 1403/1474/1979
f 1612/1705/1980 1613/1706/1980 346/353/342
f 346/353/342 349/352/345 1612/1705/1980
f 1614/1707/1981 871/902/926 1615/1708/1982
f 1615/1708/1982 1616/1709/1983 1614/1707/1981
f 1590/1680/1984 225/227/1985 227/229/1986
f 227/229/1986 857/888/1987 1590/1680/1984
f 171/172/1988 1617/1710/1989 1618/1711/1990
f 1618/1711/1990 172/173/1991 171/172/1988
f 844/1712/897 645/670/1992 644/669/666
f 644/669/1993 1619/1713/1994 844/1712/897
f 1574/1662/1995 1048/1092/1133 1033/1077/1996
f 1033/1077/1996 1575/1663/1997 1574/1662/1995
f 1620/1714/1998 1621/1715/1999 1622/1716/2000
f 1622/1716/2000 1474/1553/2001 1620/1714/1998
f 1038/1082/2002 135/136/2003 697/723/2004
f 697/723/2004 700/726/2005 1038/1082/2002
f 1623/1717/2006 1624/1718/2007 276/278/2008
f 276/278/2008 1625/1719/2009 1623/1717/2006
f 1335/1720/2010 1334/1721/2011 818/847/2012
f 818/847/2012 1414/1488/2013 1335/1720/2010
f 1626/1722/2014 1524/1611/2015 1627/1723/2016
f 1627/1723/2016 1628/1724/2017 1626/1722/2014
f 153/154/2018 1552/1639/2019 739/766/2020
f 739/766/785 1456/1535/2021 153/154/2022
f 1399/1470/2023 1629/1725/2024 1161/1215/2025
f 1161/1215/2025 1630/1726/2026 1399/1470/2023
f 1309/1375/2027 81/81/2028 84/84/2029
f 84/84/2029 1310/1376/2030 1309/1375/2027
f 1234/1295/2031 1631/1727/2032 1471/1550/2033
f 1471/1550/2033 1632/1728/2034 1234/1295/2031
s 0
f 988/1029/2035 1633/1729/2035 1634/1730/2035
f 1634/1730/2036 989/1030/2036 988/1029/2036
s 1
f 560/583/2037 1635/1731/2038 1636/1732/2039
f 1636/1732/2039 1637/1733/2040 560/583/2037
f 1569/1656/1893 323/325/321 322/324/320
f 322/324/320 501/521/1894 1569/1656/1893
s 0
f 1638/1734/2041 561/1735/2041 729/1736/2041
s 1
f 729/1736/2042 1639/1737/2043 1638/1734/2044
s 0
f 1512/1597/454 1388/1459/454 485/505/454
f 485/1738/454 1215/1274/454 1512/1739/454
s 1
f 138/139/2045 1640/1740/2046 13/13/2047
f 13/13/2047 16/16/2048 138/139/2045
f 1641/1741/2049 925/961/2050 927/964/2051
f 927/964/2051 1642/1742/2052 1641/1741/2049
f 1643/1743/2053 1644/1744/2053 1645/1745/2054
f 1645/1745/2054 1646/1746/2054 1643/1743/2053
f 1190/1247/2055 1186/1241/1310 1185/1240/2056
f 1185/1240/2056 1191/1248/2057 1190/1247/2055
f 763/791/2058 762/790/2059 633/658/2060
f 633/658/2060 230/232/2061 763/791/2058
f 1647/1747/2062 1153/1748/1268 997/1749/1271
f 997/1749/1271 996/1425/2063 1647/1747/2062
f 1648/1750/2064 641/666/2065 1111/1156/1208
f 1111/1156/1208 1649/1751/2066 1648/1750/2064
f 409/418/2067 1650/1752/2068 433/1753/2069
f 433/1753/2069 432/1754/2070 409/418/2067
f 1651/1755/2071 1652/1756/2072 1653/1757/2073
f 1653/1757/2074 1654/1758/2075 1651/1755/2076
s 0
f 623/648/2077 1655/1759/2077 1656/1760/2077
f 1656/1760/2077 519/539/2077 623/648/2077
s 1
f 1383/1454/1592 1451/1761/2078 2320/1003/2079
f 2320/1003/2079 463/478/1593 1383/1454/1592
f 1044/1088/1125 1657/1762/2080 847/878/2081
f 847/878/2081 846/877/1126 1044/1088/1125
f 193/194/2082 1658/1763/2083 270/1764/2084
f 270/1764/2084 194/195/2085 193/194/2082
f 1659/1765/2086 1660/1766/2087 1661/1767/2088
f 1661/1767/2088 1662/1768/2089 1659/1765/2086
f 939/976/2090 1663/1769/2091 1664/1770/2092
f 1664/1770/2092 1323/1771/2093 939/976/2090
f 1665/1772/2094 1666/1773/2095 572/595/2096
f 572/595/2096 571/594/2097 1665/1772/2094
f 1138/1188/2098 1667/1774/2099 1668/1775/2100
f 1668/1775/2100 34/34/2101 1138/1188/2098
f 1380/1451/1583 1379/1450/1582 1591/1681/2102
f 1591/1681/2102 1669/1776/2103 1380/1451/1583
f 175/176/2104 143/144/2105 826/857/2106
f 826/857/2106 176/177/2107 175/176/2104
f 1084/1128/1180 1174/1229/1294 1670/1777/2108
f 1670/1777/2108 1085/1129/1181 1084/1128/1180
f 1470/1549/1747 1469/1548/1746 788/816/2109
f 788/816/2109 1671/1778/2110 1470/1549/1747
f 1672/1779/2111 1673/1780/2112 1674/1781/2113
f 1674/1781/2113 1675/1782/2114 1672/1779/2111
f 1660/1766/2115 1676/1783/2116 701/727/2117
f 701/727/2117 1661/1767/2118 1660/1766/2115
f 1082/1126/2119 1081/1125/2120 57/57/2120
f 57/57/2120 1677/1784/2121 1082/1126/2119
f 1283/1347/1456 1678/1785/2122 1679/1786/2123
f 1679/1786/2123 1284/1348/1457 1283/1347/1456
f 1680/1787/2124 1485/1566/1765 1486/1567/1768
f 1486/1567/1768 246/248/246 1680/1787/2124
f 1681/1788/2125 1682/1789/2126 1683/1790/2127
f 1683/1790/2127 1684/1791/2128 1681/1788/2125
f 1685/1792/2129 1686/1793/2130 1687/1794/2131
f 1687/1794/2131 1688/1795/2132 1685/1792/2129
f 1206/1265/2133 1689/1796/2134 1633/1729/2135
f 1633/1729/2135 988/1029/2136 1206/1265/2133
f 1625/1719/2137 276/278/273 279/281/276
f 279/281/276 38/38/2138 1625/1719/2137
f 897/928/2139 899/930/2140 1302/1368/1479
f 1302/1368/1479 1301/1367/1478 897/928/2139
f 458/473/2141 1690/1797/2142 1658/1763/2083
f 1658/1763/2083 193/194/2082 458/473/2141
f 1469/1548/2143 1691/1798/2144 789/817/2145
f 789/817/2145 788/816/2146 1469/1548/2143
f 138/139/2147 16/16/2148 1692/1799/2149
f 1692/1799/2150 139/140/137 138/139/136
f 1693/1800/1340 1694/1801/2151 938/975/2152
f 938/975/2152 1695/1802/1340 1693/1800/1340
f 1451/1529/2078 1450/1528/2153 1306/1372/2154
f 1306/1372/2154 2320/1803/2079 1451/1529/2078
f 1696/1804/2155 1697/1805/2156 1698/1806/2157
f 1698/1806/2157 1250/1313/2158 1696/1804/2155
s 0
f 488/1807/2159 1495/1808/2159 841/872/2159
f 841/872/2159 840/871/2159 488/1807/2159
s 1
f 1584/1672/1928 1487/1568/1769 1490/1571/1772
f 1490/1571/1772 381/386/1929 1584/1672/1928
f 349/352/345 829/860/2160 832/863/2161
s 0
f 832/863/2162 1612/1705/2162 349/352/2162
s 1
f 936/973/2163 937/974/2164 1699/1809/2165
f 1699/1810/2165 1580/1668/2166 936/1811/2163
f 404/413/2167 1700/1812/2168 1182/1237/2169
f 1182/1237/2169 659/684/2170 404/413/2167
f 645/670/2171 1149/1200/2172 1373/1443/2173
f 1373/1443/2173 646/671/2174 645/670/2171
f 1701/1813/2175 1702/1814/2176 1636/1732/2177
f 1636/1732/2177 1635/1731/2178 1701/1813/2175
f 1703/1815/2179 1037/1081/2180 1038/1082/2181
f 1038/1082/2181 1704/1816/2182 1703/1815/2179
f 1705/1817/2183 482/502/481 160/161/484
f 160/161/484 159/160/2184 1705/1817/2183
f 1706/1818/2185 228/230/2186 231/233/2187
f 231/233/2187 1707/1819/2187 1706/1818/2185
f 1347/1415/2188 1708/1820/2189 1447/1525/2189
f 1447/1525/2189 1446/1524/2190 1347/1415/2188
f 1311/1377/2191 1310/1376/2192 1709/1821/2193
f 1709/1821/2193 1710/1822/2194 1311/1377/2191
f 1711/1823/2195 640/665/661 1422/1533/1723
f 1422/1533/1723 1712/1824/2196 1711/1823/2195
f 543/564/545 542/563/544 923/1825/983
f 923/1825/983 830/1826/982 543/564/545
f 800/829/2197 1713/1827/2198 1714/1828/2199
f 1714/1828/2200 801/830/2201 800/829/2202
f 1570/1658/1899 35/35/1898 1715/1829/2203
f 1715/1830/2203 1716/1831/2204 1570/1832/1899
f 1717/1833/2205 1718/1834/2206 1397/1468/2207
f 1397/1468/2207 298/300/298 1717/1833/2205
f 1719/1835/2208 1049/1093/2209 1720/1836/2210
f 1720/1836/2210 1721/1837/2211 1719/1835/2208
f 53/53/2212 56/56/2213 629/654/650
f 629/654/650 1722/1838/2214 53/53/2212
f 1723/1839/2215 1724/1840/2216 1330/1398/2217
f 1330/1398/2217 1725/1841/2218 1723/1839/2215
f 1726/1842/2219 1727/1843/2220 1728/1844/2221
f 1728/1845/1550 1729/1846/2222 1726/1847/2223
f 222/224/2224 1730/1848/2224 290/292/288
f 290/292/288 223/225/287 222/224/2224
f 1731/1849/2225 1732/1850/2226 1733/1851/2227
f 1733/1851/2227 1734/1852/2228 1731/1849/2225
f 1735/1853/2229 1736/1854/2230 804/833/2231
f 804/833/2231 1468/1547/2232 1735/1853/2229
f 1721/1837/2233 1720/1836/2234 1737/1855/2235
f 1737/1855/2236 1738/1856/2237 1721/1837/2233
f 1739/1857/2238 1740/1858/2239 1741/1859/2240
f 1741/1859/2240 140/141/2241 1739/1857/2238
f 620/645/636 1256/1860/2242 419/1861/2243
f 419/1861/2243 621/646/637 620/645/636
f 1742/1862/2244 1345/1413/2245 1344/1412/2246
s 0
f 1344/1412/2247 1743/1863/2247 1742/1862/2247
s 1
f 1744/1864/2248 1745/1865/2249 1332/1400/2250
f 1332/1400/2250 1746/1866/2251 1744/1864/2248
f 963/1867/2252 1747/1868/2253 1246/1869/2254
f 1246/1309/2254 1245/1308/2255 963/1004/2252
s 0
f 195/1870/2256 890/921/2256 427/439/2256
s 1
f 427/1703/2257 1409/1482/1634 195/196/189
f 1748/1871/2258 1056/1100/1143 1059/1103/1146
f 1059/1103/1146 1749/1872/2259 1748/1871/2258
f 1193/1250/1318 1282/1346/1455 1285/1349/1458
f 1285/1349/1458 1194/1251/1319 1193/1250/1318
f 622/647/2260 1750/1873/2261 787/815/833
f 787/815/833 786/814/832 622/647/2260
f 176/177/2107 826/857/2106 828/859/2262
f 828/859/2262 480/500/2263 176/177/2107
f 137/138/2264 1510/1595/2265 1640/1740/2266
f 1640/1740/2266 138/139/2267 137/138/2264
f 1455/1534/2268 982/1023/2269 981/1022/2270
f 981/1022/2270 1751/1874/2271 1455/1534/2268
f 1752/1875/2272 1753/1876/2273 1718/1834/2274
f 1718/1834/2274 1704/1816/2275 1752/1875/2272
f 1754/1877/2276 1329/1397/2277 1479/1558/2278
f 1479/1558/2278 1755/1878/2279 1754/1877/2276
f 148/149/2280 1576/1664/1907 1756/1879/2281
f 1756/1879/2281 149/150/2282 148/149/2280
f 1290/1355/2283 396/403/2284 1757/1880/2285
f 1757/1880/2286 1291/1356/2287 1290/1355/2283
f 1758/1881/2288 959/999/1019 962/1002/1022
f 962/1002/1022 1759/1882/2289 1758/1881/2288
f 1760/1883/2290 574/597/1673 706/732/740
f 706/732/740 528/548/531 1760/1883/2290
f 889/920/940 888/919/939 655/680/2291
f 655/680/2291 654/679/2292 889/920/940
f 246/248/246 1486/1567/1768 307/309/2293
f 307/309/2293 247/249/247 246/248/246
f 1761/1884/2294 1639/1737/2295 731/1885/2296
f 731/1885/2296 1762/1886/2297 1761/1884/2294
f 1763/1887/2298 445/1888/445 448/1889/448
f 448/1889/448 1764/1890/2299 1763/1887/2298
s 0
f 1765/1891/2300 1766/1892/2300 1767/1893/2300
s 1
f 1767/1893/2301 1768/1894/2302 1765/1891/2303
f 143/144/141 142/143/140 489/509/876
f 489/509/876 826/857/875 143/144/141
f 1769/1895/2304 1770/1896/2305 882/913/2306
f 882/913/2306 967/1008/2307 1769/1895/2304
f 1771/1897/2308 1772/1898/2309 582/605/2310
f 582/605/2310 581/604/2311 1771/1897/2308
f 1773/1899/2312 1774/1900/2313 1775/1901/2314
f 1775/1901/2314 1776/1902/2315 1773/1899/2312
f 1777/1903/2316 603/628/2317 602/627/2318
f 602/627/2318 1778/1904/2319 1777/1903/2316
f 836/867/2320 293/295/2321 1779/1905/2322
f 1779/1905/2322 1780/1906/2323 836/867/2320
s 0
f 1089/1133/252 1540/1627/252 1080/1124/252
f 1080/1124/252 1101/1146/252 1089/1133/252
s 1
f 10/10/2324 799/828/2325 802/831/2326
f 802/831/2327 11/11/2328 10/10/2329
f 214/216/211 213/215/210 80/80/2330
f 80/80/2330 1781/1907/2331 214/216/211
f 1761/1884/2294 1762/1886/2297 843/874/896
f 843/874/896 842/873/895 1761/1884/2294
f 321/323/2332 567/1908/2333 1010/1909/2333
f 1010/1909/2333 1782/1910/2334 321/323/2332
f 1642/1742/2335 927/964/2336 207/1911/2337
f 207/1911/2337 1783/1912/2338 1642/1742/2335
s 0
f 1742/1862/2339 1743/1863/2339 1358/1428/2339
s 1
f 1358/1428/2340 1359/1429/2341 1742/1862/2342
f 774/802/2343 773/801/2344 1360/1430/1560
f 1360/1430/1560 1036/1080/1559 774/802/2343
s 0
f 1784/1913/2345 1785/1914/2345 1786/1915/2345
f 1786/1915/2345 1787/1916/2345 1784/1913/2345
s 1
f 820/1917/2346 1788/1918/2347 1546/1633/2348
f 1546/1633/2348 1789/1919/2349 820/1917/2346
s 0
f 3/3/1866 1548/1635/1866 1242/1304/1866
f 1242/1304/1866 866/897/1866 3/3/1866
s 1
f 1790/1920/2350 1791/1921/2351 1792/1922/2352
f 1792/1922/2352 1351/1419/1544 1790/1920/2350
f 1793/1923/2353 693/719/2354 696/722/2355
f 696/722/2355 1794/1924/2356 1793/1923/2353
f 1795/1925/2357 69/69/2358 72/72/2359
f 72/72/2359 1796/1926/2360 1795/1925/2357
f 1797/1927/2361 415/1928/2362 1798/1929/2363
f 1798/1929/2363 1799/1930/2364 1797/1927/2361
f 1800/1931/2365 1335/1720/2366 1414/1488/2013
f 1414/1488/2367 1801/1932/2368 1800/1931/2369
f 1802/1933/2370 1803/1934/2371 1804/1935/2372
f 1804/1935/2372 1805/1936/2373 1802/1933/2370
f 1806/1937/2374 1339/1407/2375 1807/1938/2376
f 1807/1938/2376 1808/1939/2377 1806/1937/2374
f 1589/1679/2378 1354/1422/2379 1809/1940/2380
f 1809/1940/2380 1810/1941/2381 1589/1679/2378
f 1091/1942/2382 1406/1477/2383 199/200/2384
f 199/200/2384 1811/1943/2385 1091/1942/2382
f 1812/1944/2386 104/105/2387 107/108/2388
f 107/108/2388 1491/1572/2389 1812/1944/2386
f 1813/1945/2390 1814/1946/2391 1815/1947/2392
f 1815/1947/2393 377/1948/2394 1813/1945/2390
f 1816/1949/2395 1817/1950/2396 1818/1951/2397
s 0
f 1818/1952/2398 1819/1953/2398 1816/1954/2398
s 1
f 396/403/2399 395/402/2400 1325/1393/2401
f 1325/1393/2401 1757/1880/2402 396/403/2399
f 509/529/1374 1228/1289/1373 1266/1955/2403
f 1266/1956/2404 689/714/2405 509/1957/2406
f 1788/1918/2407 1820/1958/2408 9/9/2409
f 9/9/2409 178/179/2410 1788/1918/2407
f 1821/1959/2411 1822/1960/2412 1224/1961/1362
f 1224/1961/1362 1223/1962/1361 1821/1959/2411
f 1823/1963/2413 1824/1964/2414 1825/1965/2415
f 1825/1965/2415 1826/1966/2416 1823/1963/2413
f 257/259/256 839/870/2417 1677/1784/2121
f 1677/1784/2121 1827/1967/2418 257/259/256
f 1299/1365/2419 1132/1182/2420 97/97/2421
f 97/97/2421 1828/1968/2422 1299/1365/2419
f 861/892/915 1829/1969/2423 1830/1970/2424
f 1830/1970/2424 862/893/916 861/892/915
f 454/469/2425 860/891/914 863/894/917
f 863/894/2426 455/470/2427 454/469/2425
f 933/970/994 932/969/993 1831/1971/2428
f 1831/1971/2428 819/1972/2429 933/970/994
f 1122/1973/2430 319/321/1750 1476/1555/1753
f 1476/1555/1753 1832/1974/2431 1122/1973/2430
f 1833/1975/2432 1834/1976/2433 1835/1977/2434
f 1835/1977/2434 1836/1978/2435 1833/1975/2432
s 0
f 1837/1979/38 1630/1726/38 1838/1980/38
f 1838/1980/38 694/720/38 1837/1979/38
s 1
f 685/710/2436 1556/1643/1875 1558/1645/1878
f 1558/1645/1878 1839/1981/2437 685/710/2436
f 1118/1167/2438 910/944/966 913/947/969
f 913/947/969 1216/1275/2439 1118/1167/2438
f 1008/1052/1077 1840/1982/2440 1841/1983/2441
f 1841/1983/2441 95/1050/1074 1008/1052/1077
f 1842/1984/2442 1843/1985/2443 1844/1986/2444
f 1844/1986/2444 1845/1987/2445 1842/1984/2442
f 1846/1988/2446 1847/1989/2447 1848/1990/2448
f 1848/1990/2448 1849/1991/2449 1846/1988/2446
f 894/925/2450 1647/1747/2451 996/1425/2452
f 996/1425/1552 895/926/1551 894/925/2453
f 1850/1992/2454 1596/1686/2455 1598/1688/2456
f 1598/1688/2456 1851/1993/2457 1850/1992/2458
f 1852/1994/2459 1853/1995/2460 1854/1996/2461
f 1854/1996/2461 1855/1997/2462 1852/1994/2459
f 1856/1998/2463 368/373/2464 1857/1999/2465
f 1857/1999/2466 1858/2000/2467 1856/1998/2468
f 600/623/2469 1298/1364/2470 1297/1363/2471
f 1297/2001/2471 761/789/2472 600/624/2469
f 70/70/2473 1859/2002/2474 180/181/177
f 180/181/177 71/71/2475 70/70/2473
f 1860/2003/2476 466/483/2477 1861/2004/2478
f 1861/2004/2478 1563/1650/2479 1860/2003/2476
f 609/634/2480 64/64/61 1128/1178/1231
f 1128/1178/1231 1127/1177/1230 609/634/2480
f 1862/2005/2481 481/501/2482 1863/2006/2483
f 1863/2006/2483 1864/2007/2484 1862/2005/2481
s 0
f 1865/2008/2485 1710/2009/2485 1232/1293/2485
f 1232/1293/2485 1231/1292/2485 1865/2008/2485
s 1
f 1866/2010/2486 1160/1214/1276 294/296/1279
f 294/296/1279 837/868/2487 1866/2010/2486
f 1867/2011/2488 1868/2012/2489 1869/2013/2490
f 1869/2013/2490 1870/2014/2491 1867/2011/2488
f 483/503/1694 1438/1515/2492 1581/1669/1694
s 0
f 1581/1669/2493 1871/2015/2493 483/503/2493
s 1
f 675/700/2494 1866/2016/2486 837/2017/2487
f 837/2017/2487 676/701/2495 675/700/2494
f 808/837/2496 807/836/2497 1872/2018/2498
f 1872/2018/2498 1509/2019/2499 808/837/2496
f 239/241/239 238/240/238 1873/2020/2500
f 1873/2020/2500 898/929/2501 239/241/239
s 0
f 729/755/2502 1637/1733/2502 1587/1677/2502
f 1587/1677/2502 244/246/2502 729/755/2502
s 1
f 641/666/2065 407/416/404 406/415/403
f 406/415/403 1111/1156/1208 641/666/2065
f 666/691/2503 1771/1897/2308 581/604/2311
f 581/604/2311 667/692/2504 666/691/2503
f 1202/1261/2505 1874/2021/2506 1345/1413/2507
f 1345/1413/2507 1742/1862/2244 1202/1261/2505
f 1875/2022/2508 554/2023/2509 1876/2024/2510
f 1876/2024/2510 1667/1774/2511 1875/2022/2508
f 1877/2025/2512 1878/2026/2513 1879/2027/2514
f 1879/2027/2514 1880/2028/2515 1877/2025/2512
f 1881/2029/2516 367/372/38 1882/2030/38
f 1882/2030/38 1288/2031/2517 1881/2029/2516
f 1708/1820/2518 1883/2032/2519 1884/2033/2520
f 1884/2033/2520 1447/1525/2521 1708/1820/2518
f 1885/2034/2522 1119/1168/2523 1886/2035/2524
f 1886/2035/2524 1887/2036/2525 1885/2034/2522
f 940/2037/2526 598/626/610 601/625/613
f 601/625/613 1888/2038/2527 940/2037/2526
f 72/72/69 71/71/68 1889/2039/69
s 0
f 1889/2039/69 1271/1334/69 72/72/69
s 1
f 1086/1130/1182 1085/1129/1181 1890/2040/2528
f 1890/2040/2528 1891/2041/2529 1086/1130/1182
f 40/40/2530 39/39/2531 1417/1491/2532
f 1417/1491/2532 133/134/2533 40/40/2530
f 1892/2042/2534 618/643/634 621/646/637
f 621/646/637 1893/2043/2535 1892/2042/2534
f 1129/1179/1233 975/1016/1232 974/1015/2536
f 974/1015/2536 78/78/2537 1129/1179/1233
f 807/836/2538 810/839/2539 1894/2044/2540
f 1894/2044/2540 1895/2045/2541 807/836/2538
f 1896/2046/2542 1897/2047/2543 1562/1649/2544
f 1562/1649/2544 1443/1521/2545 1896/2046/2542
f 1898/2048/2546 1681/1788/2125 1684/1791/2128
f 1684/1791/2128 1544/1631/2547 1898/2048/2546
f 1188/1245/2548 1187/1244/2549 1854/1996/2550
f 1854/1996/2550 1853/1995/2551 1188/1245/2552
f 1899/2049/2553 1900/2050/2554 1901/2051/454
f 1901/2051/454 1902/2052/454 1899/2049/2553
f 1903/2053/2555 1904/2054/2556 1905/2055/2557
f 1905/2055/2557 1906/2056/2558 1903/2053/2555
f 1907/2057/2559 1908/2058/2560 1909/2059/2561
f 1909/2059/2561 1910/2060/2562 1907/2057/2563
f 1911/2061/2564 1912/2062/2565 1913/2063/2566
f 1913/2064/2566 1914/2065/2567 1911/2066/2568
f 22/22/2569 942/980/2570 1915/2067/2571
f 1915/2067/2571 1916/2068/2572 22/22/2569
f 1594/1684/2573 1593/1683/2574 1917/2069/2575
f 1917/2069/2575 1918/2070/2576 1594/1684/2573
f 323/2071/365 1919/2072/365 1516/1602/1811
f 1516/1602/1811 320/1601/1810 323/2071/365
f 561/584/2577 560/583/2578 1637/1733/2579
f 1637/1733/2579 729/755/2580 561/584/2577
f 323/2071/2581 1569/2073/2582 1826/1966/2583
f 1826/1966/2583 1919/2072/2581 323/2071/2581
f 1144/1195/2584 1308/1374/2585 450/465/2586
f 450/465/2586 449/464/2587 1144/1195/2584
f 1920/2074/2588 1425/2075/2589 1534/2076/2590
f 1534/2076/2590 1921/2077/2591 1920/2074/2588
f 541/562/543 1648/2078/2592 1649/2079/2593
f 1649/2079/2593 542/563/544 541/562/543
f 935/972/2594 1922/2080/2595 1923/2081/2596
f 1923/2081/2596 557/580/2597 935/972/2594
f 1924/2082/2598 1925/2083/2599 1926/2084/2600
f 1926/2084/2600 1927/2085/2601 1924/2082/2598
f 1928/2086/2602 1929/2087/2603 1403/1474/1623
f 1403/1474/1623 1402/1473/1622 1928/2086/2602
f 1930/2088/2604 1219/1278/2605 499/519/2606
f 499/519/2606 1931/2089/2607 1930/2088/2604
f 1932/2090/2608 103/2091/2609 825/2092/2610
f 825/2092/2610 1412/2093/2611 1932/2090/2608
f 1185/1240/2056 754/782/2612 1340/1408/2613
f 1340/1408/2613 1343/1411/2614 1185/1240/2056
f 1783/2094/2615 207/209/2616 210/212/2616
f 210/212/2616 734/760/2617 1783/2094/2615
f 942/980/1007 941/979/1006 803/832/2618
f 803/832/2618 1915/2067/2619 942/980/1007
f 1933/2095/2620 1311/1377/2191 1710/1822/2194
f 1710/1822/2194 1865/2096/2621 1933/2095/2621
f 1934/2097/2622 1935/2098/2623 1336/1404/2624
f 1336/1404/2624 1936/2099/2625 1934/2097/2622
s 0
f 1937/2100/2626 1938/2101/2626 1652/1756/2626
f 1652/1756/2626 1651/1755/2626 1937/2100/2626
s 1
f 1109/1154/1205 1939/2102/2627 1940/2103/2628
f 1940/2103/2628 1110/1155/1206 1109/1154/1205
f 1941/2104/2629 678/703/2630 1942/2105/2631
f 1942/2105/2631 1943/2106/2632 1941/2104/2629
f 1944/2107/2633 1723/2108/2634 1725/2109/2635
f 1725/2109/2635 1945/2110/2636 1944/2107/2637
s 0
f 809/838/2638 1277/1340/2638 1280/1343/2638
f 1280/1343/2639 810/839/2639 809/838/2639
s 1
f 1396/2111/1617 1946/2112/2640 753/781/2641
f 753/781/2641 299/2113/1618 1396/2111/1617
f 1947/2114/2642 190/191/1130 1948/2115/2643
f 1948/2116/2643 1949/2117/2644 1947/2118/2642
f 773/801/2344 1950/2119/2645 1951/2120/2646
f 1951/2120/2646 1360/1430/1560 773/801/2344
f 1952/2121/2647 1953/2122/2648 1954/2123/2649
f 1954/2123/2649 1955/2124/2650 1952/2121/2647
f 1956/2125/2651 1957/2126/2652 1958/2127/2653
f 1958/2127/2653 1959/2128/2654 1956/2125/2651
f 1750/1873/2261 1960/2129/2655 1961/2130/2656
f 1961/2130/2656 787/815/833 1750/1873/2261
f 522/542/2657 521/541/2658 1962/2131/2659
f 1962/2131/2659 1963/2132/2660 522/542/2657
f 531/551/534 360/364/356 1952/2121/2647
f 1952/2121/2647 1955/2124/2650 531/551/534
f 545/566/547 660/685/2661 1964/2133/2662
f 1964/2133/2662 546/567/548 545/566/547
f 1965/2134/2663 1716/1831/2664 1754/1877/2665
f 1754/1877/2666 1755/1878/2667 1965/2134/2668
f 1376/1446/2669 1218/2135/2670 1966/2136/2671
f 1966/2136/2671 850/881/2672 1376/1446/2669
f 353/401/387 1367/1437/1567 1370/1440/1570
f 1370/1440/1570 395/402/388 353/401/387
f 1967/2137/2673 1049/1093/2674 1048/1092/1133
f 1048/1092/1133 1574/1662/1995 1967/2137/2673
f 461/476/2675 464/479/2676 1968/2138/2677
f 1968/2138/2677 1969/2139/2678 461/476/2675
f 1970/2140/2679 1373/1443/1573 1374/1444/1574
f 1374/1444/1574 1971/2141/2680 1970/2140/2679
f 125/126/2681 401/410/2682 1972/2142/2683
f 1972/2142/2683 126/127/2684 125/126/2681
f 1973/2143/2685 1974/2144/2686 1819/1953/2686
f 1819/1953/2686 1975/2145/2685 1973/2143/2685
f 1057/1101/1144 471/490/469 474/493/472
f 474/493/472 1058/1102/1145 1057/1101/1144
f 1107/1152/2687 1126/1176/2688 1976/2146/2689
f 1976/2147/2689 1579/1667/2690 1107/2148/2687
f 1274/1337/2691 514/534/2692 513/533/2693
f 513/533/2693 1977/2149/2694 1274/1337/2691
f 1658/2150/2695 493/513/492 271/273/2696
f 271/273/2696 270/272/2697 1658/2150/2695
f 1978/2151/2698 1979/2152/2699 1980/2153/2700
f 1980/2153/2700 29/29/2701 1978/2151/2698
f 289/1582/2702 877/908/2703 1266/1329/2704
f 1266/2154/2704 1228/2155/2705 289/291/2702
f 1942/2105/2706 185/186/2707 184/185/2708
f 184/185/2708 1943/2106/2709 1942/2105/2706
s 0
f 1981/2156/563 1982/2157/563 1983/2158/563
s 1
f 1983/2158/2710 1606/1696/2711 1981/2156/2712
f 719/745/2713 709/735/2714 712/738/2715
f 712/738/2715 1130/1180/2716 719/745/2713
f 444/459/2717 443/458/2718 943/982/2719
f 943/982/2719 926/981/2720 444/459/2717
f 372/377/2721 1984/2159/2722 1985/2160/2723
s 0
f 1985/2160/2189 373/378/2189 372/377/2189
s 1
f 1986/2161/2724 1751/2162/2725 1987/2163/2726
f 1987/2163/2726 768/796/810 1986/2161/2724
f 1988/2164/2727 1537/1624/2728 1989/2165/2729
f 1989/2165/2730 1990/2166/2731 1988/2164/2727
f 1645/1745/2732 1644/1744/2733 1991/2167/2734
f 1991/2167/2734 1992/2168/2735 1645/1745/2732
f 808/837/2736 1896/2046/2542 1443/1521/2545
f 1443/1521/2737 809/838/2738 808/837/2739
f 761/789/802 1297/2001/2740 1993/2169/2741
f 1993/2169/2741 762/790/803 761/789/802
f 1171/1226/2742 1994/2170/2743 1995/2171/540
f 1995/2171/540 1051/1095/2744 1171/1226/2742
f 1859/2002/2745 1996/2172/2746 181/182/2747
f 181/182/2747 180/181/2748 1859/2002/2745
f 1778/1904/2319 602/627/2318 1984/2159/2722
f 1984/2159/2722 372/377/2749 1778/1904/2319
f 984/1025/2750 1997/2173/2751 1690/2174/2752
f 1690/2174/2752 1442/1519/2753 984/1025/2750
f 1998/2175/2754 1999/2176/2755 2000/2177/2756
f 2000/2177/2756 1439/1516/2757 1998/2175/2754
f 718/744/2758 2001/2178/2759 709/735/2714
f 709/735/2714 719/745/2713 718/744/2758
f 664/689/2760 518/538/521 900/931/1291
f 900/931/953 665/690/952 664/689/2761
f 1819/1953/2762 1818/1952/2763 2002/2179/2764
f 2002/2179/2764 1975/2145/2765 1819/1953/2762
f 2003/2180/2766 418/432/2767 421/431/419
f 421/431/419 1624/1718/2768 2003/2180/2766
f 1211/1270/2769 2004/2181/2770 26/26/2771
f 26/26/2771 25/25/2772 1211/1270/2769
f 1696/1804/2773 1828/1968/2774 2005/2182/2775
f 2005/2182/2776 1697/1805/2777 1696/1804/2773
f 674/699/2778 673/698/2779 48/48/2780
s 0
f 48/48/2781 812/841/2781 674/699/2781
s 1
f 311/2183/2782 794/822/843 796/824/845
f 796/824/2783 2006/2184/2784 311/2183/2785
f 2007/2185/2786 494/514/2787 496/516/496
f 496/516/496 2008/2186/2788 2007/2185/2786
f 907/939/963 906/938/1215 41/1211/1218
f 41/1211/1218 1158/1210/1274 907/939/963
f 1810/1941/2789 1880/2028/2790 769/797/2791
f 769/797/2791 768/796/810 1810/1941/2789
f 2009/2187/2792 1885/2034/2522 1887/2036/2525
f 1887/2036/2525 2010/2188/2793 2009/2187/2792
f 2011/2189/2794 2012/2190/2795 965/1006/2796
f 965/1006/2796 964/1005/2797 2011/2189/2794
f 2013/2191/2798 2014/2192/2799 1586/2193/2800
f 1586/2193/2800 103/2194/2801 2013/2191/2798
f 1563/1650/2802 1861/2004/2803 2001/2178/2759
f 2001/2178/2759 718/744/2758 1563/1650/2802
f 2015/2195/2804 431/444/2805 430/443/2806
f 430/443/2806 680/705/2807 2015/2195/2804
f 56/56/2213 2016/2196/2808 630/655/651
f 630/655/651 629/654/650 56/56/2213
f 1699/1809/2809 1987/2163/2810 1751/2162/2811
f 1751/1874/2271 981/1022/2270 1699/2197/2812
f 1844/1986/2813 1043/1087/1124 317/319/315
f 317/319/315 316/318/314 1844/1986/2813
f 2017/2198/2814 1178/1233/2815 1386/2199/2816
f 1386/2199/2816 1385/2200/2817 2017/2198/2814
f 1156/1207/2818 1155/1206/2819 2018/2201/2820
f 2018/2201/2820 2019/2202/2821 1156/1207/2818
f 2020/2203/2822 2021/2204/2823 1283/1347/2824
f 1283/1347/2824 1282/1346/2825 2020/2203/2822
f 1104/1149/1849 1103/1148/2826 1084/1128/1180
f 1084/1128/1180 1083/1127/1179 1104/1149/1849
f 1233/1294/2827 2022/2205/2828 1631/1727/2829
f 1631/1727/2829 1234/1295/2830 1233/1294/2827
f 684/709/2831 235/237/2831 267/269/2832
f 267/269/2832 2023/2206/2833 684/709/2831
f 1338/1406/2834 811/840/855 110/111/858
f 110/111/107 109/110/106 1338/1406/1527
s 0
f 1386/2199/2835 1178/1233/2835 1180/1235/2835
f 1180/1235/2836 1437/2207/2836 1386/2199/2836
s 1
f 2024/2208/2837 1805/1936/2838 2025/2209/2839
f 2025/2209/2839 2026/2210/2840 2024/2208/2837
f 1437/2207/2841 1180/1235/2842 931/968/992
f 931/968/992 930/967/991 1437/2207/2841
f 1551/1638/1869 1550/1637/1868 1120/1169/2843
f 1120/1169/2843 2027/2211/2844 1551/1638/1869
f 1449/1527/2845 2028/2212/2846 2029/2213/2847
f 2029/2213/2847 2030/2214/2848 1449/1527/2845
f 861/892/2849 1692/1799/2850 2031/2215/2851
f 2031/2215/2851 1829/1969/2852 861/892/2849
s 0
f 695/2216/38 2032/2217/38 1093/1138/38
f 1093/1138/38 928/965/38 695/2216/38
s 1
f 1440/1517/2853 2033/2218/2854 982/1023/2855
f 982/1023/2269 1455/1534/2268 1440/1517/2856
f 1029/1073/1106 1773/1899/2857 2034/2219/2858
f 2034/2219/2858 1030/1074/1107 1029/1073/1106
f 1835/1977/2434 1583/1671/1927 380/385/1930
f 380/385/1930 1836/1978/2435 1835/1977/2434
f 406/415/1209 409/418/2067 432/1754/2070
f 432/1754/2070 704/1157/1210 406/415/1209
f 2035/2220/2859 1014/1058/2860 1221/1280/2861
f 1221/1280/2861 1220/1279/2862 2035/2220/2859
f 984/1025/2750 983/1024/2753 284/286/2863
f 284/286/2863 1997/2173/2751 984/1025/2750
f 1110/1155/2864 1595/1685/2865 1847/1989/2866
f 1847/1989/2866 1065/1109/2867 1110/1155/2864
f 1864/2007/2868 1863/2006/2869 1200/1259/2870
f 1200/1259/2870 2036/2221/2871 1864/2007/2868
f 1434/1509/2872 2037/2222/2873 2038/2223/2874
f 2038/2223/2874 1435/1510/2875 1434/1509/2872
f 295/297/294 2039/2224/2876 66/66/2877
f 66/66/2877 296/298/295 295/297/294
f 678/703/2878 1731/1849/2879 1734/1852/2880
f 1734/1852/2880 1942/2105/2881 678/703/2878
f 1997/2173/2751 284/286/2863 287/289/489
f 287/289/489 493/513/492 1997/2173/2751
s 0
f 1355/1423/2882 995/1036/2882 1236/2225/2882
f 1236/1297/2882 2040/2226/2882 1355/1424/2882
s 1
f 1398/1469/2883 1703/1815/2884 1629/1725/2024
f 1629/1725/2024 1399/1470/2023 1398/1469/2883
f 1286/1481/1633 1408/1480/1632 790/818/2184
f 790/818/2184 1287/2227/2184 1286/1481/1633
f 1098/1143/2885 730/756/2886 306/308/2887
f 306/308/2887 305/307/2888 1098/1143/2885
f 1943/2106/2709 184/185/2708 2041/2228/2889
f 2041/2228/2889 2042/2229/2890 1943/2106/2709
s 0
f 2043/2230/2891 2044/2231/2891 469/486/2891
f 469/486/2892 468/485/2892 2043/2230/2892
s 1
f 1523/1610/1824 2045/2232/2893 1627/1723/2894
f 1627/1723/2894 1524/1611/1824 1523/1610/1824
f 1984/2159/2895 602/627/614 605/630/617
f 605/630/617 2046/2233/2896 1984/2159/2895
s 0
f 155/156/999 2047/2234/999 2048/2235/999
f 2048/2235/999 156/157/999 155/156/999
f 2049/2236/2038 2050/2237/2038 1777/2238/2038
f 1777/2238/999 2051/2239/999 2049/2236/999
s 1
f 2052/2240/2897 2053/2241/2898 335/337/2899
f 335/337/2899 2054/2242/2900 2052/2240/2897
f 1822/2243/2901 387/392/378 390/395/381
f 390/395/381 1224/1283/2902 1822/2243/2901
f 222/224/2903 2055/2244/2904 2056/2245/2905
f 2056/2245/2905 1730/1848/2906 222/224/2903
f 1946/2112/2907 2057/2246/2908 77/77/2909
f 77/77/2909 80/80/76 1946/2112/2907
f 2058/2247/2910 2059/2248/2911 273/275/2912
f 273/275/2913 272/274/2914 2058/2247/2915
f 250/252/2916 1413/1487/2917 226/228/225
f 226/228/225 225/227/224 250/252/2916
f 197/198/191 1525/1612/2918 1549/1636/1867
f 1549/1636/1867 152/153/192 197/198/191
f 1516/1602/2919 1919/2072/2920 1198/1257/2921
f 1198/1257/2921 491/511/2922 1516/1602/2919
f 2060/2249/2923 2061/2250/2924 835/866/2925
f 835/866/2925 388/393/2926 2060/2249/2923
f 448/463/448 447/462/447 2062/2251/2927
f 2062/2252/2927 1764/1890/2928 448/1889/448
f 2063/2253/2929 881/912/2930 2064/2254/2931
f 2064/2254/2931 2065/2255/2932 2063/2253/2929
f 1262/2256/1431 1261/2257/1430 1932/2258/2608
f 1932/2090/2608 2066/2259/2933 1262/1325/1431
f 1023/1067/2934 1777/2238/2935 1778/2260/2936
f 1778/2260/2936 1024/1068/2937 1023/1067/2934
s 0
f 2067/2261/1388 2040/2226/1388 1236/1297/1388
s 1
f 1236/1297/1388 1235/1296/1387 2067/2261/1388
f 1653/1757/2938 1530/1617/2939 1532/1619/2940
f 1532/1619/2940 1654/1758/2941 1653/1757/2938
f 779/2262/2942 2068/2263/2943 992/1561/1056
f 992/1033/1056 780/808/1055 779/807/2942
f 801/830/2944 1714/1828/2945 1499/1580/2946
f 1499/1580/2946 2069/2264/2947 801/830/2944
f 1014/1058/2860 1013/1057/2948 2070/2265/2949
f 2070/2265/2949 1221/1280/2861 1014/1058/2860
f 2071/2266/2950 2018/2201/2951 237/239/2952
f 237/239/2952 2072/2267/2953 2071/2266/2950
f 1534/2076/2590 1533/2268/2954 2073/2269/2955
f 2073/2269/2955 1921/2077/2956 1534/2076/2590
f 565/2270/2957 626/651/2958 189/190/2959
f 189/190/2959 188/189/2960 565/2270/2957
f 866/897/2961 1243/1305/2962 1517/1604/1814
f 1517/1604/1814 867/898/1813 866/897/2961
f 1260/1323/1429 575/598/2963 2013/2271/2964
f 2013/2271/2964 1261/1324/1430 1260/1323/1429
f 2074/2272/2965 2075/2273/2966 2076/2274/2967
f 2076/2274/2967 2077/2275/2968 2074/2272/2965
s 0
f 1929/2087/2969 1928/2086/2969 2056/2245/2969
s 1
f 2056/2245/2905 2055/2244/2970 1929/2087/2971
f 2078/2276/2972 2079/2277/2973 2068/2263/2943
f 2068/2263/2943 779/2262/2942 2078/2276/2972
s 0
f 1242/1304/2974 399/408/2974 125/126/2974
f 125/126/2975 124/125/2975 1242/1304/2975
s 1
f 578/2278/2976 2014/2192/2977 2013/2191/2978
f 2013/2271/2978 575/598/2979 578/601/2976
f 724/2279/2980 723/2280/2981 2080/2281/2982
f 2080/2281/2982 1482/1563/2983 724/2279/2980
f 2081/2282/2984 258/2283/257 2082/2284/2985
f 2082/2284/2985 1999/2176/2986 2081/2282/2984
f 112/113/110 115/116/113 1513/1598/2987
f 1513/1598/2987 1512/1597/2988 112/113/110
f 66/66/2877 2039/2224/2876 475/494/2989
f 475/494/2989 67/67/2990 66/66/2877
f 2083/2285/2991 2010/2188/2992 1657/1762/2993
f 1657/1762/2993 1044/1088/2994 2083/2285/2991
f 1569/2073/2582 1096/2286/2995 1823/1963/2996
f 1823/1963/2996 1826/1966/2583 1569/2073/2582
f 657/682/2997 2084/2287/2998 2085/2288/2999
f 2085/2288/2999 2086/2289/3000 657/682/2997
f 2087/2290/3001 2088/2291/3002 1019/1063/3003
f 1019/1063/3003 2025/2209/3004 2087/2290/3001
f 2089/2292/3005 1145/1196/3006 1148/1199/3007
f 1148/1199/3007 2090/2293/3008 2089/2292/3009
f 1646/2294/3010 1645/2295/3011 2091/2296/3012
f 2091/2296/3012 2092/2297/3013 1646/2294/3014
f 1210/2298/3015 1209/2299/3016 733/759/3017
f 733/759/3017 2093/2300/3018 1210/2298/3015
f 2094/2301/3019 1836/1978/3020 380/385/372
f 380/385/372 379/384/371 2094/2301/3019
f 1993/2302/3021 1249/1312/3022 1252/1315/3023
f 1252/1315/3023 634/2303/3024 1993/2302/3021
f 2095/2304/3025 2096/2305/3026 2006/2184/2784
f 2006/2184/2784 2097/2306/3027 2095/2304/3025
f 2098/2307/3028 2093/2300/3029 2099/2308/3030
f 2099/2308/3030 2100/2309/3031 2098/2307/3028
f 753/781/2641 1341/1409/3032 1340/1408/3033
f 1340/1408/3033 754/782/3034 753/781/3035
f 1459/1538/1732 1458/1537/1731 73/73/3036
f 73/73/3036 2101/2310/3037 1459/1538/1732
f 1918/2070/3038 1917/2069/3039 1660/1766/3040
f 1660/1766/3040 1659/1765/3041 1918/2070/3038
f 2102/2311/3042 2103/2312/3043 1273/1336/3044
f 1273/1336/3044 1363/1433/3045 2102/2311/3042
s 0
f 2104/2313/3046 2105/2314/3046 689/2315/3046
f 689/2315/3046 1266/2316/3046 2104/2313/3046
s 1
f 2106/2317/3047 591/2318/605 1305/1371/1482
f 1305/1371/1482 1304/1370/3048 2106/2317/3047
f 1402/1473/3049 1405/1476/3050 956/996/3051
f 956/996/3051 955/995/3052 1402/1473/3049
f 516/536/516 515/535/515 916/950/3053
f 916/950/3053 2107/2319/3054 516/536/516
f 757/785/3055 1695/1802/3056 2108/2320/3057
f 2108/2320/3057 758/786/3058 757/785/3059
s 0
f 1201/1260/3060 2109/2321/3060 1874/2021/3060
s 1
f 1874/2021/2506 1202/1261/2505 1201/1260/3061
f 2110/2322/3062 2111/2323/3063 370/2324/3064
f 370/2324/3065 2112/2325/3066 2110/2322/3062
s 0
f 304/306/599 303/305/599 1154/1205/599
f 1154/1205/599 585/608/599 304/306/599
s 1
f 883/914/3067 2113/2326/3068 1689/1796/3069
f 1689/1796/3069 2114/2327/3070 883/914/3067
f 605/630/617 604/629/3071 428/441/3072
f 428/441/3072 431/444/3073 605/630/617
f 2001/2178/3074 2115/2328/3075 710/736/744
f 710/736/744 709/735/743 2001/2178/3074
f 1092/1137/3076 327/329/325 1809/1940/3077
f 1809/1940/3077 1354/1422/3078 1092/1137/3076
f 1420/1495/3079 2114/2327/3080 1689/1796/3081
f 1689/1796/3081 1206/1265/3082 1420/1495/3079
f 1561/1648/1882 1560/1647/1881 1050/1094/3083
f 1050/1094/3083 1053/1097/3084 1561/1648/1882
s 0
f 653/678/38 2116/2329/38 2117/2330/38
f 2117/2330/38 652/677/38 653/678/38
s 1
f 1980/2153/3085 1061/1105/3086 30/30/3086
f 30/30/3086 29/29/3086 1980/2153/3085
f 1476/1555/3087 1475/1554/3088 2118/2331/3089
f 2118/2331/3089 2119/2332/3090 1476/1555/3087
s 0
f 1656/1760/999 2120/2333/999 520/540/999
s 1
f 520/540/3091 519/539/522 1656/1760/3092
f 2121/2334/3093 1490/1571/3094 1489/1570/3095
f 1489/1570/3095 1135/2335/3096 2121/2334/3093
f 1910/2060/3097 1909/2059/3098 2122/2336/3099
f 2122/2336/3099 2123/2337/3100 1910/2060/3097
f 2102/2311/3101 2124/2338/3102 2125/2339/3103
f 2125/2339/3103 2103/2312/3104 2102/2311/3101
f 473/492/3105 449/464/453 452/467/452
f 452/467/452 2004/2181/3106 473/492/3105
f 715/741/3107 2126/2340/3108 2094/2341/3109
f 2094/2341/3109 2127/2342/3110 715/741/3107
f 2128/2343/3111 2129/2344/3112 2130/2345/3113
f 2130/2345/3113 590/613/3114 2128/2343/3111
f 1052/1096/3115 2131/2346/3116 2132/2347/3117
f 2132/2347/3118 1525/1612/1828 1052/1096/1827
f 172/173/1991 1618/1711/1990 1872/2348/3119
f 1872/2348/3119 2133/2349/3119 172/173/1991
f 2134/2350/3120 2135/2351/3121 1526/1613/3122
f 1526/1613/3122 1500/1583/1789 2134/2350/3120
s 0
f 1477/1556/3123 886/917/3123 889/920/3123
f 889/920/3124 1478/1557/3124 1477/1556/3124
s 1
f 1863/2006/2869 828/859/3125 827/858/3126
f 827/858/3126 1200/1259/2870 1863/2006/2869
f 1095/2352/3127 1217/1276/3128 1219/1278/3129
f 1219/1278/3130 1930/2088/3131 1095/2352/3132
f 2019/2202/3133 2018/2201/3134 2071/2266/3135
f 2071/2266/3135 851/882/3136 2019/2202/3133
f 568/2353/3137 567/1908/3138 321/323/319
f 321/323/319 320/322/318 568/2353/3137
f 2136/2354/3139 2092/2355/3140 1622/2356/3141
f 1622/2356/3141 1621/2357/3142 2136/2354/3139
f 2137/2358/3143 1427/1502/3144 1852/1994/3145
f 1852/1994/3146 2138/2359/3147 2137/2358/3143
s 0
f 2091/2296/3148 2139/2360/3148 1622/2361/3148
s 1
f 1622/2361/3149 2092/2297/3013 2091/2296/3012
s 0
f 2140/2362/3150 1268/1331/3150 1123/1173/3150
f 1123/1173/3151 1106/1151/3151 2140/2362/3151
s 1
f 2141/2363/3152 1543/1630/3153 1701/1813/3154
f 1701/1813/3154 1635/1731/3155 2141/2363/3152
f 1976/2146/3156 2142/2364/1322 855/886/999
f 855/886/999 936/973/999 1976/2146/3156
f 1753/1876/2273 240/242/1621 1397/1468/1620
f 1397/1468/1620 1718/1834/2274 1753/1876/2273
s 0
f 566/589/383 1157/1208/383 1470/1549/383
f 1470/1549/383 1009/1053/383 566/589/383
s 1
f 43/43/1726 1455/1534/1725 1751/1874/2725
f 1751/1874/2725 1986/2365/2724 43/43/1726
f 1222/1281/3157 1196/1253/3158 1074/1256/3159
f 1074/1256/3159 1153/1748/1228 1222/1281/3157
f 2005/2182/3160 100/100/3161 233/235/233
f 233/235/233 232/234/232 2005/2182/3160
f 932/969/3162 1964/2133/3163 2143/2366/3164
f 2143/2366/3164 1831/1971/3165 932/969/3162
f 2144/2367/3166 1846/2368/2446 1849/2369/2449
f 1849/2369/2449 2145/2370/3166 2144/2367/3166
f 550/573/552 536/557/3167 539/560/3168
f 539/560/3169 551/574/553 550/573/552
f 1624/1718/2007 421/431/3170 277/279/274
f 277/279/274 276/278/2008 1624/1718/2007
s 0
f 157/158/154 156/157/154 1858/2000/154
f 1858/2000/154 1000/1041/154 157/158/154
s 1
f 634/2303/3024 1252/1315/3023 1142/1193/3171
f 1142/1193/3171 635/2371/3172 634/2303/3024
s 0
f 1882/2030/38 367/372/38 2111/2372/38
s 1
f 2111/2323/38 2146/2373/3173 1882/2374/38
f 2147/2375/3174 1802/1933/3175 1805/1936/2838
f 1805/1936/2838 2024/2208/2837 2147/2375/3174
f 863/894/3176 862/893/3177 2148/2376/3178
s 0
f 2148/2376/3179 1390/2377/3179 863/894/3179
s 1
f 1405/1476/3180 670/2378/3181 1348/1416/3182
f 1348/1416/3182 956/996/3051 1405/1476/3050
f 1108/1514/1203 1107/2148/1202 1579/1667/1916
f 1579/1667/1916 1438/1515/1915 1108/1514/1203
f 122/123/3183 1543/1630/3184 2141/2363/3185
f 2141/2363/3185 123/124/3186 122/123/3183
f 1219/1278/2605 1060/1104/1150 500/520/3187
f 500/520/3187 499/519/2606 1219/1278/2605
f 2149/2379/3188 2150/2380/3189 384/389/376
f 384/389/376 383/388/375 2149/2379/3188
f 2151/2381/3190 2152/2382/3191 2153/2383/3192
f 2153/2383/3193 2154/2384/3194 2151/2381/3195
f 2132/2347/3196 1842/2385/2442 1845/2386/2445
f 1845/2386/2445 1550/1637/3197 2132/2347/3196
s 0
f 2155/2387/3198 2156/2388/3198 1320/1387/3198
s 1
f 1320/1387/3199 1319/1386/3200 2155/2387/3201
f 699/725/3202 698/724/3203 1990/2166/3204
f 1990/2166/3204 2157/2389/3205 699/725/3202
f 831/862/3206 924/960/1244 1139/1189/1247
f 1139/1189/1247 2158/2390/3207 831/862/3206
f 2159/2391/3208 632/657/1086 1016/1060/1089
f 1016/1060/1089 1604/1694/3209 2159/2391/3208
f 325/327/3210 1122/2392/2430 1832/2393/2431
f 1832/2393/2431 326/328/3211 325/327/3210
f 542/563/544 1649/2079/2593 977/2394/1039
f 977/2394/1039 923/1825/983 542/563/544
f 2160/2395/3212 2161/2396/3212 2162/2397/3213
f 2162/2397/3213 2163/2398/3214 2160/2395/3212
f 535/556/627 1091/1135/3215 1811/2399/3216
f 1811/2399/3216 611/636/628 535/556/627
f 512/532/3217 2164/2400/3218 1934/2097/2622
f 1934/2097/2622 1936/2099/2625 512/532/3217
f 2165/2401/3219 1659/1765/2086 1662/1768/2089
f 1662/1768/2089 2166/2402/3220 2165/2401/3219
f 2167/2403/3221 1027/1071/1104 1030/1074/1107
f 1030/1074/1107 2168/2404/3222 2167/2403/3221
f 1457/1536/1728 1456/1535/1727 980/2405/1728
f 980/1021/1728 979/1020/1728 1457/2406/1728
f 2169/2407/3223 1380/1451/1583 1669/1776/3224
f 1669/1776/3224 1617/1710/3225 2169/2407/3223
f 1539/1626/1850 1083/1127/1179 1086/1130/1182
f 1086/1130/1182 2170/2408/3226 1539/1626/1850
s 0
f 2044/2231/3227 2043/2230/3227 1105/1150/3227
f 1105/1150/540 1705/2409/540 2044/2231/540
s 1
f 1087/1131/3228 1090/1134/3229 1102/1147/3230
f 1102/1147/3230 2171/2410/3231 1087/1131/3228
f 2172/2411/3232 2173/2412/3233 1331/1399/3234
f 1331/1399/3234 2174/2413/3235 2172/2411/3232
f 1450/1528/3236 2175/2414/3237 1307/1373/3238
f 1307/1373/3239 1306/1372/2154 1450/1528/2153
f 234/236/1081 264/266/263 267/269/266
f 267/269/266 235/237/3240 234/236/1081
f 792/820/3241 1851/1993/3242 1598/1688/3243
f 1598/1688/3243 1328/1396/3243 792/820/3241
f 373/378/3244 1985/2160/3245 1173/1228/3246
f 1173/1228/3246 1103/1148/3247 373/378/3244
f 2176/2415/3248 2089/2292/3249 2090/2293/3250
f 2090/2293/3250 2177/2416/3251 2176/2415/3248
f 738/764/69 737/763/69 1691/1798/2144
f 1691/1798/2144 1469/1548/2143 738/764/69
f 1560/1647/3252 1159/1213/1275 1169/1223/1286
f 1169/1223/1286 1050/1094/3253 1560/1647/3252
f 260/262/3254 263/265/3255 1578/1666/3256
f 1578/2417/3256 361/365/3257 260/552/3254
f 994/1035/1058 993/1034/1057 2178/2418/3258
f 2178/2418/3258 2179/2419/3259 994/1035/1058
f 135/136/2003 134/135/3260 1766/1892/3261
f 1766/1892/3261 697/723/2004 135/136/2003
f 71/71/2475 180/181/177 183/184/176
f 183/184/176 1889/2039/3262 71/71/2475
f 2180/2420/3263 2181/2421/3264 2182/2422/3265
f 2182/2422/3266 2183/2423/3267 2180/2420/3268
f 1958/2127/2653 1957/2126/2652 2184/2424/3269
s 0
f 2184/2424/454 1315/2425/454 1958/2127/454
s 1
f 450/465/2586 1308/1374/2585 1311/1377/3270
f 1311/1377/3270 1933/2095/3271 450/465/2586
f 597/620/609 596/619/608 954/994/3272
f 954/994/3272 765/793/3273 597/620/609
s 0
f 392/397/383 725/751/383 728/754/383
s 1
f 728/754/383 393/398/384 392/397/383
f 2185/2426/3274 496/516/496 1027/1071/1104
f 1027/1071/1104 2167/2403/3221 2185/2426/3274
f 210/212/207 209/211/206 723/749/761
f 723/749/761 83/83/760 210/212/207
f 2186/2427/3275 1852/2428/3276 1855/2429/3277
f 1855/2429/3277 2187/2430/3278 2186/2427/3275
f 2173/2412/3279 1894/2044/3280 524/544/3281
f 524/544/3281 523/543/3282 2173/2412/3279
f 1813/1945/3283 120/2431/3284 561/1735/3285
f 561/1735/3285 1638/1734/3286 1813/1945/3283
f 783/811/3287 1573/1661/1904 1576/1664/1907
f 1576/1664/1907 148/149/2280 783/811/3287
f 2188/2432/3288 1726/1847/2223 1729/1846/3289
f 1729/1846/3289 2189/2433/3290 2188/2432/3288
f 911/945/967 2190/2434/3291 1143/1194/3292
f 1143/1194/3292 912/946/968 911/945/967
f 1442/2435/3293 1690/1797/2142 458/473/2141
f 458/473/2141 457/472/3294 1442/2435/3293
f 1705/2409/3295 1105/1150/3295 1108/1153/1692
f 1108/1153/1692 482/2436/1691 1705/2409/3295
f 887/918/3296 2191/2437/3297 1901/2051/3298
f 1901/2051/3298 1900/2050/3299 887/918/3296
f 2192/2438/3300 1378/1448/3301 2193/2439/3302
f 2193/2439/3302 2194/2440/3303 2192/2438/3300
f 1950/2119/3304 1571/1659/1901 702/728/1900
f 702/728/1900 1951/2120/3305 1950/2119/3304
f 2195/2441/3306 2034/2219/3307 2196/2442/3308
f 2196/2442/3308 2197/2443/3309 2195/2441/3306
f 734/760/773 210/212/3310 83/83/3311
f 83/83/3311 82/82/774 734/760/773
f 1662/1768/3312 1661/1767/3313 461/476/2675
f 461/476/2675 1969/2139/2678 1662/1768/3312
f 721/747/955 901/932/954 1813/1945/3314
f 1813/1945/3314 1638/1734/3315 721/747/955
f 2196/2442/3316 1776/1902/3317 1429/1504/3318
f 1429/1504/3318 1428/1503/3319 2196/2442/3316
f 160/161/155 484/504/846 798/827/155
s 0
f 798/827/3320 161/162/3320 160/161/3320
s 1
f 1456/1535/2021 739/766/785 741/769/784
f 741/769/784 980/2405/3321 1456/1535/2021
f 470/488/3322 162/163/3323 2198/2444/3324
f 2198/2444/3325 467/489/3326 470/488/3327
f 1789/1919/3328 1546/1633/3329 1547/1634/3330
f 1547/1634/3330 878/2445/3331 1789/1919/3328
f 2143/2366/3332 1181/1236/3333 1184/1239/3334
f 1184/1239/3334 1820/1958/3335 2143/2366/3332
f 4/4/3336 867/898/3337 756/784/3338
f 756/784/3338 2199/2446/3339 4/4/3336
f 1694/1801/3340 165/166/3341 969/1010/3342
f 969/1010/3342 1663/1769/3343 1694/1801/3340
f 2200/2447/3344 2008/2186/2788 496/516/496
f 496/516/496 2185/2426/3274 2200/2447/3344
f 730/756/768 244/246/244 247/249/247
f 247/249/3345 306/308/3346 730/756/3347
f 815/844/860 1229/1290/3348 1207/1266/3349
f 1207/1266/3349 816/845/861 815/844/860
f 100/100/3350 99/99/3351 2201/2448/3352
f 2201/2448/3352 233/235/3353 100/100/3350
f 1830/1970/2424 1829/1969/2423 2202/2449/3354
f 2202/2449/3354 2203/2450/3355 1830/1970/2424
f 1887/2036/3356 1886/2035/3357 1056/1100/3358
f 1056/1100/3358 1748/1871/3359 1887/2036/3356
f 2133/2451/3360 1895/2045/3361 2172/2411/3362
f 2172/2411/3362 1113/2452/3363 2133/2451/3360
f 1906/2056/3364 2204/2453/3365 329/331/3366
f 329/331/3366 328/330/3367 1906/2056/3364
f 2066/2259/2933 1932/2090/2608 1412/2093/2611
f 1412/2093/2611 2205/2454/3368 2066/2259/2933
f 1964/2133/2662 660/685/2661 1181/1236/3333
f 1181/1236/3333 2143/2366/3332 1964/2133/2662
f 739/766/780 1552/1639/1870 1551/1638/1869
f 1551/1638/1869 740/767/781 739/766/780
f 2206/2455/3369 2207/2456/3370 2208/2457/3371
f 2208/2457/3371 2164/2400/3218 2206/2455/3369
f 1854/1996/3372 1187/1244/3373 2209/2458/3374
f 2209/2458/3375 2011/2459/3376 1854/1996/3377
f 1888/2038/3378 601/625/3379 760/788/3380
f 760/788/3380 2012/2190/3381 1888/2038/3378
f 1994/2460/3382 770/2461/3383 2210/2462/3384
f 2210/2462/3384 714/740/3385 1994/2460/3382
f 1744/1864/3386 2211/2463/3387 1017/1061/3388
f 1017/1061/3388 1745/1865/3389 1744/1864/3386
f 27/27/3390 203/204/3391 1230/1291/3392
f 1230/1291/3392 1229/1290/3393 27/27/3390
f 2212/2464/3394 752/780/3395 755/783/3396
f 755/783/3396 1186/1241/3397 2212/2464/3398
s 0
f 1702/1814/3399 2213/2465/3399 1588/1678/3399
f 1588/1678/3400 1587/1677/3400 1702/1814/3400
s 1
f 2214/2466/3401 527/2467/3402 530/1047/3403
f 530/1047/3403 1005/1046/3404 2214/2466/3401
f 1171/1226/1289 767/1225/1288 770/2468/3383
f 770/2468/3383 1994/2170/3382 1171/1226/1289
f 2168/2404/3222 2195/2441/3405 669/694/696
f 669/694/696 668/693/695 2168/2404/3222
f 1927/2085/3406 1926/2084/3407 544/565/3408
f 544/565/3408 2215/2469/3409 1927/2085/3406
f 2216/2470/3410 2217/2471/3411 2218/2472/3412
f 2218/2472/3412 1770/1896/3413 2216/2470/3410
f 127/128/3414 126/127/3415 1706/1818/3416
f 1706/1818/3416 164/165/3417 127/128/3414
f 2219/2473/3418 397/404/3419 1713/1827/3420
f 1713/1827/3420 1441/1518/3421 2219/2473/3418
f 1840/1982/2440 411/420/3422 106/2474/3423
f 106/2474/3423 1841/1983/2441 1840/1982/2440
f 700/726/3424 1752/1875/3425 1704/1816/2275
f 1704/1816/3426 1038/1082/2002 700/726/2005
f 2220/2475/3427 2221/2476/3428 671/696/3429
f 671/696/3430 2222/2477/3431 2220/2475/3427
f 1041/1085/3432 460/475/3433 1735/1853/3434
f 1735/1853/3434 2223/2478/3435 1041/1085/3432
f 582/605/596 845/876/3436 1535/1622/3437
f 1535/1622/3437 583/606/597 582/605/596
f 275/277/3438 274/276/3439 2224/2479/3440
f 2224/2479/3440 2225/2480/3441 275/277/3441
f 2226/2481/3442 868/899/3443 871/902/3444
f 871/902/3444 1614/1707/3445 2226/2481/3442
f 2227/2482/3446 637/662/658 640/665/661
f 640/665/661 1711/1823/2195 2227/2482/3446
f 783/811/829 148/149/3447 2228/2483/3448
f 2228/2483/3448 784/812/830 783/811/829
f 1678/1785/2122 25/25/3449 28/28/3450
f 28/28/3450 1679/1786/2123 1678/1785/2122
f 1357/1427/3451 2222/2477/3431 671/696/3430
f 671/696/3430 674/699/3452 1357/1427/3451
s 0
f 661/686/3453 1416/1490/3453 1415/1489/3453
f 1415/1489/3454 2229/2484/3454 661/686/3454
s 1
f 243/940/243 909/943/965 2057/2246/2908
f 2057/2246/2908 1396/2111/3455 243/940/243
f 411/420/3456 1840/1982/3457 1608/1698/3458
f 1608/1698/3458 410/419/3459 411/420/3456
f 1019/1063/3460 2088/2291/3461 1623/1717/3462
f 1623/1717/3462 1020/1064/3463 1019/1063/3460
f 2230/2485/3464 445/1888/3465 1763/1887/3466
f 1763/1887/3466 1353/1421/3467 2230/2485/3464
f 2231/2486/3468 1507/1592/3468 1902/2052/3468
s 0
f 1902/2052/3469 1901/2051/3469 2231/2486/3469
s 1
f 1358/1428/3470 1743/1863/3470 1446/1524/1712
f 1446/1524/1712 332/334/1711 1358/1428/3470
f 1232/1293/3471 1481/1562/3472 1484/1565/3473
f 1484/1565/3473 775/803/3474 1232/1293/3471
f 2106/2317/3475 1304/1370/3476 838/869/3477
f 838/869/3477 256/258/3478 2106/2317/3475
f 152/153/192 1549/1636/1867 1552/1639/1870
f 1552/1639/2019 153/154/2018 152/153/3479
f 1368/1585/1791 1493/2487/3480 2232/2488/3481
f 2232/2489/3482 1369/1439/1569 1368/1438/1568
f 477/2490/3483 492/512/3484 508/528/3485
f 508/528/3485 507/527/3486 477/2490/3483
f 875/2491/3487 2233/2492/3488 1424/2493/3489
f 1424/2493/3489 2234/2494/3490 875/2491/3487
f 8/8/1063 2235/2495/3491 2236/2496/1063
f 2236/2496/3492 5/5/3492 8/8/3492
f 2237/2497/3493 1016/1060/1089 1015/1059/1088
f 1015/1059/1088 2238/2498/3494 2237/2497/3493
f 2201/2448/3352 32/32/3495 234/236/3496
f 234/236/3496 233/235/3353 2201/2448/3352
f 92/92/3497 2239/2499/3498 145/2500/143
f 145/146/143 2240/2501/3499 92/2502/3497
f 2241/2503/3500 2242/2504/3501 2235/2495/3491
f 2235/2495/3491 8/8/1063 2241/2503/3500
f 1666/1773/2095 2243/2505/3502 2244/2506/3503
f 2244/2506/3503 2245/2507/3504 1666/1773/2095
f 2045/2232/2893 2246/2508/3505 2247/2509/3506
f 2247/2509/3506 1627/1723/2894 2045/2232/2893
f 539/560/3507 538/559/3508 1740/1858/3509
f 1740/1858/3509 1739/1857/3510 539/560/3507
f 2097/2306/3511 1176/1231/1296 1175/1230/1295
f 1175/1230/1295 2248/2510/3512 2097/2306/3511
f 2249/2511/3513 1764/1890/2928 2062/2252/2927
f 2062/2252/2927 1790/1920/2350 2249/2511/3513
f 1673/2512/3514 1784/1913/3515 1787/1916/3516
f 1787/1916/3517 1674/2513/2113 1673/2512/2112
f 1431/1506/1680 2250/2514/3518 2251/2515/3519
f 2251/2515/3519 1432/1507/1681 1431/1506/1680
f 117/118/115 873/904/928 2200/2447/3344
f 2200/2447/3344 2129/2344/3520 117/118/115
f 2252/2516/3521 1597/1687/3522 726/1700/3523
f 726/1700/3523 725/2517/3524 2252/2516/3521
s 0
f 1716/1831/3525 1715/1830/3525 2253/2518/3525
s 1
f 2253/2518/3526 1754/1877/2665 1716/1831/2664
f 2107/2319/3054 916/950/3053 2078/2276/3527
f 2078/2276/3527 642/2519/3528 2107/2319/3054
f 1915/2067/2571 221/223/220 224/226/223
f 224/226/223 1916/2068/2572 1915/2067/2571
f 1250/1313/1414 1698/1806/3529 771/799/3530
f 771/799/3530 1251/1314/1415 1250/1313/1414
f 1495/1576/3531 89/89/3532 92/92/3533
f 92/2502/3533 2240/2501/3534 1495/1808/3531
s 0
f 1565/1652/3535 1100/1145/3535 2254/2520/3535
f 2254/2520/3536 2255/2521/3536 1565/1652/3536
s 1
f 2256/2522/3537 1892/2042/2534 1585/2523/1931
f 1585/1674/1931 1352/1673/1545 2256/2524/3537
f 679/704/3538 1941/2104/2629 2257/2525/3539
f 2257/2525/3539 305/307/3540 679/704/3538
f 1938/2101/3541 334/336/332 333/335/331
f 333/335/331 2258/2526/3542 1938/2101/3541
f 1827/1967/2418 60/60/3543 2259/2527/3544
f 2259/2527/3544 2082/2528/2985 1827/1967/2418
f 839/870/3545 2260/2529/3546 1082/1126/2119
f 1082/1126/2119 1677/1784/2121 839/870/3545
f 403/412/400 2261/2530/3547 1700/1812/3548
f 1700/1812/3548 404/413/401 403/412/400
f 1713/1827/3549 397/404/390 398/407/393
f 398/407/393 1714/1828/3550 1713/1827/3549
f 1903/2053/3551 1906/2056/3364 328/330/3367
f 328/330/3367 2262/2531/3551 1903/2053/3551
f 2247/2509/3552 1432/2532/3553 2251/2533/3554
f 2251/2533/3554 2250/2534/3555 2247/2509/3552
f 1531/1618/3556 2263/2535/3557 336/338/957
f 336/338/957 902/933/956 1531/1618/3556
s 0
f 280/282/3558 2264/2536/3558 527/2467/3558
f 527/2467/3558 2214/2466/3558 280/282/3558
s 1
f 52/52/3559 51/51/3560 1492/2537/3561
f 1492/2537/3561 107/2538/3562 52/52/3559
f 2265/2539/3563 1891/2041/3564 2075/2273/3565
f 2075/2273/3565 2074/2272/3566 2265/2539/3563
f 913/947/1350 912/946/1256 472/491/1259
f 472/491/1259 471/490/1351 913/947/1350
f 662/687/3567 904/935/3568 252/254/3569
f 252/254/3570 1365/1435/3571 662/687/3567
f 1698/1806/3572 686/711/3573 772/800/814
f 772/800/814 771/799/813 1698/1806/3572
f 1517/1604/3574 1243/1305/3575 163/164/3576
f 163/164/3576 1693/1800/3577 1517/1604/3574
f 1688/1795/2132 1687/1794/2131 2266/2540/3578
f 2266/2540/3578 1392/1463/3579 1688/1795/2132
f 781/809/826 780/808/825 994/1035/3580
f 994/1035/3580 2267/2541/3581 781/809/826
f 1371/1441/3582 1533/1620/3583 929/966/3584
f 929/966/3585 1094/1139/3586 1371/1441/3582
s 0
f 50/50/3587 2268/2542/3587 2269/2543/3587
f 2269/2543/3588 51/51/3588 50/50/3588
s 1
f 2054/2242/3589 2270/2544/3590 2242/2504/3501
f 2242/2504/3501 1962/2131/2659 2054/2242/3589
f 130/131/128 2271/2545/3591 1047/1091/3592
f 1047/1091/3592 131/132/129 130/131/128
s 0
f 2272/2546/3593 2273/2547/3593 1777/2238/3593
f 1777/2238/3593 1023/1067/3593 2272/2546/3593
s 1
f 727/753/3594 2274/2548/3595 2275/2549/3596
f 2275/2549/3596 249/251/3597 727/753/3594
f 2085/2288/3598 2276/2550/3599 1239/1300/3600
f 1239/1300/3600 2277/2551/3601 2085/2288/3598
f 1026/1070/1103 764/792/1102 766/794/3602
f 766/794/3602 2278/2552/3603 1026/1070/1103
f 1889/2039/3262 183/184/176 2279/2553/3604
f 2279/2553/3604 1165/1219/3605 1889/2039/3262
f 584/607/598 583/606/597 1537/1624/1845
f 1537/1624/1845 1988/2164/3606 584/607/598
f 770/798/812 769/797/811 2280/2554/3607
f 2280/2555/3607 2210/2556/3608 770/2557/812
f 531/551/534 1955/2124/2650 261/2558/3609
f 261/2558/3609 260/552/535 531/551/534
f 2281/2559/3610 2282/2560/3611 292/294/290
f 292/294/290 291/293/289 2281/2559/3610
f 1423/1498/3612 1442/2435/3613 457/472/3614
f 457/472/3614 1040/1084/3615 1423/1498/3612
f 838/869/889 2171/2410/3616 2260/2529/3616
f 2260/2529/3617 839/870/890 838/869/889
f 433/446/433 1800/1931/2369 1801/1932/2368
f 1801/1932/2368 434/447/434 433/446/433
f 810/839/3618 1280/1343/3619 524/544/3620
f 524/544/3620 1894/2044/3621 810/839/3618
f 254/256/3622 1225/1284/3623 914/948/3624
f 914/948/3624 515/535/3625 254/256/3622
f 209/2561/3626 2283/2562/3627 2080/2281/3628
f 2080/2281/3628 723/2280/3629 209/2561/3626
f 1897/2047/3630 858/2563/3631 732/2564/3632
f 732/2564/3632 1860/2003/3633 1897/2047/3630
f 1429/1504/1676 2284/2565/3634 2117/2330/3635
f 2117/2330/3635 1401/1472/1677 1429/1504/1676
f 743/771/3636 742/770/3637 2285/2566/3638
f 2285/2566/3638 1313/1379/3639 743/771/3636
f 1260/1323/1429 1263/1326/1432 576/599/3640
f 576/599/3640 575/598/2963 1260/1323/1429
s 0
f 1982/2157/3641 896/927/3641 2040/2226/3641
f 2040/2226/3642 2067/2261/3642 1982/2157/3642
s 1
f 2033/2218/3643 2286/2567/3643 979/1020/1045
f 979/1020/1045 982/1023/1044 2033/2218/3643
f 290/2568/3644 2287/2569/3645 874/2570/3646
f 874/2570/3646 288/2571/3647 290/2568/3644
f 177/178/3648 176/177/3649 480/500/3650
f 480/500/3651 479/499/3652 177/178/3648
f 1466/1545/3653 1472/1551/3654 2037/2222/2873
f 2037/2222/2873 1434/1509/2872 1466/1545/3653
f 1556/1643/3655 2023/2206/3656 1394/1465/1613
f 1394/1465/1613 1393/1464/1612 1556/1643/3655
f 1915/2067/2619 803/832/2618 806/835/3657
f 806/835/3657 221/223/3658 1915/2067/2619
f 2030/2214/3659 2029/2213/3660 1774/1900/3661
f 1774/1900/3661 1773/1899/3662 2030/2214/3659
f 91/91/3663 2002/2179/3664 2288/2572/3665
f 2288/2572/3665 2239/2499/3498 91/91/3663
f 2135/2351/3666 1780/2573/2323 1527/1614/1832
f 1527/1614/1832 1526/1613/1831 2135/2351/3666
f 1088/1132/3667 1599/1689/3668 1540/1627/3669
f 1540/1627/3670 1089/1133/3671 1088/1132/3667
f 128/129/3672 131/132/1131 1049/1093/1134
f 1049/1093/1134 1719/1835/3673 128/129/3672
f 716/742/3674 2289/2574/3675 2290/2575/3676
f 2290/2575/3676 1567/1654/3677 716/742/3674
f 1040/1084/3615 457/472/3614 460/475/3678
f 460/475/3678 1041/1085/3679 1040/1084/3615
s 0
f 1427/1502/3680 1426/1501/3680 1853/1995/3680
f 1853/1995/3681 1852/1994/3681 1427/1502/3681
s 1
f 1285/1349/3682 1284/1348/3683 1488/1569/3684
f 1488/1569/3684 1487/1568/3685 1285/1349/3682
f 720/746/3686 1131/1181/3687 1867/2011/2488
f 1867/2011/2488 2291/2576/3688 720/746/3686
f 2292/2577/3689 1914/2065/3690 1364/2578/3691
f 1364/2578/3691 1904/2579/3692 2292/2577/3689
f 983/1024/3693 2293/2580/3694 285/287/282
f 285/287/282 284/286/281 983/1024/3693
f 1591/1681/1939 1590/1680/1938 857/888/911
f 857/888/911 856/887/910 1591/1681/1939
f 1978/2151/3695 29/29/3696 32/32/3697
f 32/32/3697 2201/2448/3352 1978/2151/3695
f 1820/1958/2408 1184/1239/3698 10/10/3699
f 10/10/3699 9/9/2409 1820/1958/2408
s 0
f 1828/1968/3700 97/97/3700 100/100/3700
f 100/100/3700 2005/2182/3700 1828/1968/3700
s 1
f 1558/1645/3701 1557/1644/3702 1572/1660/3703
f 1572/1660/3703 1571/1659/3704 1558/1645/3701
f 1243/1305/3705 124/125/3706 127/128/3707
f 127/128/3707 163/164/3708 1243/1305/3705
f 1166/1220/3709 647/672/3710 646/671/3711
f 646/671/3712 2294/2581/3713 1166/1220/1283
f 2295/2582/3714 2296/2583/3715 2297/2584/3716
f 2297/2584/3716 2298/2585/3717 2295/2582/3714
f 879/910/3718 2299/2586/3719 2300/2587/3720
f 2300/2587/3721 880/911/3722 879/910/3718
f 1675/1782/3723 2301/2588/3724 1925/2083/3725
f 1925/2083/3725 1924/2082/3726 1675/1782/3723
f 1701/1813/3727 2302/2589/3728 2213/2465/3729
f 2213/2465/3729 1702/1814/3730 1701/1813/3727
f 1479/1558/3731 1329/1397/3732 2303/2590/3733
f 2303/2590/3733 1480/1559/3734 1479/1558/3731
f 2304/2591/3735 400/409/3736 399/408/3737
f 399/408/3737 2305/2592/3738 2304/2591/3735
f 1554/2593/3739 2017/2198/3739 1385/2200/3739
s 0
f 1385/2594/3740 1555/1642/3740 1554/1641/3740
f 989/1030/3741 1634/1730/3741 1732/1850/3741
s 1
f 1732/1850/3742 1731/1849/3743 989/1030/3744
f 865/896/3745 523/543/3746 526/546/3747
f 526/546/3747 440/455/3748 865/896/3745
f 1195/1252/3749 1194/1251/3750 1584/1672/3751
f 1584/1672/3751 1583/1671/3752 1195/1252/3749
f 1125/1175/3753 2306/2595/3754 1411/1485/3755
f 1411/1485/3755 2142/2364/3756 1125/1175/3753
f 1551/1638/3757 2027/2211/3758 324/2596/3759
f 324/2596/3759 740/767/3760 1551/1638/3757
f 1324/1392/3761 1063/1391/1155 1066/2597/1158
f 1066/2597/1158 2307/2598/3762 1324/1392/3761
f 1547/1634/1864 179/180/1863 357/361/3763
f 357/361/3763 356/360/3764 1547/1634/1864
f 1916/2068/3765 224/226/3766 2308/2599/3767
f 2308/2599/3767 2309/2600/3768 1916/2068/3765
s 0
f 869/900/3769 1272/1335/3769 1322/1389/3769
f 1322/1389/3769 1582/1670/3769 869/900/3769
s 1
f 2084/2287/3770 1899/2049/3771 2276/2550/3772
f 2276/2550/3772 2085/2288/2999 2084/2287/2998
f 2279/2553/3604 1619/1713/3773 644/669/3774
f 644/669/3774 2310/2601/3775 2279/2553/3604
f 1223/1282/1366 990/1031/1365 959/999/1019
f 959/999/1019 1758/1881/2288 1223/1282/1366
f 2311/2602/3776 105/106/102 104/105/101
f 104/105/101 711/737/3777 2311/2602/3776
f 311/313/3778 310/312/308 2312/2603/3779
f 2312/2603/3779 794/2604/3780 311/313/3778
f 2313/2605/3781 2314/2606/3782 2315/2607/3783
f 2315/2607/3783 1062/2608/1152 2313/2605/3781
s 0
f 1884/2033/524 2316/2609/524 2263/2535/524
f 2263/2535/524 2258/2526/524 1884/2033/524
s 1
f 474/493/1340 473/492/3105 2004/2181/3106
f 2004/2181/3106 1211/1270/1341 474/493/1340
f 1409/366/3784 2317/2610/3785 424/440/424
f 424/440/424 427/439/427 1409/366/3786
f 1519/1606/3787 1501/2611/3788 2318/2612/3789
f 2318/2612/3789 1868/2012/2489 1519/1606/3787
f 2293/2580/3790 1688/1795/2132 1392/1463/1609
f 1392/1463/1609 285/287/1608 2293/2580/3790
f 1782/1910/2334 1010/1909/2333 1911/2066/2333
f 1911/2066/2333 1914/2065/2334 1782/1910/2334
f 1954/2123/2649 2319/2613/3791 1306/2614/3792
f 1306/1372/3792 2320/2615/3793 1954/2616/2649
f 2321/2617/3794 2322/2618/3795 2009/2187/3796
f 2009/2187/3796 2323/2619/3797 2321/2617/3794
f 2288/2572/3665 1553/2620/1871 919/2621/976
f 919/953/976 918/952/975 2288/2622/3665
f 1407/1478/3798 2227/2482/3798 1711/1823/3799
f 1711/1823/3799 200/201/3800 1407/1478/3801
f 2210/2556/3608 2280/2555/3607 1833/1975/3802
f 1833/1975/3802 2126/2623/3803 2210/2556/3608
f 2324/2624/3804 1162/1216/3805 1459/1538/3806
f 1459/1538/3806 2325/2625/3807 2324/2624/3804
f 1945/2110/3808 1799/1930/3809 2115/2328/3810
f 2115/2328/3810 2326/2626/3811 1945/2110/3808
f 2327/2627/3812 1389/2628/3813 1513/2629/3813
f 1513/2629/3813 1511/1596/3813 2327/2627/3812
f 1238/1299/1390 1237/1298/1389 1286/1350/1459
f 1286/1350/1459 1011/1055/1462 1238/1299/1390
f 1826/1966/2416 1825/1965/2415 1199/1258/3814
f 1199/1258/3814 1919/2072/2920 1826/1966/2416
f 2283/2562/3815 1795/1925/3816 2328/2630/3817
f 2328/2630/3817 2080/2281/3818 2283/2562/3815
f 1419/2631/3819 1210/2298/3820 2093/2300/3821
f 2093/2300/3821 2098/2307/3822 1419/2631/3819
f 540/561/3823 255/257/3824 516/536/3825
f 516/536/3825 541/562/3826 540/561/3823
s 0
f 1236/2225/3827 995/1036/3827 998/1039/3827
s 1
f 998/1039/1631 1237/1479/3828 1236/2225/1631
f 2329/2632/3829 151/152/150 154/155/153
f 154/155/153 58/58/56 2329/2632/3829
f 385/390/3830 967/1008/1029 968/1009/1032
f 968/1009/1032 1264/1327/3831 385/390/3830
f 1970/2140/3832 538/559/3833 537/558/3834
f 537/558/3834 2294/2581/3835 1970/2140/3832
f 971/1012/3836 2330/2633/3837 2331/2634/3838
f 2331/2634/3838 1939/2635/3839 971/1012/3836
f 2034/2219/3840 1773/1899/2312 1776/1902/2315
f 1776/1902/3841 2196/2442/3308 2034/2219/3307
f 635/2371/3172 1142/1193/3171 945/985/3842
f 945/985/3843 2331/2636/3844 635/2371/3845
f 522/542/3846 1963/2132/3847 1750/1873/2261
f 1750/1873/3848 622/647/640 522/542/639
f 1299/1365/3849 1828/1968/3850 1696/1804/3851
f 1696/1804/3851 2332/2637/3852 1299/1365/3849
f 1595/1685/3853 1594/1684/3854 1848/1990/3855
f 1848/1990/3855 1847/1989/3856 1595/1685/3853
f 312/2638/3857 311/2183/2785 2006/2184/2784
f 2006/2184/2784 2096/2305/1650 312/2638/3857
f 2230/2485/3858 1353/1421/3859 2014/2192/3860
f 2014/2192/3860 578/2278/3861 2230/2485/3858
f 1585/2523/1931 2333/2639/3862 823/852/3863
f 823/852/3863 822/851/1932 1585/2523/1931
f 1214/1273/3864 2121/2640/3865 1135/1185/1241
f 1135/1185/1241 1134/1184/1240 1214/1273/3864
f 1376/2641/3866 1375/2642/3867 436/451/3868
f 436/451/3868 439/454/3869 1376/2641/3866
f 1966/2136/3870 2019/2202/3133 851/882/3136
f 851/882/3136 850/881/3870 1966/2136/3870
f 1884/2033/3286 1883/2032/3286 2086/2289/3871
f 2086/2289/3871 2316/2609/3872 1884/2033/3286
s 0
f 2091/2296/3873 1645/2295/3873 1992/2643/3873
s 1
f 1992/2643/3874 2137/2358/3875 2091/2296/3876
f 1472/1551/3877 1474/1553/3878 1622/1716/3879
f 1622/1716/3879 2037/2222/3880 1472/1551/3877
f 1722/1838/2214 629/654/650 632/657/653
f 632/657/653 2159/2391/3881 1722/1838/2214
f 1488/1569/1770 814/843/859 817/846/862
f 817/846/862 1489/1570/1771 1488/1569/1770
f 576/599/3882 688/713/719 687/712/718
f 687/712/718 577/600/3883 576/599/3882
f 1375/1445/3884 853/884/3885 737/763/3886
f 737/763/3886 736/762/3887 1375/1445/3884
s 0
f 2334/2644/3888 682/707/3888 742/770/3888
s 1
f 742/770/3889 47/47/3890 2334/2644/3891
f 1801/1932/3892 1414/1488/3893 1413/1487/3894
f 1413/1487/3894 2275/2549/3895 1801/1932/3892
f 1177/1232/203 204/205/200 206/208/203
f 206/208/203 1078/1122/3896 1177/1232/203
f 510/2645/3897 2205/2454/3898 1412/2093/3899
s 0
f 1412/1486/3900 68/68/3900 510/1286/3900
s 1
f 2192/2438/3901 2194/2440/3902 2335/2646/3903
f 2335/2646/3903 2336/2647/3904 2192/2438/3901
f 414/423/411 236/238/410 239/241/3905
f 239/241/950 897/928/949 414/423/3906
f 1303/1369/1757 1478/1557/1756 2337/2648/3907
f 2337/2648/3907 2338/2649/3908 1303/1369/3909
f 2339/2650/69 1436/1511/69 1077/1121/1173
f 1077/1121/1173 1076/1120/1172 2339/2650/69
f 1085/1129/1181 1670/1777/2108 2340/2651/3910
f 2340/2651/3911 1890/2040/2528 1085/1129/1181
s 0
f 2047/2652/3912 2335/2646/3912 2341/2653/3912
f 2341/2654/3912 2048/2235/3912 2047/2234/3912
s 1
f 2301/2588/3913 402/411/399 405/414/402
f 405/414/402 1925/2083/3914 2301/2588/3913
f 348/350/344 662/687/684 1365/1435/3915
f 1365/1435/3915 1366/1436/3916 348/350/344
f 375/380/3917 2342/2655/3918 1541/1628/3919
f 1541/1628/3919 376/381/3917 375/380/3917
f 683/708/3920 232/234/3921 235/237/3922
f 235/237/3922 684/709/3923 683/708/3920
f 2010/2188/2992 1887/2036/3356 1748/1871/3359
f 1748/1871/3359 1657/1762/2993 2010/2188/2992
f 868/899/3924 1270/1333/3925 1272/1335/3926
f 1272/1335/3926 869/900/3927 868/899/3924
f 2343/2656/3928 2224/2479/3929 2344/2657/3930
f 2344/2657/3930 1140/1190/3931 2343/2656/3928
f 899/930/2140 1505/1590/3932 1477/1556/1754
f 1477/1556/1754 1302/1368/1479 899/930/2140
f 2331/2636/3844 945/985/3843 948/988/3933
f 948/988/3933 1939/2102/3934 2331/2636/3844
f 2345/2658/3935 1967/2137/3936 1574/1662/1905
f 1574/1662/1905 1573/1661/1904 2345/2658/3935
f 1453/1531/3937 259/261/258 258/260/257
f 258/260/257 2081/2659/2984 1453/1531/3937
f 2174/2413/3938 1331/1399/3939 1330/1398/3940
f 1330/1398/3940 1724/1840/3941 2174/2413/3938
f 1362/1432/3942 1361/1431/3943 1676/1783/3944
f 1676/1783/3944 1593/1683/3945 1362/1432/3942
f 497/517/3946 500/520/3947 2346/2660/3948
f 2346/2660/3948 185/186/3949 497/517/3946
f 1025/1069/1363 595/618/3950 597/620/806
f 597/620/806 764/792/805 1025/1069/1363
f 1424/2493/3951 1425/2075/3952 2347/2661/3953
f 2347/2661/3953 2234/2494/3954 1424/2493/3951
f 1139/1189/3955 1138/1188/2098 34/34/2101
f 34/34/3956 33/33/3957 1139/1189/3958
f 1929/2087/3959 1409/1482/3960 427/1703/1975
f 427/1703/1975 1403/1474/1974 1929/2087/3959
f 1640/2662/3961 1513/1598/3962 115/116/3963
f 115/116/3963 13/2663/3964 1640/2662/3961
f 1694/1801/2151 1663/1769/2091 939/976/2090
f 939/976/2090 938/975/2152 1694/1801/2151
s 0
f 156/157/999 2048/2235/999 1856/1998/999
f 1856/1998/999 1858/2000/999 156/157/999
s 1
f 1875/2022/3965 1112/1158/3966 704/1157/737
f 704/1157/737 554/2023/738 1875/2022/3965
f 1528/2664/1833 2348/2665/3967 2349/2666/3968
f 2349/2667/3968 1529/1616/1834 1528/1615/1833
f 2350/2668/3969 2351/2669/3970 745/773/1065
f 745/773/1065 1002/1043/1064 2350/2668/3969
f 2352/2670/3971 2061/2250/3972 2060/2249/3973
f 2060/2249/3973 2353/2671/3974 2352/2670/3971
f 2134/2350/3975 1500/1583/1789 1367/1586/1792
f 1367/1586/1792 353/357/3976 2134/2350/3975
f 616/641/454 615/640/3977 903/934/3978
f 903/934/3978 2354/2672/454 616/641/454
s 0
f 1655/1759/454 2355/2673/454 2356/2674/454
f 2356/2674/454 1503/1588/454 1655/1759/454
f 2357/2675/3979 2109/2321/3979 1201/1260/3979
f 1201/1260/3979 2120/2333/3979 2357/2675/3979
s 1
f 293/295/2321 292/294/3980 1717/1833/2205
f 1717/1833/2205 1779/1905/2322 293/295/2321
f 793/821/3981 1329/1397/2277 1754/1877/2276
f 1754/1877/3982 2253/2518/3983 793/821/3983
f 1661/1767/2118 701/727/2117 462/477/460
f 462/477/460 461/476/459 1661/1767/2118
f 993/1034/3984 394/399/1425 1259/1322/1428
f 1259/1322/1428 2178/2418/3985 993/1034/3984
f 1547/1634/3986 356/360/3987 879/2676/3988
f 879/2676/3988 878/2445/3989 1547/1634/3986
f 1953/2122/2648 2358/2677/3990 2319/2613/3791
f 2319/2613/3791 1954/2123/2649 1953/2122/2648
f 1839/1981/3991 1558/1645/3701 1571/1659/3704
f 1571/1659/3704 1950/2119/3992 1839/1981/3991
f 2359/2678/3993 2216/2470/3410 1770/1896/2305
f 1770/1896/2305 1769/1895/2304 2359/2678/3993
f 365/370/3994 196/197/190 151/152/193
f 151/152/193 2329/2632/3995 365/370/3994
f 601/625/3379 600/624/2469 761/789/2472
f 761/789/2472 760/788/3380 601/625/3379
f 2190/2434/3291 81/81/2028 1309/1375/2027
f 1309/1375/2027 1143/1194/3292 2190/2434/3291
f 2360/2679/3996 119/120/3997 589/612/3998
f 589/612/3998 588/611/3999 2360/2679/3996
f 790/818/4000 793/821/4001 2253/2518/4002
f 2253/2518/4002 1287/2227/4003 790/818/4000
f 2163/2398/3214 2162/2397/3213 610/635/622
f 610/635/622 613/638/625 2163/2398/3214
f 1674/1781/4004 2160/2680/4005 2301/2588/4006
f 2301/2588/4006 1675/1782/4007 1674/1781/4004
f 1421/1496/1664 1420/1495/1663 1206/1265/1332
f 1206/1265/1332 1205/1264/1331 1421/1496/1664
f 2350/2668/3969 1977/2149/4008 1808/1939/2377
f 1808/1939/2377 2351/2669/3970 2350/2668/3969
f 1386/1457/4009 1437/1512/4010 1436/1511/4011
f 1436/1511/4011 1387/1458/4012 1386/1457/4009
s 0
f 309/311/685 1613/1706/685 1612/1705/685
f 1612/1705/685 310/312/685 309/311/685
s 1
f 1896/2046/4013 808/837/2496 1509/2019/2499
f 1509/2019/2499 859/2681/4014 1896/2046/4013
f 1510/1595/4015 1511/1596/4016 1513/2629/3962
f 1513/2629/3962 1640/1740/3961 1510/1595/4015
f 2361/2682/4017 2362/2683/4018 2363/2684/4019
f 2363/2684/4019 2364/2685/4020 2361/2682/4017
f 2262/2531/4021 328/330/326 331/333/329
f 331/333/329 2365/2686/4022 2262/2531/4021
f 1106/1151/4023 1123/1173/4024 1126/1176/2688
f 1126/1176/2688 1107/1152/2687 1106/1151/4023
f 948/988/4025 947/987/4026 1592/1682/4027
f 1592/1682/4027 1940/2103/4028 948/988/4025
f 113/2687/4029 920/954/4030 1384/2688/4031
f 1384/1455/4031 1785/1914/4032 113/114/4029
f 221/223/3658 806/835/3657 2055/2244/4033
f 2055/2244/4033 222/224/4034 221/223/3658
f 1650/1752/2068 1746/1866/4035 1800/2689/4036
f 1800/2689/4036 433/1753/2069 1650/1752/2068
f 1310/1376/2192 84/84/759 724/750/762
f 724/750/762 1709/1821/2193 1310/1376/2192
f 2270/2544/4037 334/336/4038 1938/2101/4039
f 1938/2101/4039 1937/2100/4040 2270/2544/4037
f 1579/1667/2690 1976/2147/2689 936/1811/2163
f 936/1811/2163 1580/1668/2166 1579/1667/2690
f 1616/1709/4041 1615/1708/4042 607/632/4043
f 607/632/4043 776/804/4044 1616/1709/4041
f 1892/2042/2534 1893/2043/2535 2333/2639/3862
f 2333/2639/3862 1585/2523/1931 1892/2042/2534
f 592/2690/4045 591/2318/605 2106/2317/3047
f 2106/2317/3047 1452/1530/4045 592/2690/4045
f 528/548/531 706/732/740 705/731/739
f 705/731/739 529/549/532 528/548/531
f 1418/1492/4046 664/689/690 667/692/693
f 667/692/4047 1767/1893/4048 1418/1492/4049
f 673/698/2779 2366/2691/4050 45/45/4051
f 45/45/4051 48/48/2780 673/698/2779
f 1331/1399/4052 2173/2412/4053 523/543/3746
f 523/543/3746 865/896/3745 1331/1399/4052
f 13/2663/4054 115/116/113 114/115/112
f 114/115/112 14/2692/4055 13/2663/4056
f 2324/2624/4057 1781/1907/4058 79/79/4059
f 79/79/4059 1162/1216/4060 2324/2624/4057
f 2037/2693/4061 1622/2361/4061 2139/2360/4061
f 2139/2694/4062 2038/2223/4063 2037/2222/4064
s 0
f 451/466/4065 450/465/4065 1933/2095/4065
s 1
f 1933/2095/4066 2367/2695/4067 451/466/4068
f 2368/2696/4069 892/923/4070 1538/1625/4071
f 1538/1625/4072 2016/2697/4073 2368/2696/4074
f 1895/2045/3361 2133/2451/3360 1872/2018/4075
f 1872/2018/4075 807/836/4076 1895/2045/3361
f 873/904/928 872/903/4077 2008/2186/2788
f 2008/2186/2788 2200/2447/3344 873/904/928
f 2118/2331/4078 1195/1252/3749 1583/1671/3752
f 1583/1671/3752 1835/1977/4079 2118/2331/4078
f 916/950/973 915/949/972 2079/2277/4080
f 2079/2277/2973 2078/2276/2972 916/950/4081
f 1557/1644/1877 1393/1464/1876 1395/1466/1820
f 1395/1466/1820 1520/1607/1819 1557/1644/1877
s 0
f 1555/1642/4082 1385/2594/4082 1384/2688/4082
s 1
f 1384/2688/4083 920/954/977 1555/1642/4084
f 2025/2209/2839 1019/1063/4085 1022/1066/4086
f 1022/1066/4086 2026/2210/2840 2025/2209/2839
f 1991/2698/4087 705/731/739 708/734/4088
f 708/734/4088 1992/2643/4089 1991/2698/4087
f 1050/1094/3253 1169/1223/1286 1171/1226/2742
f 1171/1226/2742 1051/1095/2744 1050/1094/3253
f 395/402/2400 1370/1440/4090 1326/1394/4091
f 1326/1394/4091 1325/1393/2401 395/402/2400
s 0
f 1033/1077/4092 1032/1076/4092 2369/2699/4092
s 1
f 2369/2699/4093 1575/1663/1997 1033/1077/1996
f 1989/2700/4094 2370/2701/4095 442/457/4096
f 442/457/4097 441/456/4098 1989/2700/4094
f 2058/2247/4099 2316/2609/4100 2277/2551/4101
f 2277/2551/4101 2059/2248/4102 2058/2247/4099
f 464/479/2676 963/1004/2252 1245/1308/2255
f 1245/1308/2255 1968/2138/2677 464/479/2676
s 0
f 421/431/999 420/430/999 999/2702/999
s 1
f 999/2702/4103 277/279/274 421/431/3170
f 1870/2014/4104 1869/2013/4105 2045/2232/4106
f 2045/2232/4106 1523/1610/4104 1870/2014/4104
f 2097/2306/3027 2006/2184/2784 796/824/2783
f 796/824/845 1176/1231/1296 2097/2306/3511
s 0
f 1473/1552/454 342/344/454 345/347/454
f 345/347/454 2371/2703/454 1473/1552/454
f 1070/2704/4107 1069/2705/4107 690/716/4107
f 690/716/4107 619/644/4107 1070/2704/4107
s 1
f 1891/2041/3564 1890/2040/2528 2372/2706/4108
f 2372/2706/4108 2075/2273/3565 1891/2041/3564
f 1387/1458/4109 1436/1511/4110 2339/2650/4111
f 2339/2650/4111 1786/1915/4112 1387/1458/4109
f 558/581/4113 2373/2707/4114 1468/1547/1743
f 1468/1547/1743 941/979/1744 558/581/4113
f 1557/1644/3702 1520/1607/4115 2374/2708/4116
f 2374/2708/4116 1572/1660/3703 1557/1644/3702
s 0
f 2375/2709/454 2136/2354/454 2243/2710/454
f 2243/2710/454 2376/2711/454 2375/2709/454
s 1
f 1745/1865/3389 1017/1061/3388 170/171/643
f 170/171/643 624/649/642 1745/1865/3389
f 1061/2712/1151 2166/2402/1154 2313/2605/3781
f 2313/2605/3781 1062/2608/1152 1061/2712/1151
f 834/865/4117 744/772/788 747/775/791
f 747/775/791 2377/2713/4118 834/865/4117
f 2335/2646/4119 2194/2440/4120 2378/2714/4121
f 2378/2714/4122 2341/2653/4123 2335/2646/4124
f 998/1039/1062 997/1038/1061 1073/1117/4125
f 1073/1117/4125 1408/1480/4126 998/1039/1062
f 417/426/415 354/358/414 96/96/4127
f 96/96/4127 2379/2715/4128 417/426/415
f 2054/2242/4129 335/337/333 334/336/332
s 0
f 334/336/4130 2270/2544/4130 2054/2242/4130
f 1774/1900/4131 1022/1066/4131 1021/1065/4131
s 1
f 1021/1065/4132 1775/1901/2314 1774/1900/2313
f 1683/1790/4133 1948/2115/4134 2380/2716/4135
f 2380/2716/4135 1684/1791/4136 1683/1790/4133
f 2381/2717/4137 108/109/105 1577/1665/1910
f 1577/1665/1910 746/774/1909 2381/2717/4137
f 1928/2086/4138 1402/1473/3049 955/995/3052
f 955/995/3052 2056/2245/4139 1928/2086/4138
f 2312/2603/4140 832/863/4141 831/862/4142
f 831/862/3206 2158/2390/3207 2312/2603/4143
f 1895/2045/4144 1894/2044/4145 2173/2412/4146
f 2173/2412/4146 2172/2411/4147 1895/2045/4144
f 355/359/4148 1626/1722/4149 1628/1724/4150
f 1628/1724/4150 93/93/4151 355/359/4148
f 162/163/3323 161/162/4152 2306/2718/4153
f 2306/2718/4153 2198/2444/3324 162/163/3323
f 737/763/524 853/884/524 852/883/4154
f 852/883/4154 1691/1798/4155 737/763/524
f 1609/1699/4156 2382/2719/4157 2022/2205/4158
f 2022/2205/4158 1233/1294/4159 1609/1699/4156
f 1333/1401/1522 1496/1577/4160 2383/2720/4161
f 2383/2720/4161 1334/1402/1523 1333/1401/1522
f 2179/2419/3259 2178/2418/3258 2169/2407/4162
f 2169/2407/4162 1018/1062/4163 2179/2419/3259
f 1848/1990/4164 1594/1684/4165 1918/2070/4166
f 1918/2070/4166 2384/2721/4167 1848/1990/4164
f 2385/2722/4168 1837/1979/4169 694/720/725
f 694/720/725 693/719/724 2385/2722/4168
f 2386/2723/4170 1744/1864/2248 1746/1866/2251
f 1746/1866/2251 1650/1752/4171 2386/2723/4170
f 2002/2179/3664 1818/1952/4172 1553/2620/4173
f 1553/2620/4173 2288/2572/3665 2002/2179/3664
f 2387/2724/4174 214/216/4175 1781/1907/4176
f 1781/1907/4176 2324/2624/4177 2387/2724/4174
f 573/596/585 572/595/584 759/1242/4178
f 759/1242/4179 1188/1245/4180 573/596/4181
f 2290/2575/4182 2323/2619/4183 2083/2285/4184
f 2083/2285/4184 2388/2725/4185 2290/2575/4182
f 303/305/4186 302/304/4187 2389/2726/4188
f 2389/2726/4189 2390/2727/4190 303/305/4191
f 188/1209/1273 1157/1208/1272 566/589/4192
f 566/589/4193 565/588/4194 188/1209/4195
f 2391/2728/4196 1588/1678/4197 2213/2465/4198
f 2213/2465/4199 2302/2589/4200 2391/2728/4196
f 2321/2617/4201 921/955/4202 922/958/4203
f 922/958/4203 2322/2618/4204 2321/2617/4201
f 2392/2729/4205 1989/2730/4206 1281/1344/4207
f 1281/1344/4207 2393/2731/4208 2392/2729/4205
f 1690/2174/2752 1997/2173/2751 493/513/492
f 493/513/492 1658/2150/2695 1690/2174/2752
f 782/810/4209 2345/2658/3935 1573/1661/1904
f 1573/1661/1904 783/811/3287 782/810/4209
s 0
f 2067/2261/406 1235/1296/406 1983/2158/406
f 1983/2158/563 1982/2157/563 2067/2261/563
s 1
f 1366/1436/1566 543/564/545 830/1826/880
f 830/861/880 829/860/879 1366/2732/1566
s 0
f 1032/1076/4210 1822/1960/4210 1821/1959/4210
f 1821/1959/4211 2369/2699/4211 1032/1076/4211
s 1
f 1994/2460/2743 714/740/748 713/739/747
f 713/2733/747 1995/2171/540 1994/2170/2743
f 712/738/746 711/737/745 104/105/2387
f 104/105/2387 1812/1944/2386 712/738/746
f 31/31/1080 296/298/792 265/267/793
f 265/267/793 264/266/263 31/31/1080
f 1372/1442/4212 1094/1139/4213 351/355/4214
f 351/355/4214 350/354/4215 1372/1442/4212
f 60/2734/55 59/2735/57 2286/2567/4216
f 2286/2567/4216 2259/2736/4217 60/2734/55
f 1829/1969/2852 2031/2215/2851 2394/2737/4218
f 2394/2737/4218 2202/2449/4219 1829/1969/2852
f 1980/2738/3085 2165/2401/4220 2166/2402/4221
f 2166/2402/4221 1061/2712/3086 1980/2738/3085
f 1779/1905/2322 1717/1833/2205 298/300/298
f 298/300/298 297/299/297 1779/1905/2322
f 1262/1325/1431 2066/2259/2933 1316/1383/1500
f 1316/1383/1500 1263/1326/1432 1262/1325/1431
f 526/546/529 525/545/528 1524/1611/2015
f 1524/1611/2015 1626/1722/2014 526/546/529
f 2160/2680/4222 2163/2739/4223 402/411/4224
f 402/411/4224 2301/2588/4225 2160/2680/4222
f 1218/1277/4226 1376/2641/4227 439/454/4228
f 439/454/4228 1060/1104/4229 1218/1277/4226
f 1908/2058/2560 1862/2005/2481 1864/2007/2484
f 1864/2007/2484 1909/2059/2561 1908/2058/2560
f 1878/2740/2513 2119/2332/4230 1834/1976/4231
f 1834/2741/4231 1879/2027/2514 1878/2026/2513
f 2347/2661/4232 1920/2074/4232 2193/2439/3302
f 2193/2439/3302 1378/1448/3301 2347/2661/4232
f 282/2742/4233 1665/1772/2094 571/594/2097
f 571/594/2097 283/2743/4234 282/2742/4233
f 2395/2744/4235 2147/2375/4236 2024/2208/4237
f 2024/2208/4237 2028/2212/4238 2395/2744/4235
f 366/371/4239 365/370/4240 2329/2632/4241
f 2329/2632/4242 1081/1125/4243 366/371/4244
f 413/422/4245 2072/2267/4246 237/239/237
f 237/239/237 236/238/236 413/422/4245
f 2396/2745/116 872/903/927 116/117/114
f 116/117/114 2397/2746/4247 2396/2745/116
f 472/491/470 1144/1195/2584 449/464/2587
f 449/464/2587 473/492/471 472/491/470
f 1607/1697/1227 1222/1281/3157 1153/1748/1228
f 1153/1748/1228 1647/1747/1227 1607/1697/1227
f 621/646/637 419/1861/2243 418/2747/4248
f 418/2747/4248 1893/2043/2535 621/646/637
f 1714/1828/4249 398/407/4250 1498/1579/4251
f 1498/1579/4251 1499/1580/4252 1714/1828/4249
f 1881/2029/2516 1288/2031/2517 1241/2748/4253
f 1241/2748/4253 1001/1042/4253 1881/2029/2516
f 1486/1567/1768 1205/1264/1767 677/702/4254
f 677/702/4254 307/309/2293 1486/1567/1768
s 0
f 1478/1557/4255 889/920/4255 654/679/4255
f 654/679/4255 2337/2648/4255 1478/1557/4255
s 1
f 2398/2749/4256 1067/1111/4257 1070/1114/4258
f 1070/1114/4258 2399/2750/4259 2398/2749/4256
f 1463/2751/4260 1465/2752/4261 2400/2753/4262
f 2400/2753/4262 2401/2754/4263 1463/2751/4260
f 2402/2755/4264 2403/2756/4265 2404/2757/4266
f 2404/2757/4267 2405/2758/4268 2402/2755/4264
f 1296/1362/4269 1295/1361/4270 2156/2388/4271
f 2156/2388/4271 2155/2387/4272 1296/1362/4269
f 415/1928/2362 417/2759/4273 2311/2602/4274
f 2311/2602/4274 1798/1929/2363 415/1928/2362
f 1185/1240/2056 1343/1411/2614 2406/2760/4275
f 2406/2760/4275 1191/1248/2057 1185/1240/2056
f 1845/1987/4276 1844/1986/2813 316/318/314
f 316/318/314 1121/2761/1224 1845/1987/4276
f 1794/2762/2356 696/2763/2355 504/524/4277
f 504/524/4277 503/523/4278 1794/2762/2356
f 300/2764/300 2212/2464/4279 1189/1246/4280
f 1189/1246/4280 1528/2664/1833 300/2764/300
f 590/2765/4281 2130/2766/3113 2317/2610/4282
f 2317/2610/4282 1578/2417/4283 590/2765/4281
f 2162/2397/4284 1076/1120/4285 532/553/626
f 532/553/626 610/635/629 2162/2397/4284
f 518/538/4286 664/689/4287 1418/1492/4288
f 1418/1492/4288 1417/1491/4289 518/538/4286
f 2407/2767/4290 1460/1539/4291 1564/1651/4292
f 1564/1651/4292 1566/1653/4293 2407/2767/4290
f 2215/2469/4294 544/565/4295 547/568/1300
f 547/568/1300 1179/1234/1299 2215/2469/4294
f 1663/1769/3343 969/1010/3342 972/1013/4296
f 972/1013/4296 1664/1770/4297 1663/1769/3343
f 957/997/4298 1349/1417/4299 1424/1499/4300
f 1424/1499/4300 2233/2768/4301 957/997/4298
f 1119/1168/2523 1118/1167/2438 1216/1275/2439
f 1216/1275/2439 1886/2035/2524 1119/1168/2523
f 947/987/4302 1362/1432/4303 1593/1683/4304
f 1593/1683/4304 1592/1682/4305 947/987/4302
f 2176/2415/4306 2177/2416/4307 2408/2769/4308
f 2408/2769/4308 2409/2770/4309 2176/2415/4306
f 820/2771/2346 1789/2772/2349 2063/2253/4310
f 2063/2253/4310 821/2773/4311 820/2771/2346
f 377/1948/2394 1815/1947/2393 2410/2774/4312
f 2410/2774/4312 1471/2775/4313 377/1948/4314
f 2066/2259/2933 2205/2454/3368 1317/1384/1501
f 1317/1384/1501 1316/1383/1500 2066/2259/2933
f 459/474/457 458/473/456 193/194/187
f 193/194/187 192/193/186 459/474/457
f 1652/1756/4315 1938/2101/3541 2258/2526/3542
f 2258/2526/3542 1531/1618/4316 1652/1756/4315
f 150/151/4317 149/150/4318 2411/2776/4319
f 2411/2776/4319 2050/2237/4320 150/151/4317
f 1189/1246/4280 213/215/4321 2348/2665/3967
f 2348/2665/3967 1528/2664/1833 1189/1246/4280
f 1941/2104/2629 1943/2106/2632 2042/2229/4322
f 2042/2229/4322 2257/2525/3539 1941/2104/2629
f 692/718/2882 1782/1910/2334 1914/2065/2334
f 1914/2065/2334 2292/2577/2882 692/718/2882
f 1305/1371/1482 905/936/4323 1599/1689/4324
f 1599/1689/4324 1088/1132/1483 1305/1371/1482
f 1843/1985/2443 2388/2725/4325 1043/1087/4326
f 1043/1087/4326 1844/1986/2444 1843/1985/2443
f 1167/1221/4327 2294/2581/4328 537/558/4329
f 537/558/4329 1322/1389/4330 1167/1221/4327
f 1816/1954/4331 1391/1462/4332 1390/1461/4333
f 1390/2377/4334 2148/2376/4334 1816/1949/4334
f 1152/1203/1267 1151/1202/1266 217/2777/4335
f 217/2777/4335 1682/1789/4336 1152/1203/1267
f 1971/2141/2680 1374/1444/1574 1681/1788/4337
f 1681/1788/4337 1898/2048/4338 1971/2141/2680
f 1339/1407/1528 1338/1406/1527 109/110/106
f 109/110/106 1807/1938/2376 1339/1407/1528
f 736/2778/4339 1947/2118/4340 436/451/4341
f 436/451/4341 1375/2642/4342 736/2778/4339
f 2412/2779/4343 1998/2175/4344 593/616/4345
f 593/616/4345 592/615/4346 2412/2779/4343
f 1365/1435/3571 252/254/3570 255/257/4347
f 255/257/4347 540/561/4347 1365/1435/3571
s 0
f 1010/1054/4348 1009/1053/4348 2413/2780/4348
f 2413/2780/1078 1911/2061/1078 1010/1054/1078
s 1
f 422/433/4349 1738/1856/4350 1737/1855/4351
f 1737/1855/4351 423/434/4352 422/433/4349
f 300/2764/300 299/2113/299 752/780/4353
f 752/780/4353 2212/2464/4354 300/2764/300
f 1460/1539/4355 2407/2767/4356 1762/2781/4357
s 0
f 1762/2781/4358 1461/1540/4358 1460/1539/4358
s 1
f 1291/1356/4359 1757/1880/4360 517/537/520
f 517/537/520 340/342/4361 1291/1356/4359
f 1522/2782/4362 1521/2783/4363 1802/1933/4364
f 1802/1933/4364 2147/2375/4365 1522/2782/4362
s 0
f 1732/1850/4366 1907/2057/4366 1910/2060/4366
f 1910/2060/4367 1733/1851/4367 1732/1850/4367
s 1
f 65/65/4368 68/68/4369 103/103/1646
f 103/103/1646 102/102/4370 65/65/4368
f 2158/2390/4371 1139/1189/3958 33/33/3957
f 33/33/3957 795/2784/4372 2158/2390/4371
f 2197/2443/4373 2385/2722/4374 693/719/2354
f 693/719/2354 1793/1923/2353 2197/2443/4373
f 2280/2554/4375 1879/2027/4376 1834/2741/2433
f 1834/1976/2433 1833/1975/2432 2280/2555/4375
f 2414/2785/4377 2112/2325/4378 370/2324/4379
f 370/375/4379 369/374/4380 2414/2786/4377
f 667/692/4381 581/604/595 584/607/598
f 584/607/598 1768/1894/4382 667/692/4381
f 1632/1728/4383 1471/1550/4384 2410/2787/4383
f 2410/2787/4383 2268/2542/4385 1632/1728/4383
f 2223/2478/4386 1735/1853/4387 1468/1547/4388
f 1468/1547/4388 2373/2707/4389 2223/2478/4386
f 478/498/4390 2415/2788/4391 1458/1537/4392
f 1458/1537/4393 1164/1218/4394 478/498/4395
f 1666/1773/2095 2245/2507/3504 2199/2789/4396
f 2199/2789/4396 572/595/2096 1666/1773/2095
f 1559/1646/4397 1158/1210/1274 1159/1213/1275
f 1159/1213/1275 1560/1647/3252 1559/1646/4397
f 1747/1868/4398 2416/2790/4399 890/921/4400
f 890/921/4400 195/1870/4401 1747/1868/4398
f 1897/2047/3630 1896/2046/4013 859/2681/4014
f 859/2681/4014 858/2563/3631 1897/2047/3630
f 2298/2585/4402 2297/2584/4403 2271/2545/4404
f 2271/2545/4404 1295/1361/4405 2298/2585/4406
f 2417/2791/4407 2334/2644/3891 47/47/4408
f 47/47/4408 46/46/4409 2417/2791/4407
f 1850/2792/4410 2418/2793/4411 1876/2024/4412
f 1876/2794/4413 1596/1686/4414 1850/1992/4415
f 1733/1851/4416 1910/2060/4417 2123/2337/4418
f 2123/2337/4418 498/518/4419 1733/1851/4416
f 970/1011/4420 1707/1819/4421 2330/2633/3837
f 2330/2633/3837 971/1012/3836 970/1011/4420
s 0
f 2116/2329/38 1398/1469/38 1401/1472/38
f 1401/1472/38 2117/2330/38 2116/2329/38
s 1
f 1114/2795/4422 2174/2413/4423 1724/1840/4424
f 1724/1840/4424 1497/2796/4425 1114/2795/4422
f 1136/1186/1242 1419/2631/4426 2098/2307/4427
f 2098/2307/4427 1137/1187/1243 1136/1186/1242
f 1657/1762/2080 1748/1871/2258 1749/1872/2259
f 1749/1872/2259 847/878/2081 1657/1762/2080
f 496/516/496 495/515/495 1028/1072/1105
f 1028/1072/1105 1027/1071/1104 496/516/496
f 333/335/4428 1447/1525/4429 1884/2033/4430
f 1884/2033/4430 2258/2526/4431 333/335/4428
f 64/64/61 63/63/60 552/575/4432
f 552/575/4432 1128/1178/1231 64/64/61
f 1602/1692/4433 2405/2758/4434 2404/2757/4435
f 2404/2757/4435 1603/1693/4436 1602/1692/4433
f 943/982/4437 70/70/4438 69/69/4439
f 69/69/4439 944/983/4440 943/982/4437
f 1940/2103/4441 1592/1682/4442 1595/1685/2865
f 1595/1685/2865 1110/1155/2864 1940/2103/4441
f 1983/2158/4443 2035/2220/2859 1220/1279/2862
f 1220/1279/2862 1606/1696/4444 1983/2158/4443
f 98/98/4445 2144/2367/4446 2145/2370/4447
f 2145/2370/4447 99/99/4448 98/98/4445
f 2139/2360/4062 2091/2296/4449 2137/2358/3875
f 2137/2358/3875 2138/2359/4450 2139/2360/4062
f 1795/1925/4451 1796/1926/4452 2226/2481/4453
f 2226/2481/4453 2328/2630/4451 1795/1925/4451
f 414/423/4454 897/928/2139 1301/1367/1478
f 1301/1367/4455 2419/2797/4456 414/423/4454
f 2284/2565/4457 1055/1099/4458 652/677/4459
f 652/677/4459 2117/2330/4460 2284/2565/4457
f 2305/2592/4461 399/408/4462 1242/1304/4463
f 1242/1304/4463 1548/1635/4464 2305/2592/4461
f 1444/1522/1706 2291/2576/3688 1278/1341/4465
f 1278/1341/4465 1277/1340/4466 1444/1522/1706
f 2419/2797/4467 2420/2798/4468 2109/2321/4469
f 2109/2321/4469 2357/2675/4470 2419/2797/4467
f 2050/2237/4471 2411/2776/4472 1759/2799/4473
f 1759/2799/4474 1777/2238/2316 2050/2237/4475
f 1922/2080/2595 2069/2264/4476 2421/2800/4477
f 2421/2800/4477 1923/2081/2596 1922/2080/2595
f 690/716/4478 1266/1329/4479 2422/2801/4480
f 2422/2801/4480 691/717/4481 690/716/4478
f 1143/1194/1257 1309/1375/1489 1308/1374/1488
f 1308/1374/1488 1144/1195/1258 1143/1194/1257
f 886/917/3932 1477/1556/1754 1505/1590/3932
s 0
f 1505/1590/4482 1504/1589/4482 886/917/4482
f 1454/1532/4483 1453/1531/4483 2081/2659/4483
s 1
f 2081/2282/4484 2412/2779/4485 1454/2802/4486
f 14/14/16 1673/1780/4487 1672/1779/4488
f 1672/1779/4488 15/15/17 14/14/16
f 1969/2139/4489 1968/2138/4490 2314/2606/4491
f 2314/2606/4491 2313/2605/4492 1969/2139/4489
f 728/754/765 727/753/764 249/251/249
f 249/251/249 248/250/248 728/754/765
f 874/2570/3646 2287/2569/3645 2233/2492/3488
f 2233/2492/3488 875/2491/3487 874/2570/3646
f 2423/2803/4493 2424/2804/4494 2222/2477/4495
f 2222/2477/3431 1357/1427/3451 2423/2803/4496
f 1261/2257/1430 2013/2191/2964 103/2194/2609
f 103/2194/2609 1932/2258/2608 1261/2257/1430
f 2129/2344/3112 2200/2447/3344 2185/2426/3274
f 2185/2426/3274 2130/2345/3113 2129/2344/3112
f 2039/2224/4497 2315/2805/3783 476/495/4498
f 476/495/4498 475/494/473 2039/2224/4497
s 0
f 16/16/4499 15/15/4499 2031/2215/4499
f 2031/2215/4500 1692/1799/4500 16/16/4500
s 1
f 2113/2326/3068 2425/2806/4501 1633/1729/4502
f 1633/1729/4502 1689/1796/3069 2113/2326/3068
f 44/44/42 43/43/41 1986/2365/2724
f 1986/2161/2724 1170/2807/4503 44/2808/42
f 2342/2655/4504 1292/1358/4505 1680/1787/4506
f 1680/1787/4506 2426/2809/4507 2342/2655/4504
f 2256/2810/3537 2153/2811/3193 618/2812/634
f 618/643/634 1892/2042/2534 2256/2522/3537
f 1759/1882/2289 962/1002/1022 603/628/4508
f 603/628/2317 1777/1903/2316 1759/1882/4474
f 2127/2342/3110 2094/2341/3109 379/956/979
f 379/956/979 921/955/978 2127/2342/3110
f 1113/2452/3363 2172/2411/3362 2174/2413/4509
f 2174/2413/4509 1114/2795/4510 1113/2452/3363
f 2220/2475/4511 2015/2195/4512 680/705/4513
f 680/705/4513 2221/2476/4514 2220/2475/4511
f 1765/1891/4515 1988/2164/2727 1990/2166/2731
f 1990/2166/2731 698/724/4516 1765/1891/4515
f 2427/2813/4517 2110/2322/4518 2112/2325/4519
f 2112/2325/4519 2378/2714/4519 2427/2813/4517
f 1408/1480/4126 1073/1117/4125 791/819/839
f 791/819/839 790/818/838 1408/1480/4126
s 0
f 1257/1320/4520 168/1449/4520 580/2814/4520
f 580/603/454 2428/2815/454 1257/2816/454
s 1
f 1770/1896/3413 2218/2472/3412 883/914/3067
f 883/914/3067 882/913/4521 1770/1896/3413
f 139/140/4522 1692/1799/4523 861/892/4524
f 861/892/4524 860/891/4525 139/140/4522
f 161/2817/4152 798/1484/705 1411/1485/1643
f 1411/1485/1643 2306/2595/4153 161/2817/4152
f 2429/2818/4526 211/213/4526 214/216/4175
f 214/216/4175 2387/2724/4174 2429/2818/4526
f 2202/2449/4527 1927/2085/4528 2215/2469/4529
f 2215/2469/4529 2203/2450/4530 2202/2449/4527
f 318/320/1751 849/880/4531 1192/1249/4532
f 1192/1249/4532 1475/1554/1752 318/320/1751
s 0
f 442/457/4533 1996/2172/4533 1859/2002/4533
f 1859/2002/4534 443/458/4534 442/457/4534
s 1
f 1600/1690/1949 1559/1646/1880 364/369/1879
f 364/369/1879 363/368/1950 1600/1690/1949
f 1077/1121/1690 930/1513/1689 933/2819/4535
f 933/2819/4535 533/554/4536 1077/1121/1690
f 393/398/384 728/754/383 248/250/1605
f 248/250/1605 1258/1321/1604 393/398/384
f 909/943/965 2430/2820/4537 77/77/2909
f 77/77/2909 2057/2246/2908 909/943/965
f 1712/2821/4538 1422/1497/1665 1039/1083/1668
f 1039/1083/1668 1498/1579/4539 1712/2821/4538
f 1212/1271/4540 1211/1270/2769 25/25/2772
f 25/25/2772 1678/1785/4541 1212/1271/4540
f 11/11/4542 802/831/4543 1922/2080/4544
f 1922/2080/4545 935/972/4546 11/11/4542
f 401/410/4547 2187/2430/4548 966/1007/4549
f 966/1007/4549 1972/2142/4550 401/410/4547
f 2204/2453/3365 1977/2149/4551 2350/2668/4552
f 2350/2668/4552 329/331/3366 2204/2453/3365
f 2289/2574/4553 2127/2342/4554 921/955/4202
f 921/955/4202 2321/2617/4201 2289/2574/4553
f 1018/1062/4163 2169/2407/4162 1617/1710/1989
f 1617/1710/1989 171/172/1988 1018/1062/4163
s 0
f 840/871/454 1215/1274/454 485/1738/454
f 485/1738/454 488/1807/454 840/871/454
s 1
f 2193/2439/4555 1920/2074/55 1921/2077/4556
f 1921/2077/4556 2427/2813/4557 2193/2439/4555
f 2255/2521/4558 2254/2520/4559 2364/2685/4560
f 2364/2685/4560 218/220/4561 2255/2521/4558
f 1747/1868/4562 963/1867/4563 2319/2613/4564
f 2319/2613/4565 2416/2790/4566 1747/1868/4562
f 716/742/751 715/741/750 2127/2342/4554
f 2127/2342/4554 2289/2574/4553 716/742/751
f 880/911/4567 2300/2587/4568 2431/2822/4569
f 2431/2822/4569 2432/2823/4570 880/911/4567
f 987/1028/4571 986/1027/4571 2114/2327/3080
f 2114/2327/3080 1420/1495/3079 987/1028/4571
f 851/882/904 2071/2266/4572 1072/1116/4573
f 1072/1116/4573 852/883/905 851/882/904
s 0
f 895/926/4574 1355/1424/4574 2040/2226/4574
s 1
f 2040/2226/4575 896/927/4575 895/926/4575
f 2432/2823/4570 2431/2822/4569 637/662/4576
f 637/662/4576 2227/2482/4577 2432/2823/4570
f 1772/1898/2309 842/873/895 845/876/898
f 845/876/898 582/605/2310 1772/1898/2309
f 2065/2255/4578 2064/2254/4579 1407/1478/4580
f 1407/1478/4580 1406/1477/4581 2065/2255/4578
f 1567/1654/4582 2290/2575/4182 2388/2725/4185
f 2388/2725/4185 1843/1985/4583 1567/1654/4582
f 1803/1934/4584 1802/1933/4364 1521/2783/4363
f 1521/2783/4363 2532/2824/4585 1803/1934/4584
f 2148/2376/3178 2433/2825/4586 1817/1950/2396
f 1817/1950/2396 1816/1949/4587 2148/2376/3178
f 2188/2432/4588 2189/2433/4588 2125/2339/4588
f 2125/2339/4589 1913/2826/4590 2188/2432/4591
f 1876/2794/4413 554/577/557 553/576/556
f 553/576/556 1596/1686/4414 1876/2794/4413
f 1906/2056/2558 1905/2055/2557 1275/1338/4592
f 1275/1338/4593 2204/2453/4594 1906/2056/4595
f 1187/1244/4596 758/1243/4597 2108/2827/4598
f 2108/2827/4598 2209/2458/4599 1187/1244/4596
f 2434/2828/4600 315/317/4601 595/618/4601
f 595/618/4601 2435/2829/4602 2434/2828/4600
f 2436/2830/4603 2101/2310/3037 2216/2470/3410
f 2216/2470/3410 2359/2678/3993 2436/2830/4603
f 455/470/4604 863/894/4605 1390/2377/4606
f 1390/2377/4606 456/471/4607 455/470/4604
f 598/977/1002 939/976/1001 1323/1771/1511
f 1323/1390/1511 599/622/1510 598/621/1002
f 1861/2004/4608 2326/2626/4609 2115/2328/3075
f 2115/2328/3075 2001/2178/3074 1861/2004/4608
f 1856/1998/4610 2414/2786/4377 369/374/4380
f 369/374/4380 368/373/4611 1856/1998/4610
f 551/574/4612 539/560/4613 1739/1857/4614
f 1739/1857/4614 2437/2831/4615 551/574/4612
s 0
f 573/596/4616 1188/1245/4616 1853/1995/4616
f 1853/1995/4617 1426/1501/4617 573/596/4617
s 1
f 1756/1879/2281 2369/2699/4618 1821/1959/4619
f 1821/1959/4619 2438/2832/4620 1756/1879/2281
f 847/878/900 1749/1872/4621 2020/2203/4622
f 2020/2203/4622 848/879/901 847/878/900
f 99/99/3351 2145/2370/4623 1978/2151/3695
f 1978/2151/3695 2201/2448/3352 99/99/3351
f 949/989/1012 241/243/241 1753/1876/4624
f 1753/1876/4624 1752/1875/4625 949/989/1012
f 28/28/4626 27/27/4627 1229/1290/4627
f 1229/1290/4627 815/844/4628 28/28/4626
f 1542/1629/4629 2302/2589/3728 1701/1813/3154
f 1701/1813/3154 1543/1630/3153 1542/1629/4629
f 2282/2560/4630 1703/1815/4631 1704/1816/4632
f 1704/1816/4632 1718/1834/2206 2282/2560/4630
f 2150/2380/4633 2359/2678/3993 1769/1895/2304
f 1769/1895/2304 384/389/4634 2150/2380/4633
f 1791/1921/2351 2439/2833/999 2154/2834/3194
f 2154/2834/3194 1792/1922/2352 1791/1921/2351
f 224/226/3766 223/225/4635 289/291/4636
f 289/291/4636 2308/2599/3767 224/226/3766
f 655/680/4637 888/919/4638 2440/2835/4639
f 2440/2835/4639 656/681/4640 655/680/4637
f 398/407/4641 201/406/4642 1712/2821/4643
f 1712/2821/4643 1498/1579/4644 398/407/4641
f 2308/2599/4645 289/291/2702 1228/2155/2705
f 1228/2155/2705 1227/2836/4646 2308/2599/4645
f 1700/1812/2168 1441/1518/4647 1183/1238/4648
f 1183/1238/4648 1182/1237/2169 1700/1812/2168
f 1221/1280/1358 2070/2265/4649 1197/1254/4650
f 1197/1254/4650 1196/1253/1359 1221/1280/1358
f 191/192/4651 190/191/4652 1947/2114/4653
f 1947/2114/4653 736/2837/4654 191/192/4651
f 2441/2838/4655 2442/2839/4656 211/213/4657
f 211/213/4657 2429/2818/4657 2441/2838/4655
f 533/554/4536 933/2819/4535 819/848/868
f 819/848/868 534/555/867 533/554/4536
f 2322/2618/3795 1213/1272/4658 1885/2034/4659
f 1885/2034/4659 2009/2187/3796 2322/2618/3795
f 1953/2122/2648 362/367/359 890/921/4660
f 890/921/4660 2358/2677/3990 1953/2122/2648
f 1709/2840/4661 724/2279/4662 1482/1563/4663
f 1482/1563/4663 1481/1562/4664 1709/2840/4665
f 2415/2788/4391 74/74/71 73/73/70
f 73/73/70 1458/1537/4392 2415/2788/4391
f 382/387/374 381/386/373 1490/1571/3094
f 1490/1571/3094 2121/2334/3093 382/387/374
s 0
f 1710/2009/4666 1709/2840/4666 1481/1562/4666
f 1481/1562/4666 1232/1293/4666 1710/2009/4666
s 1
f 2225/2480/4667 2224/2479/3929 2343/2656/3928
f 2343/2656/3928 2443/2841/4668 2225/2480/4667
f 624/649/4669 625/650/1780 1496/1577/1779
f 1496/1577/1779 1333/1401/4670 624/649/4669
f 2056/2245/4671 955/995/1015 958/998/1018
f 958/998/1018 1730/1848/4672 2056/2245/4671
f 2282/2560/4630 1718/1834/2206 1717/1833/2205
f 1717/1833/2205 292/294/3980 2282/2560/4630
f 2170/2408/3226 1086/1130/1182 1891/2041/2529
f 1891/2041/2529 2265/2539/4673 2170/2408/3226
f 1652/1756/4315 1531/1618/4316 1530/1617/4674
s 0
f 1530/1617/4675 1653/1757/4675 1652/1756/4675
f 686/711/4676 685/710/4676 1839/1981/4676
s 1
f 1839/1981/4677 772/800/814 686/711/3573
f 1697/1805/4678 683/708/4679 686/711/3573
f 686/711/3573 1698/1806/3572 1697/1805/4678
f 1893/2043/2535 418/2747/4680 2003/2842/4681
f 2003/2842/4681 2333/2639/3862 1893/2043/2535
f 2167/2403/3221 2168/2404/3222 668/693/695
f 668/693/695 1445/1523/1709 2167/2403/3221
f 146/147/144 145/146/143 918/952/975
f 918/952/975 917/951/974 146/147/144
s 0
f 485/505/454 1388/1459/454 1391/1462/454
f 1391/1462/454 1974/2144/454 485/505/454
s 1
f 1280/1343/4682 1279/1342/1823 525/545/1825
f 525/545/1825 524/544/4682 1280/1343/4682
s 0
f 1268/1331/4683 2140/2362/4683 2043/2230/4683
f 2043/2230/4683 468/485/4683 1268/1331/4683
s 1
f 1627/1723/2016 2247/2509/3552 2250/2534/3555
f 2250/2534/3555 1628/1724/2017 1627/1723/2016
f 591/2318/605 594/937/604 905/936/4323
f 905/936/4323 1305/1371/1482 591/2318/605
s 0
f 310/312/4684 1612/1705/4684 832/863/4684
s 1
f 832/863/4141 2312/2603/4140 310/312/4685
f 2131/2346/3116 1568/2843/4686 1842/2385/4687
f 1842/2385/4687 2132/2347/3117 2131/2346/3116
f 2292/2577/4688 2365/2844/4689 2444/2845/4690
f 2444/2845/4690 302/304/4691 2292/2577/4688
f 2084/2287/4692 2440/2835/4693 1900/2050/2554
f 1900/2050/2554 1899/2049/2553 2084/2287/4692
f 949/989/4694 2157/2389/4695 2367/2846/4696
f 2367/2846/4696 950/990/4697 949/989/4694
s 0
f 2445/2847/4698 2214/2466/4698 1005/1046/4698
f 1005/1046/4699 2446/2848/4699 2445/2847/4699
s 1
f 23/23/4700 2309/2600/4701 2266/2849/4702
f 2266/2849/4702 1687/2850/4703 23/23/4700
f 2126/2623/3803 1833/1975/3802 1836/1978/3020
f 1836/1978/3020 2094/2301/3019 2126/2623/3803
f 286/288/283 508/528/4704 492/512/4705
f 492/512/4705 287/289/284 286/288/283
f 1618/1711/4706 1508/1593/4707 1509/1594/4708
f 1509/1594/4708 1872/2348/4709 1618/1711/4706
f 200/201/3800 1711/1823/3799 1712/1824/4710
f 1712/1824/4710 201/202/4711 200/201/3800
f 871/902/926 870/901/925 608/633/4712
f 608/633/4712 1615/1708/1982 871/902/926
f 2304/2591/3735 2138/2851/3147 2186/2427/4713
s 0
f 2186/2427/4714 400/409/4714 2304/2591/4714
s 1
f 2157/2389/3205 1990/2166/3204 1989/2165/4715
f 1989/2165/4715 2367/2846/4716 2157/2389/3205
f 1435/1510/2875 2038/2223/2874 2304/2591/3735
f 2304/2591/3735 2305/2592/3738 1435/1510/2875
s 0
f 2409/2770/4717 2408/2769/4717 1147/1198/4717
f 1147/1198/4718 1146/1197/4718 2409/2770/4718
s 1
f 962/1002/1022 961/1001/1021 604/629/4719
f 604/629/4719 603/628/4508 962/1002/1022
f 2107/2852/4720 642/667/663 641/666/662
f 641/666/662 1648/1750/4721 2107/2852/4720
s 0
f 1857/1999/38 368/373/38 367/372/38
s 1
f 367/372/38 1881/2029/2516 1857/1999/38
f 1925/2083/4722 405/414/4723 658/683/4724
f 658/683/4724 1926/2084/4725 1925/2083/4722
f 1370/1440/4090 1369/1439/4726 1814/1946/4727
f 1814/1946/4727 1326/1394/4091 1370/1440/4090
f 594/617/4728 593/616/4729 1115/1164/1216
f 1115/1164/1216 906/1163/1215 594/617/4728
f 1987/2163/4730 1589/1679/4731 1810/1941/4732
f 1810/1941/2789 768/796/810 1987/2163/2726
f 1439/1516/2757 2000/2177/2756 2033/2218/2854
f 2033/2218/2854 1440/1517/2853 1439/1516/2757
f 2365/2686/4733 331/333/4734 1254/1317/4735
f 1254/1317/4735 2444/2853/4736 2365/2686/4733
f 1347/1415/1535 1346/1414/1534 2338/2649/4737
f 2338/2649/4737 1708/1820/4738 1347/1415/1535
f 1799/1930/3809 1798/1929/4739 710/736/4740
f 710/736/4740 2115/2328/3810 1799/1930/3809
f 2041/2228/4741 184/185/178 187/188/181
f 187/188/181 438/453/4742 2041/2228/4741
f 1480/1559/4743 2303/2590/4744 392/2854/4745
f 392/2854/4745 391/1560/4746 1480/1559/4743
f 1/1/4747 4/4/3336 2199/2446/3339
f 2199/2446/4396 2245/2855/3504 1/1/4748
f 277/279/274 999/2702/4103 1001/1302/4749
f 1001/1302/4750 278/280/275 277/279/274
f 1381/1452/4751 836/2856/4751 1780/2573/2323
f 1780/2573/2323 2135/2351/3666 1381/1452/4751
f 1518/1605/1817 1494/1575/4752 1501/2611/4753
f 1501/2611/4753 1519/1606/1818 1518/1605/1817
f 361/365/4754 1578/2417/4754 2317/2610/3785
f 2317/2610/3785 1409/366/3784 361/365/4754
s 0
f 1102/1147/4755 1101/1146/4755 2260/2529/4755
f 2260/2529/4756 2171/2410/4756 1102/1147/4756
s 1
f 384/389/4634 1769/1895/2304 967/1008/2307
f 967/1008/2307 385/390/4757 384/389/4634
f 1708/1820/4738 2338/2649/4737 2337/2648/4758
f 2337/2648/4758 1883/2032/4759 1708/1820/4738
f 1904/2054/4760 1364/1434/4761 1276/1339/4762
f 1276/1339/4762 1905/2055/4763 1904/2054/4760
f 1180/1235/4764 547/568/4765 546/567/4766
f 546/567/4766 931/968/4767 1180/1235/4764
f 1218/2135/2670 1217/2857/4768 2447/2858/4769
f 2447/2858/4769 1966/2136/2671 1218/2135/2670
f 2062/2251/2927 447/462/447 2448/2859/4770
f 2448/2859/4770 2439/2860/999 2062/2251/2927
f 1293/1359/4771 1318/1385/4772 1321/1388/4773
f 1321/1388/4773 1294/1360/4774 1293/1359/4771
f 2449/2861/4775 2389/2726/4776 2400/2753/4777
f 2400/2753/4778 2450/2862/4778 2449/2861/4778
f 1140/1190/1249 2451/2863/4779 371/2864/4780
f 371/2864/4780 891/1191/1250 1140/1190/1249
f 1184/1239/4781 1183/1238/1699 799/828/4782
f 799/828/4783 10/10/3699 1184/1239/3698
f 55/55/581 570/593/580 7/7/4784
f 7/7/4784 2452/2865/4785 55/55/581
f 1462/1541/4786 1097/1142/4787 1564/1651/4788
f 1564/1651/4788 1460/1539/4789 1462/1541/4786
f 203/204/3391 2393/2731/4790 1641/1741/4791
f 1641/1741/4791 1230/1291/3392 203/204/3391
f 1482/1563/1762 2080/2281/4792 2328/2630/4793
f 2328/2630/4793 1483/1564/1763 1482/1563/1762
f 1649/1751/2066 1111/1156/1208 1112/1158/1211
f 1112/1158/1211 977/1018/55 1649/1751/2066
f 1972/2142/4794 966/1007/4795 229/231/229
f 229/231/229 228/230/228 1972/2142/4794
f 823/852/4796 2333/2639/3862 2003/2842/4681
s 0
f 2003/2842/4797 2088/2866/4797 823/852/4797
s 1
f 2230/2867/4798 578/601/2551 577/600/4799
f 577/600/4799 2152/2382/4800 2230/2867/4798
s 0
f 893/924/4801 896/927/4801 1982/2157/4801
f 1982/2157/1980 1981/2156/1980 893/924/1980
s 1
f 1734/1852/4802 1733/1851/55 498/518/4803
f 498/518/4803 497/517/4804 1734/1852/4802
f 1959/2868/4805 2398/2749/4806 2399/2750/4807
f 2399/2750/4807 2453/2869/4808 1959/2868/4805
f 1740/1858/4809 1971/2141/2680 1898/2048/4338
f 1898/2048/4810 1741/1859/2240 1740/1858/2239
f 862/893/916 1830/1970/2424 2433/2825/4811
f 2433/2825/4586 2148/2376/3178 862/893/3177
f 1992/2643/4089 708/734/4088 1427/1502/4812
s 0
f 1427/1502/4813 2137/2358/4813 1992/2643/4813
f 2207/2456/4814 2077/2275/4814 2076/2274/4814
s 1
f 2076/2274/4815 2208/2457/4816 2207/2456/4817
f 735/761/4818 82/82/78 81/81/77
f 81/81/77 2190/2434/4819 735/761/4818
f 1065/1109/4820 1847/1989/4821 1846/1988/4822
f 1846/1988/4822 1066/1110/4823 1065/1109/4820
f 587/610/4824 263/265/4825 262/264/494
f 262/264/494 494/514/493 587/610/4824
f 1151/2870/1266 2255/2521/4826 218/220/4827
f 218/220/4827 217/219/4335 1151/2870/1266
f 795/2784/4828 33/33/4829 36/36/4830
f 36/207/4830 205/206/4831 795/823/4828
f 2418/2793/4832 1668/1775/2100 1667/1774/2099
f 1667/1774/2099 1876/2024/4833 2418/2793/4832
f 691/717/4481 2422/2801/4480 2234/2871/4834
f 2234/2871/4834 1377/2872/4835 691/717/4481
f 538/559/4836 1970/2140/2679 1971/2141/2680
f 1971/2141/2680 1740/1858/4809 538/559/4836
f 557/580/2597 1923/2081/2596 2373/2707/4837
f 2373/2707/4837 558/581/4838 557/580/2597
s 0
f 2184/2873/4839 1957/2874/4839 2104/2875/4839
f 2104/2876/4840 1265/2877/4840 2184/2878/4840
s 1
f 670/2378/4841 1794/2762/4842 503/523/4843
s 0
f 503/523/4844 1348/1416/4844 670/2378/4844
s 1
f 118/119/4845 117/118/115 2129/2344/3520
f 2129/2344/3520 2128/2343/4846 118/119/4845
f 2195/2441/3306 2197/2443/3309 1793/1923/4847
f 1793/1923/4847 669/694/4848 2195/2441/3306
f 965/1006/1026 763/791/2058 230/232/2061
f 230/232/2061 229/231/1027 965/1006/1026
f 1869/2013/4105 2454/2879/4849 2246/2508/4850
f 2246/2508/4851 2045/2232/4106 1869/2013/4105
f 2431/2822/4569 2300/2587/4568 1685/1792/4852
f 1685/1792/4852 2455/2880/4853 2431/2822/4569
f 2100/2309/4854 2099/2308/4855 911/945/4856
f 911/945/4856 910/944/4857 2100/2309/4854
f 436/451/4858 1947/2118/2642 1949/2117/2644
f 1949/2117/2644 437/452/4858 436/451/4858
f 1693/1800/4859 163/164/4860 165/166/3341
f 165/166/3341 1694/1801/3340 1693/1800/4859
f 1475/1554/3088 1192/1249/1317 1195/1252/1320
f 1195/1252/1320 2118/2331/3089 1475/1554/3088
f 220/222/4861 1949/2117/4862 1948/2116/4134
f 1948/2115/4134 1683/1790/4133 220/2881/4861
f 58/58/56 154/155/153 1457/1536/4863
f 1457/1536/4863 59/59/57 58/58/56
s 0
f 2048/2235/3912 2341/2654/3912 2414/2786/3912
f 2414/2786/3912 1856/1998/3912 2048/2235/3912
s 1
f 1135/2335/3096 1489/1570/3095 817/846/1657
f 817/846/1657 1136/1494/1660 1135/2335/3096
s 0
f 892/923/4864 374/379/4864 1104/1149/4864
f 1104/1149/4865 1538/1625/4865 892/923/4865
s 1
f 1284/1348/3683 1679/1786/4866 814/843/4867
f 814/843/4867 1488/1569/3684 1284/1348/3683
f 1974/2144/4868 1391/1462/4869 1816/1954/4870
f 1816/1954/4870 1819/1953/4871 1974/2144/4868
s 0
f 1818/1951/4872 1817/1950/4872 1554/2593/4872
s 1
f 1554/1641/4873 1553/1640/4173 1818/2882/4172
f 1898/2048/4874 1544/1631/4875 1545/1632/4876
f 1545/1632/4876 1741/1859/4877 1898/2048/4874
f 2130/2345/3113 1445/1523/1709 424/435/1710
f 424/440/1710 2317/2610/4282 2130/2766/3113
f 434/447/4878 1801/1932/3892 2275/2549/3895
f 2275/2549/4879 2274/2548/4880 434/447/4881
s 0
f 2376/2883/4882 1665/1772/4882 282/2742/4882
f 282/2742/4883 281/2884/4883 2376/2883/4883
f 2446/2848/454 2456/2885/454 2375/2709/454
f 2375/2709/454 2445/2847/454 2446/2848/454
f 1269/1332/4884 1124/1174/4884 1123/1173/4884
f 1123/1173/4884 1268/1331/4884 1269/1332/4884
s 1
f 1576/1664/1907 1575/1663/1906 2369/2699/4885
f 2369/2699/4885 1756/1879/2281 1576/1664/1907
f 513/533/4886 512/532/3217 1936/2099/2625
f 1936/2099/2625 1806/1937/4887 513/533/4886
f 1226/1287/1610 509/529/4888 508/528/4889
f 508/528/4889 286/288/1611 1226/1287/1610
f 977/1018/4890 1112/1158/4891 1875/2022/4892
f 1875/2022/4892 978/1019/4893 977/1018/4890
f 90/90/87 1975/2145/2765 2002/2179/2764
f 2002/2179/2764 91/91/88 90/90/87
f 1838/1980/4894 1630/1726/2026 1161/1215/2025
f 1161/1215/2025 1160/1214/4895 1838/1980/4894
f 1197/1254/4650 2070/2265/4649 2418/2793/4411
f 2418/2793/4411 1850/2792/4410 1197/1254/4650
f 22/22/21 1916/2068/3765 2309/2600/3768
f 2309/2600/3768 23/23/22 22/22/21
f 59/2735/57 1457/2406/4863 979/1020/4896
f 979/1020/4896 2286/2567/4216 59/2735/57
f 2457/2886/4897 2248/2510/4898 563/586/4899
f 563/586/4899 1416/1490/1651 2457/2886/4897
f 251/253/251 250/252/250 225/227/1985
f 225/227/1985 1590/1680/1984 251/253/251
f 1636/1732/4900 1702/1814/4901 1587/1677/4902
f 1587/1677/4902 1637/1733/4903 1636/1732/4900
f 2261/2530/3547 2219/2473/4904 1441/1518/4905
f 1441/1518/4905 1700/1812/3548 2261/2530/3547
f 459/474/4906 192/193/1637 1410/1483/1636
f 1410/1483/1636 1736/1854/4907 459/474/4906
f 2095/2304/3025 2097/2306/3027 2248/2510/4898
f 2248/2510/4898 2457/2886/4897 2095/2304/3025
f 2044/2887/2184 1705/1817/2183 159/160/2184
s 0
f 159/160/2184 469/487/2184 2044/2887/2184
s 1
f 2119/2332/4230 2118/2331/4078 1835/1977/4079
f 1835/1977/4079 1834/1976/4231 2119/2332/4230
f 691/717/722 1377/2872/4908 1256/1860/2242
f 1256/1860/2242 620/645/636 691/717/722
s 0
f 465/482/4909 1944/2107/4909 1945/2110/4909
f 1945/2110/4910 2326/2626/4910 465/482/4910
s 1
f 173/174/167 172/173/166 2133/2349/4911
f 2133/2349/4911 1113/1161/4912 173/174/167
f 2064/2254/4913 2432/2823/4914 2227/2482/4915
f 2227/2482/4915 1407/1478/4916 2064/2254/4913
f 1746/1866/4035 1332/1400/1521 1335/1403/1524
f 1335/1403/1524 1800/2689/4036 1746/1866/4035
f 1522/2782/4917 2147/2375/4918 2395/2744/4919
f 2395/2744/4919 2458/2888/4920 1522/2782/4917
f 2145/2370/4921 1849/2369/4922 1979/2152/2699
f 1979/2152/2699 1978/2151/2698 2145/2370/4921
f 1679/1786/4866 28/28/4626 815/844/4628
f 815/844/4628 814/843/4867 1679/1786/4866
f 2099/2308/4855 735/761/4818 2190/2434/4819
f 2190/2434/4819 911/945/4856 2099/2308/4855
f 769/797/2791 1880/2028/2790 1879/2027/4376
f 1879/2027/4376 2280/2554/4375 769/797/2791
f 1200/1259/1326 1199/1258/1325 1825/1965/4923
f 1825/1965/4923 2036/2221/4924 1200/1259/1326
f 21/21/4925 559/582/4926 942/980/2570
f 942/980/2570 22/22/2569 21/21/4925
f 1225/1284/4927 1177/1232/203 1078/1122/3896
f 1078/1122/3896 914/948/4928 1225/1284/4927
f 466/483/4929 465/482/4930 2326/2626/4931
f 2326/2626/4931 1861/2004/4932 466/483/4929
s 0
f 1224/1283/4933 390/395/4933 595/618/4933
s 1
f 595/618/3950 1025/1069/1363 1224/1283/1362
f 1757/1880/4360 1325/1393/1514 1172/1227/1290
f 1172/1227/1290 517/537/520 1757/1880/4360
s 0
f 901/932/4934 1327/1395/4934 1814/1946/4934
s 1
f 1814/1946/4935 1813/1945/2390 901/932/4936
s 0
f 1301/1367/4937 1300/1366/4937 2420/2798/4937
s 1
f 2420/2798/4468 2419/2797/4456 1301/1367/4455
f 2356/2674/4938 1072/1116/4939 2071/2266/2950
f 2071/2266/2950 2072/2267/2953 2356/2674/4938
f 2340/2651/4940 2424/2804/4941 2423/2803/4942
f 2423/2803/4942 2459/2889/4943 2340/2651/4940
f 435/449/558 434/448/4881 2274/2890/4880
f 2274/2890/4880 555/578/559 435/449/558
f 2455/2880/4944 1685/1792/2129 1688/1795/2132
f 1688/1795/2132 2293/2580/3790 2455/2880/4944
f 1550/1637/4945 1845/2386/4276 1121/1170/1224
f 1121/1170/1224 1120/1169/1223 1550/1637/4945
f 2036/2221/4924 1825/1965/4923 1824/1964/4946
f 1824/1964/4946 2122/2336/4947 2036/2221/4924
f 2430/2820/4948 1129/1179/4949 78/78/74
f 78/78/74 77/77/73 2430/2820/4948
f 409/418/406 408/417/405 2386/2723/4170
f 2386/2723/4170 1650/1752/4171 409/418/406
f 2168/2404/3222 1030/1074/1107 2034/2219/2858
f 2034/2219/2858 2195/2441/3405 2168/2404/3222
f 2328/2630/4950 2226/2481/3442 1614/1707/3445
f 1614/1707/3445 1483/1564/4951 2328/2630/4950
f 1209/2299/3016 1783/2094/2615 734/760/2617
f 734/760/2617 733/759/3017 1209/2299/3016
f 1780/1906/2323 1779/1905/2322 297/299/297
f 297/299/297 1527/2891/1832 1780/1906/2323
f 2032/2892/4952 1838/1980/4894 1160/1214/4895
f 1160/1214/4895 1866/2010/4953 2032/2892/4952
f 141/142/4954 1045/1089/1859 628/653/4955
f 628/653/4955 142/143/4956 141/142/4954
f 145/2500/143 2239/2499/3498 2288/2572/3665
f 2288/2622/3665 918/952/975 145/146/143
s 0
f 167/168/4957 166/167/4957 548/569/4957
f 548/572/4958 579/602/4958 167/1159/4958
s 1
f 1684/1791/4136 2380/2716/4135 2460/2893/4959
f 2460/2893/4959 1544/1631/4960 1684/1791/4136
s 0
f 412/421/4961 414/423/4961 2419/2797/4961
s 1
f 2419/2797/3286 2357/2675/4962 412/421/4963
f 2000/2177/4964 2259/2736/4217 2286/2567/4216
f 2286/2567/4216 2033/2218/4965 2000/2177/4964
f 265/267/264 65/65/4368 102/102/4370
f 102/102/4370 266/268/265 265/267/264
s 0
f 2393/2731/4966 1281/1344/4966 925/961/4966
f 925/961/4966 1641/1741/4966 2393/2731/4966
f 1251/1314/4967 771/799/4967 774/802/4967
f 774/802/4968 1035/1079/4968 1251/1314/4968
s 1
f 696/2763/4969 695/2216/4970 928/965/4971
f 928/965/4971 504/524/4972 696/2763/4969
f 1776/1902/3317 1775/1901/4973 2284/2565/4974
f 2284/2565/4974 1429/1504/3318 1776/1902/3317
f 2453/2894/4808 2399/2895/4807 619/644/4975
f 619/644/4975 689/2315/4976 2453/2894/4808
f 174/175/168 551/574/4977 2437/2831/4978
f 2437/2831/4978 175/176/169 174/175/168
f 2461/2896/4979 2462/2897/4980 2463/2898/4981
f 2463/2898/4982 2464/2899/4983 2461/2896/4979
f 62/62/1925 1582/1670/1924 536/557/4984
f 536/557/4984 63/63/60 62/62/1925
f 1054/1098/4985 1625/1719/4986 38/38/4987
f 38/38/4987 37/37/4988 1054/1098/4985
f 375/380/4989 378/383/1467 1292/1358/1468
f 1292/1358/1468 2342/2655/4990 375/380/4989
s 0
f 1055/1099/4991 1054/1098/4991 37/37/4991
f 37/37/4992 652/677/4992 1055/1099/4992
s 1
f 1377/1447/4993 2234/2494/3954 2347/2661/3953
s 0
f 2347/2661/1438 1378/1448/1438 1377/1447/1438
s 1
f 2312/2603/3779 2158/2390/4371 795/2784/4372
f 795/2784/4372 794/2604/3780 2312/2603/3779
f 642/2519/3528 2078/2276/3527 779/2262/252
f 779/807/823 643/668/822 642/667/4994
f 1860/2003/4995 1563/1650/4996 1562/1649/4997
f 1562/1649/4997 1897/2047/4998 1860/2003/4995
f 2185/2426/3274 2167/2403/3221 1445/1523/1709
f 1445/1523/1709 2130/2345/3113 2185/2426/3274
s 0
f 1655/1759/4999 1503/1588/4999 1502/1587/4999
f 1502/1587/4999 1656/1760/4999 1655/1759/4999
s 1
f 587/610/5000 494/514/5001 2465/2900/5002
f 2465/2900/5003 588/611/5004 587/610/5005
f 1768/1894/4382 584/607/598 1988/2164/3606
f 1988/2164/3606 1765/1891/5006 1768/1894/4382
f 772/800/5007 1839/1981/5008 1950/2119/5009
f 1950/2119/5009 773/801/5010 772/800/5007
f 1785/1914/5011 1384/1455/5012 1387/1458/5013
f 1387/1458/5014 1786/1915/5015 1785/1914/5016
f 2004/2181/2770 452/467/5017 202/203/5018
f 202/203/5018 26/26/2771 2004/2181/2770
f 1520/1607/4115 1522/1609/5019 2458/2901/5020
f 2458/2901/5020 2374/2708/4116 1520/1607/4115
f 950/2902/4697 2367/2903/4696 777/805/5021
f 777/805/5022 1514/1599/5023 950/2902/4697
s 0
f 2269/2543/5024 2268/2542/5024 2232/2904/5024
s 1
f 2232/2904/5025 2466/2905/5026 2269/2543/5027
f 637/662/4576 2431/2822/4569 2455/2880/5028
f 2455/2880/5028 638/663/5029 637/662/4576
f 1024/1068/5030 1778/2260/2319 372/2906/2749
f 372/2906/2749 2344/2657/5031 1024/1068/5030
f 1007/1049/1073 1006/1048/1072 1991/2167/2734
f 1991/2167/2734 1644/1744/2733 1007/1049/1073
f 931/968/4767 546/567/4766 1964/2133/3163
f 1964/2133/3163 932/969/3162 931/968/4767
f 2289/2574/3675 2321/2617/3794 2323/2619/3797
f 2323/2619/3797 2290/2575/3676 2289/2574/3675
f 1810/1941/2381 1809/1940/2380 1877/2025/2512
f 1877/2025/2512 1880/2028/2515 1810/1941/2381
s 0
f 1051/1095/5032 1995/2171/5032 2131/2346/5032
s 1
f 2131/2346/5033 1052/1096/1137 1051/1095/1136
f 1194/1251/3750 1285/1349/3682 1487/1568/3685
f 1487/1568/3685 1584/1672/3751 1194/1251/3750
f 784/812/1408 2228/2483/5034 1506/1591/5035
f 1506/1591/5035 1247/1310/1409 784/812/1408
f 261/263/5036 2320/2615/5037 495/515/5038
f 495/515/5038 262/264/5036 261/263/5036
f 698/724/5039 697/723/5040 1766/1892/5041
f 1766/1892/5041 1765/1891/5042 698/724/5039
f 2363/2684/5043 437/452/5044 1949/2117/4862
f 1949/2117/4862 219/221/5045 2363/2684/5043
s 0
f 5/5/769 2236/2496/769 614/639/769
s 1
f 614/639/3558 617/642/687 5/5/686
f 1020/1064/5046 1623/1717/2006 1625/1719/2009
f 1625/1719/2009 1054/1098/5047 1020/1064/5046
f 613/2907/5048 612/2908/5049 2261/2530/5050
f 2261/2530/5050 403/412/5051 613/2907/5048
s 0
f 1096/2286/5052 1095/2352/5052 1930/2088/5052
s 1
f 1930/2088/5052 1823/1963/5052 1096/2286/5052
f 1173/1228/5053 2046/2233/2896 2467/2909/5054
f 2467/2909/5054 1174/1229/5055 1173/1228/5053
f 1620/1714/1998 2371/2703/1999 2244/2910/1999
f 2244/2910/1999 1621/1715/1999 1620/1714/1998
f 1963/2132/2660 1962/2131/2659 2242/2504/3501
f 2242/2504/3501 2241/2503/3500 1963/2132/2660
f 2230/2867/5056 2152/2382/5057 446/461/5058
f 446/461/5058 445/460/5056 2230/2867/5056
s 0
f 1854/1996/5059 2011/2459/5059 964/2911/5059
f 964/2911/5060 1855/1997/5060 1854/1996/5060
s 1
f 608/633/4712 61/61/58 64/64/61
f 64/64/61 609/634/2480 608/633/4712
f 1811/1943/2385 199/200/2384 198/199/5061
f 198/199/5061 2468/2912/5062 1811/1943/2385
s 0
f 887/918/938 886/917/938 1504/1589/938
f 1504/1589/5063 2191/2437/5063 887/918/5063
s 1
f 835/866/886 834/865/885 389/394/380
f 389/394/380 388/393/379 835/866/886
s 0
f 15/15/4499 1672/1779/4499 2394/2737/4499
f 2394/2737/4499 2031/2215/4499 15/15/4499
s 1
f 2248/2510/5064 1175/1230/1295 564/587/568
f 564/587/568 563/586/567 2248/2510/5064
f 978/1019/5065 1875/2022/2508 1667/1774/2511
f 1667/1774/2511 1138/1188/5066 978/1019/5065
s 0
f 158/159/1063 157/158/1063 999/1040/1063
f 999/1040/1063 420/2913/1063 158/159/1063
s 1
f 123/124/5067 2141/2363/5068 1635/1731/5069
f 1635/1731/5069 560/583/5070 123/124/5067
f 749/777/795 985/1026/1051 987/1028/1050
f 987/1028/1050 750/778/796 749/777/795
f 787/815/833 1961/2130/2656 1671/1778/5071
f 1671/1778/5071 788/816/834 787/815/833
f 1674/2513/5072 1787/1916/5073 2161/2396/5074
f 2161/2396/5074 2160/2395/5075 1674/2513/5072
f 1986/2161/2724 768/796/810 767/795/809
f 767/795/809 1170/2807/4503 1986/2161/2724
f 1467/1546/5076 1003/1044/1067 343/345/1066
f 343/345/5077 342/344/5078 1467/1546/5076
f 76/76/5079 75/75/5079 1634/1730/5079
s 0
f 1634/1730/5080 1633/1729/5080 76/76/5080
f 2264/2914/5081 283/2743/5081 1760/1883/5081
s 1
f 1760/1883/2290 528/548/531 2264/2914/5082
f 588/611/3999 2465/2900/5083 2397/2746/4247
f 2397/2746/4247 2360/2679/3996 588/611/3999
f 164/165/3417 1706/1818/3416 1707/1819/4421
f 1707/1819/4421 970/1011/4420 164/165/3417
f 177/178/5084 976/1017/5084 552/575/5085
f 552/575/555 174/175/554 177/178/5086
f 2123/2337/5087 2122/2336/4947 1824/1964/4946
f 1824/1964/4946 1931/2089/5088 2123/2337/5087
f 1252/1315/1416 1251/1314/1415 1035/1079/5089
f 1035/1079/5089 1142/1193/5090 1252/1315/1416
f 1334/1721/2011 2383/2915/5091 18/18/5092
f 18/18/5092 818/847/2012 1334/1721/2011
f 74/74/5093 2415/2788/5094 1862/2005/5095
f 1862/2005/5095 1908/2058/5096 74/74/5093
f 1078/1122/1175 206/208/1896 1570/1832/1899
f 1570/1832/1899 1079/1123/1176 1078/1122/1175
f 126/127/5097 1972/2142/5098 228/230/2186
f 228/230/2186 1706/1818/2185 126/127/5097
f 870/901/925 62/62/59 61/61/58
f 61/61/58 608/633/4712 870/901/925
f 1329/1397/5099 1328/1396/5100 2252/2516/3521
f 2252/2516/3521 2303/2590/5101 1329/1397/5099
f 2146/2916/3173 1533/1620/5102 1371/1441/3582
f 1371/1441/3582 1289/1353/5103 2146/2916/3173
f 1411/1485/5104 651/676/906 855/886/909
s 0
f 855/886/5105 2142/2364/5105 1411/1485/5105
s 1
f 1849/1991/4922 1848/1990/5106 2384/2721/5107
f 2384/2721/5107 1979/2917/2699 1849/1991/4922
f 410/419/5108 1608/1698/5109 1609/1699/4156
f 1609/1699/4156 1233/1294/4159 410/419/5108
f 1890/2040/2528 2340/2651/3911 2459/2889/5110
f 2459/2889/5110 2372/2706/4108 1890/2040/2528
f 2062/2252/2927 2439/2833/999 1791/1921/2351
f 1791/1921/2351 1790/1920/2350 2062/2252/2927
s 0
f 470/488/5111 469/487/5111 159/160/5111
f 159/160/5111 162/163/5111 470/488/5111
s 1
f 2303/2590/5101 2252/2516/3521 725/2517/3524
f 725/2517/3524 392/2854/4745 2303/2590/5101
f 2374/2708/5112 2458/2901/5113 1451/1761/5114
f 1451/1761/5114 1383/1454/5115 2374/2708/5112
f 2441/2838/5116 2436/2830/4603 2359/2678/3993
f 2359/2678/3993 2150/2380/4633 2441/2838/5116
f 848/879/5117 2020/2203/2822 1282/1346/2825
f 1282/1346/2825 1193/1250/5118 848/879/5117
f 39/39/5119 341/343/5120 518/538/4286
f 518/538/4286 1417/1491/4289 39/39/5119
f 1685/1792/5121 2300/2587/3720 2299/2586/3719
f 2299/2586/3719 1686/1793/5122 1685/1792/5121
f 19/481/5123 2469/2918/454 1944/2107/5124
f 1944/2107/5124 465/482/465 19/481/5123
f 1217/2857/5125 1095/1140/5126 586/609/5127
f 586/609/5127 2447/2858/5128 1217/2857/5125
f 440/455/3748 526/546/3747 1626/1722/4149
f 1626/1722/4149 355/359/4148 440/455/3748
f 672/697/5129 2334/2644/5130 2417/2791/5131
f 2417/2791/5131 2470/2919/5132 672/697/5129
f 1484/1565/5133 1616/1709/252 776/804/5134
f 776/804/5134 775/803/5135 1484/1565/5133
f 343/345/5136 2/2/5137 1/1/5138
f 1/1/5138 344/346/5139 343/345/5136
f 685/710/5140 684/709/5141 2023/2206/3656
f 2023/2206/3656 1556/1643/3655 685/710/5140
f 2116/2329/5142 1037/1081/5143 1703/1815/2884
f 1703/1815/2884 1398/1469/2883 2116/2329/5142
s 0
f 35/35/5144 34/34/5144 1668/1775/5144
f 1668/1775/5145 1715/1829/5145 35/35/5145
s 1
f 268/2920/5146 476/2921/5147 1244/1307/5148
f 1244/1307/5148 269/1306/5149 268/2920/5146
f 2197/2443/4373 2196/2442/3316 1428/1503/3319
f 1428/1503/3319 2385/2722/4374 2197/2443/4373
f 1995/2171/5032 713/2733/1889 1568/2843/1891
f 1568/2843/1891 2131/2346/5032 1995/2171/5032
f 521/541/5150 520/540/5151 1204/1263/5151
f 1204/1263/5152 2052/2240/5153 521/541/5150
f 682/707/5154 681/706/5155 2285/2566/5156
f 2285/2566/5157 742/770/5158 682/707/5154
s 0
f 1186/1241/5159 1190/1247/5159 1189/1246/5159
f 1189/1246/5159 2212/2464/5159 1186/1241/5159
s 1
f 1981/2156/5160 1606/1696/1959 1607/1697/1962
s 0
f 1607/1697/5161 893/924/5161 1981/2156/5161
s 1
f 357/361/353 934/971/995 556/579/998
f 556/579/998 358/362/354 357/361/353
f 417/2759/4273 2379/2922/5162 105/106/5163
f 105/106/5163 2311/2602/4274 417/2759/4273
s 0
f 520/540/5164 2120/2333/5164 1201/1260/5164
f 1201/1260/5164 1204/1263/5164 520/540/5164
s 1
f 681/706/5155 2471/2923/5165 952/992/5166
f 952/992/5166 2285/2566/5156 681/706/5155
f 611/636/623 1811/2399/5167 2468/2924/5168
f 2468/2924/5168 612/637/624 611/636/623
f 242/941/242 950/2902/1013 1514/1599/1808
f 1514/1599/1808 908/942/964 242/941/242
f 570/593/5169 2241/2503/5170 8/8/5171
f 8/8/5171 7/7/5172 570/593/5169
f 2267/2541/3581 994/1035/3580 2179/2419/5173
f 2179/2419/5173 2211/2463/5174 2267/2541/3581
f 238/240/5175 2018/2201/5176 1155/1206/5177
f 1155/1206/5178 1873/2020/2500 238/240/238
f 2449/2861/5179 2450/2862/5180 2181/2421/5181
f 2181/2421/3264 2180/2420/3263 2449/2861/5182
f 1255/1318/5183 1002/1043/5184 833/864/5185
f 833/864/5185 2472/2925/5185 1255/1318/5183
f 991/1032/1100 1026/1070/1103 429/442/5186
f 429/442/5186 428/441/5187 991/1032/1100
f 1562/1649/5188 717/743/5189 1444/1522/1706
f 1444/1522/1706 1443/1521/1705 1562/1649/5188
f 669/694/4848 1793/1923/4847 1794/1924/5190
f 1794/1924/4842 670/695/4841 669/694/5191
f 2473/2926/5192 2474/2927/5193 2475/2928/5194
f 2475/2928/5194 2476/2929/5195 2473/2926/5192
f 346/348/5196 2095/2304/5197 2457/2886/5198
f 2457/2886/5198 347/349/5199 346/348/5196
f 654/679/678 657/682/677 1883/2032/4759
f 1883/2032/4759 2337/2648/4758 654/679/678
f 2108/2930/1109 940/2037/2526 1888/2038/2527
f 1888/2038/2527 2209/2931/1109 2108/2930/1109
s 0
f 568/1603/5200 627/652/5200 626/651/5200
f 626/651/5200 565/2270/5200 568/1603/5200
s 1
f 1097/1142/5201 1462/1541/5201 730/756/2886
f 730/756/2886 1098/1143/2885 1097/1142/5201
f 149/150/2282 1756/1879/2281 2438/2832/4620
f 2438/2832/4620 2411/2776/5202 149/150/2282
f 2446/2848/5203 1005/1046/5204 1007/1049/5205
f 1007/1049/5205 2456/2885/5206 2446/2848/5203
f 1831/1971/3165 2143/2366/3164 1820/1958/5207
f 1820/1958/5207 1788/1918/5208 1831/1971/3165
s 0
f 1101/1146/5209 1080/1124/5209 1082/1126/5209
f 1082/1126/5209 2260/2529/5209 1101/1146/5209
f 1542/1629/5210 1541/1628/5210 2391/2728/5210
f 2391/2728/5211 2302/2589/5211 1542/1629/5211
f 2246/2508/5212 2349/2932/5212 1432/2532/5212
s 1
f 1432/2532/5213 2247/2509/3506 2246/2508/3505
f 1936/2099/2625 1336/1404/2624 1339/1407/5214
f 1339/1407/5214 1806/1937/5215 1936/2099/2625
s 0
f 1315/1381/5216 2184/2878/5216 1265/2877/5216
f 1265/2877/5217 1267/1382/5217 1315/1381/5217
s 1
f 345/347/5218 344/346/5219 2244/2910/5220
f 2244/2910/5221 2371/2703/5222 345/347/5223
f 972/1013/1036 971/1012/1035 1939/2635/5224
f 1939/2635/5224 1109/2933/5225 972/1013/1036
s 0
f 1300/1366/5226 1303/1369/5226 2338/2649/5226
s 1
f 2338/2649/4737 1346/1414/1534 1300/1366/5227
f 1238/1299/5228 1011/1055/1082 1014/1058/1085
f 1014/1058/1085 2035/2220/5229 1238/1299/5228
f 881/912/5230 880/911/5231 2432/2823/5232
f 2432/2823/5232 2064/2254/5233 881/912/5230
f 1855/2429/5234 964/1005/5235 966/1007/4549
f 966/1007/4549 2187/2430/4548 1855/2429/5234
f 165/166/160 164/165/159 970/1011/1034
f 970/1011/1034 969/1010/1033 165/166/160
f 179/180/173 12/12/14 934/971/5236
f 934/971/5236 357/361/5237 179/180/173
f 2477/2934/5238 2361/2682/5239 2364/2685/5240
f 2364/2685/5240 2254/2520/5241 2477/2934/5238
f 2250/2514/5242 1431/1506/5243 2149/2379/5244
f 2149/2379/5244 383/388/5245 2250/2514/5242
f 1807/1938/2376 109/110/106 108/109/105
f 108/109/105 2381/2717/4137 1807/1938/2376
f 1787/1916/5246 1786/1915/5247 2339/2650/5248
f 2339/2650/5248 2161/2396/5249 1787/1916/5246
f 1654/1758/2941 1532/1619/2940 615/640/5250
f 615/640/5250 614/639/5251 1654/1758/2941
f 2420/2798/5252 1300/1366/5253 1346/1414/5254
f 1346/1414/5254 2478/2935/5255 2420/2798/5252
f 121/122/5256 376/381/5257 1541/1628/5258
f 1541/1628/5258 122/123/5259 121/122/5256
s 0
f 1921/2077/55 2073/2269/55 2110/2322/55
s 1
f 2110/2322/5260 2427/2813/4517 1921/2077/5261
f 1235/1296/5262 1238/1299/5228 2035/2220/5229
f 2035/2220/5229 1983/2158/3824 1235/1296/3824
f 2166/2402/5263 1662/1768/5264 1969/2139/4489
f 1969/2139/4489 2313/2605/4492 2166/2402/5263
f 2325/2625/3807 1459/1538/3806 2101/2310/3037
f 2101/2310/3037 2436/2830/4603 2325/2625/3807
f 347/349/5199 2457/2886/5198 1416/1490/5265
s 0
f 1416/1490/5266 661/686/5266 347/349/5266
s 1
f 1378/1448/5267 2192/2438/5268 169/2936/5269
f 169/2936/5269 168/1449/5270 1378/1448/5267
f 1431/1506/5243 1430/1505/5271 2442/2839/5272
f 2442/2839/5272 2149/2379/5244 1431/1506/5243
f 1454/1532/5273 2412/2937/4343 592/2690/4346
s 0
f 592/2690/5274 1452/1530/5274 1454/1532/5274
s 1
f 2236/2496/769 1651/1755/2076 1654/1758/2075
f 1654/1758/2075 614/639/769 2236/2496/769
f 2309/2600/4701 2308/2599/4645 1227/2836/4646
f 1227/2836/4646 2266/2849/4702 2309/2600/4701
f 484/504/483 483/503/482 1871/2015/5275
f 1871/2015/5275 797/825/5276 484/504/483
f 1373/1443/2173 1970/2140/5277 2294/2581/5277
f 2294/2581/5277 646/671/2174 1373/1443/2173
f 2106/2317/3475 256/258/3478 259/261/5278
f 259/261/5278 1452/1530/5279 2106/2317/3475
f 105/106/5163 2379/2922/5162 1841/2938/5280
f 1841/2938/5280 106/107/5281 105/106/5163
f 460/475/3433 459/474/4906 1736/1854/4907
f 1736/1854/4907 1735/1853/3434 460/475/3433
f 2445/2847/5282 281/283/5282 280/282/5282
s 0
f 280/282/5282 2214/2466/5282 2445/2847/5282
s 1
f 816/845/1658 1207/1266/5283 1210/1269/5283
f 1210/1269/5283 1419/1493/1659 816/845/1658
f 356/360/5284 359/363/5285 2299/2939/5286
f 2299/2939/5286 879/2676/5287 356/360/5284
f 1502/1587/5288 412/421/4963 2357/2675/4962
s 0
f 2357/2675/999 2120/2333/999 1502/1587/999
s 1
f 1926/2084/5289 658/683/679 545/566/681
f 545/566/681 544/565/5290 1926/2084/5289
f 2474/2927/5291 2090/2293/5292 2479/2940/5293
f 2479/2940/5293 2475/2928/5294 2474/2927/5291
f 75/75/5295 1907/2057/5295 1732/1850/5295
s 0
f 1732/1850/5296 1634/1730/5296 75/75/5296
s 1
f 2385/2722/4168 1428/1503/1675 1400/1471/1678
f 1400/1471/1678 1837/1979/4169 2385/2722/4168
s 0
f 1197/1254/999 1850/2792/999 1851/2941/999
f 1851/2941/999 1075/1255/999 1197/1254/999
s 1
f 1697/1805/5297 2005/2182/5298 232/234/5299
f 232/234/5299 683/708/5300 1697/1805/5297
f 2007/2185/5301 2008/2186/5302 872/903/5303
f 872/903/5303 2396/2745/5304 2007/2185/5301
f 2021/2204/2823 1212/1271/4540 1678/1785/4541
f 1678/1785/4541 1283/1347/2824 2021/2204/2823
f 2068/2263/2943 1755/1878/5305 1479/1558/5306
f 1479/1558/5306 992/1561/1056 2068/2263/2943
f 2069/2264/5307 1499/1580/5308 2223/2478/5309
f 2223/2478/5309 2421/2800/5310 2069/2264/5307
f 2323/2619/4183 2009/2187/2792 2010/2188/2793
f 2010/2188/2793 2083/2285/4184 2323/2619/4183
f 2028/2212/4238 2024/2208/4237 2026/2210/5311
f 2026/2210/5311 2029/2213/5312 2028/2212/4238
f 2383/2720/4161 1496/1577/4160 1497/1578/5313
f 1497/1578/5313 2469/2942/5314 2383/2720/4161
f 599/622/611 1324/1392/5315 1298/1364/5316
f 1298/1364/5316 600/623/612 599/622/611
f 1628/1724/4150 2250/2534/5317 94/94/5318
f 94/94/5318 93/93/4151 1628/1724/4150
f 1952/2121/2647 360/364/356 362/367/359
f 362/367/359 1953/2122/2648 1952/2121/2647
f 405/414/4723 404/413/2167 659/684/2170
f 659/684/2170 658/683/4724 405/414/4723
f 2480/2943/5319 2481/2944/5320 2237/2497/5321
f 2237/2497/5321 2479/2940/5322 2480/2943/5319
f 2442/2839/5272 1430/1505/5271 212/214/5323
f 212/214/5323 211/213/948 2442/2839/5272
f 2386/2723/5324 2267/2541/5324 2211/2463/3387
f 2211/2463/3387 1744/1864/3386 2386/2723/5324
f 1394/1465/5325 266/268/5326 102/102/98
f 102/102/98 101/101/97 1394/1465/5325
f 606/631/5327 609/634/5328 1127/1177/5329
f 1127/1177/5329 1515/1600/5330 606/631/5327
f 2443/2841/5331 2343/2656/5332 337/339/5333
f 337/339/5333 2263/2535/5331 2443/2841/5331
f 2211/2463/5174 2179/2419/5173 1018/1062/1091
f 1018/1062/1091 1017/1061/1090 2211/2463/5174
f 2332/2637/5334 1696/1804/2155 1250/1313/2158
f 1250/1313/2158 1249/1312/5335 2332/2637/5334
f 1803/1934/5336 2532/2824/5337 1605/2945/5338
f 1605/2945/5338 1804/1935/5339 1803/1934/5336
f 2322/2618/4204 922/958/4203 1214/1273/1344
f 1214/1273/1344 1213/1272/1343 2322/2618/4204
f 2384/2721/4167 1918/2070/4166 1659/1765/5340
f 1659/1765/5340 2165/2401/5341 2384/2721/4167
f 79/79/2537 78/78/2537 974/1015/2536
f 974/1015/2536 1163/1217/5342 79/79/5342
f 2079/2277/5343 1965/2134/2668 1755/1878/2667
f 1755/1878/5305 2068/2263/2943 2079/2277/2973
f 249/251/3597 2275/2549/3596 1413/1487/2917
f 1413/1487/2917 250/252/2916 249/251/3597
f 2110/2322/3062 2073/2269/5344 2146/2373/5344
f 2146/2373/5344 2111/2323/3063 2110/2322/3062
f 344/346/5219 1/1/5345 2245/2855/5346
f 2245/2855/5346 2244/2910/5220 344/346/5219
f 973/1014/5347 479/499/5348 1164/1218/5349
f 1164/1218/5349 1163/1217/5350 973/1014/5347
f 87/87/5351 917/951/5352 920/954/4030
f 920/954/4030 113/2687/4029 87/87/5351
f 2038/2223/4063 2139/2694/4062 2138/2851/4450
f 2138/2851/3147 2304/2591/3735 2038/2223/2874
s 0
f 1957/2874/5353 1956/2946/5353 2105/2947/5353
f 2105/2947/5354 2104/2875/5354 1957/2874/5354
s 1
f 1515/1600/5330 1127/1177/5329 1129/1179/4949
f 1129/1179/4949 2430/2820/4948 1515/1600/5330
f 726/1700/1968 555/578/1967 2274/2890/3595
f 2274/2548/3595 727/753/3594 726/752/1968
s 0
f 1503/1588/682 2356/2674/682 2072/2267/682
f 2072/2267/682 413/422/682 1503/1588/682
s 1
f 2391/2728/5355 1680/1787/2124 246/248/246
f 246/248/246 245/247/245 2391/2728/5356
f 1165/1219/3605 2279/2553/3604 2310/2601/3775
f 2310/2601/5357 1166/1220/1283 1165/1219/1282
f 1271/1334/5358 1889/2039/5359 1165/1219/3605
f 1165/1219/3605 1168/1222/5360 1271/1334/5358
f 2482/2948/5361 2480/2943/5362 2403/2756/5363
f 2403/2756/5363 2402/2755/5364 2482/2948/5361
f 1752/1875/5365 699/725/5366 2157/2389/4695
f 2157/2389/4695 949/989/4694 1752/1875/5365
f 656/681/5367 2440/2835/5368 2084/2287/5369
f 2084/2287/5369 657/682/5370 656/681/5367
f 612/2908/5049 2468/2949/5371 2219/2473/5372
f 2219/2473/5372 2261/2530/5050 612/2908/5049
f 1324/1392/3761 2307/2598/3762 1133/1183/5373
f 1133/1183/5374 1298/1364/5375 1324/1392/5376
f 2481/2944/5377 1604/1694/5378 1016/1060/1089
f 1016/1060/1089 2237/2497/3493 2481/2944/5377
f 1725/2109/5379 1797/1927/2361 1799/1930/2364
f 1799/1930/2364 1945/2110/5380 1725/2109/5379
f 2257/2525/3539 2042/2229/4322 2361/2682/5381
f 2361/2682/5381 2477/2934/5382 2257/2525/3539
f 477/497/5383 507/1285/5384 67/67/5385
f 67/67/5385 475/494/5386 477/497/5383
f 269/2950/5387 1246/2951/5388 194/195/2085
f 194/195/2085 270/1764/2084 269/2950/5387
f 1909/2059/3098 1864/2007/2868 2036/2221/2871
f 2036/2221/2871 2122/2336/3099 1909/2059/3098
f 2093/2300/3029 733/759/772 735/761/775
f 735/761/775 2099/2308/3030 2093/2300/3029
f 922/958/981 382/957/980 2121/2640/3865
f 2121/2640/3865 1214/1273/3864 922/958/981
f 1000/1041/5389 1858/2000/5390 1857/1999/5391
f 1857/1999/5391 1881/2029/5392 1000/1041/5389
s 0
f 2235/2495/5393 1937/2100/5393 1651/1755/5393
f 1651/1755/5394 2236/2496/5394 2235/2495/5394
s 1
f 1582/1670/5395 1322/1389/5396 537/558/5397
f 537/558/5397 536/557/5398 1582/1670/5395
f 751/779/5399 750/778/5400 1421/1496/5401
f 1421/1496/5401 1485/1566/5402 751/779/5399
f 1382/1453/5403 1381/1452/578 2135/2351/3121
f 2135/2351/3121 2134/2350/3120 1382/1453/5403
f 2327/2627/3812 456/471/5404 1390/2377/5405
f 1390/2377/5405 1389/2628/3813 2327/2627/3812
f 212/214/5406 1430/1505/1679 1433/1508/1682
f 1433/1508/1682 2483/2952/5407 212/214/5406
s 0
f 841/872/5063 1495/1808/5063 2240/2501/5063
s 1
f 2240/2501/5063 144/145/5063 841/872/5063
f 1006/2953/5408 529/549/532 705/731/739
f 705/731/739 1991/2698/4087 1006/2953/5408
f 1141/2954/212 891/922/943 892/923/946
f 892/923/4070 2368/2696/4069 1141/2954/5409
s 0
f 2406/2760/5410 1343/1411/5410 1342/1410/5410
f 1342/1410/5411 213/215/5411 2406/2760/5411
f 1399/1470/38 1630/1726/38 1837/1979/38
f 1837/1979/38 1400/1471/38 1399/1470/38
s 1
f 857/888/1987 227/229/1986 732/758/5412
f 732/758/5412 858/889/5412 857/888/1987
f 944/983/5413 69/69/5414 1795/1925/5415
f 1795/1925/5415 2283/2562/5416 944/983/5413
f 902/933/5417 903/934/3978 615/640/3977
f 615/640/3977 1532/1619/5418 902/933/5417
f 1263/1326/1432 1316/1383/1500 688/713/1503
f 688/713/1503 576/599/3640 1263/1326/1432
f 18/18/5092 2383/2915/5091 2469/2955/1109
f 2469/2955/1109 19/19/1109 18/18/5092
f 1868/2012/2489 2318/2612/3789 2454/2879/5419
f 2454/2879/5419 1869/2013/2490 1868/2012/2489
f 274/276/3439 1024/1068/5030 2344/2657/5031
f 2344/2657/5031 2224/2479/3440 274/276/3439
f 1131/1181/3687 1519/1606/3787 1868/2012/2489
f 1868/2012/2489 1867/2011/2488 1131/1181/3687
f 714/740/3385 2210/2462/3384 2126/2340/3108
f 2126/2340/3108 715/741/3107 714/740/3385
f 2307/2598/5420 1066/2597/4823 1846/2368/4822
s 0
f 1846/2368/5421 2144/2367/5421 2307/2598/5421
s 1
f 1269/1332/5422 467/484/3326 2198/2956/3325
f 2198/2956/5423 1124/1174/5424 1269/1332/5425
f 1600/1690/5426 907/939/963 1158/1210/1274
f 1158/1210/1274 1559/1646/4397 1600/1690/5426
f 1247/1310/5427 1506/1591/5428 1505/1590/1795
f 1505/1590/1795 899/930/5429 1247/1310/5427
f 317/319/315 846/877/899 849/880/902
f 849/880/902 318/320/316 317/319/315
f 75/75/5430 74/74/5093 1908/2058/5096
f 1908/2058/5096 1907/2057/5431 75/75/5430
f 2042/2229/2890 2041/2228/2889 2362/2683/5432
f 2362/2683/5432 2361/2682/5433 2042/2229/2890
f 1059/1103/5434 1058/1102/1339 1212/1271/1342
f 1212/1271/1342 2021/2204/5435 1059/1103/5434
f 1353/1421/3859 1352/1420/1545 1586/2193/1933
f 1586/2193/1933 2014/2192/3860 1353/1421/3859
f 1313/1379/3639 2285/2566/3638 952/992/5436
f 952/992/5437 951/991/5438 1313/1379/3639
f 1792/1922/2352 2154/2834/3194 2153/2811/3193
f 2153/2811/3193 2256/2810/3537 1792/1922/2352
f 2360/2679/3996 2397/2746/4247 116/117/114
f 116/117/114 119/120/117 2360/2679/3996
f 1775/1901/5439 1021/1065/5440 1055/1099/5441
f 1055/1099/5441 2284/2565/5442 1775/1901/5439
f 1464/1543/5443 2444/2853/5444 1254/1317/1418
f 1254/1317/1418 1253/1316/1417 1464/1543/5443
f 2163/2739/4223 613/2907/5048 403/412/5051
f 403/412/5051 402/411/4224 2163/2739/4223
f 1676/1783/5445 1951/2120/5446 702/728/5447
f 702/728/5447 701/727/5448 1676/1783/5445
f 2314/2606/3782 1244/1307/5449 476/2921/5450
f 476/2921/5450 2315/2607/3783 2314/2606/3782
f 1240/1301/1394 216/218/1393 2049/2236/5451
f 2049/2236/5452 2484/2957/5453 1240/1301/1394
f 1817/1950/5454 2433/2825/4811 2017/2198/5455
f 2017/2198/5456 1554/2593/5457 1817/1950/5454
f 1617/1710/3225 1669/1776/3224 1508/1593/4707
f 1508/1593/4707 1618/1711/4706 1617/1710/3225
f 692/718/723 2292/2577/723 302/304/301
f 302/304/301 301/303/301 692/718/723
f 1525/1612/2918 2132/2347/5458 1550/1637/5458
f 1550/1637/5458 1549/1636/1867 1525/1612/2918
f 827/858/1323 489/509/485 491/511/488
f 491/511/488 1198/1257/1324 827/858/1323
f 2270/2544/4037 1937/2100/4040 2235/2495/688
f 2235/2495/3491 2242/2504/3501 2270/2544/3590
f 1124/1174/5424 2198/2956/5423 2306/2595/3754
f 2306/2595/3754 1125/1175/3753 1124/1174/5424
f 717/743/5189 720/746/3686 2291/2576/3688
f 2291/2576/3688 1444/1522/1706 717/743/5189
f 806/835/853 805/834/852 1929/2087/5459
f 1929/2087/5459 2055/2244/5460 806/835/853
s 0
f 38/38/38 279/281/38 341/343/38
f 341/343/38 39/39/38 38/38/38
s 1
f 2291/2576/3688 1867/2011/2488 1870/2014/2491
f 1870/2014/2491 1278/1341/4465 2291/2576/3688
f 2447/2858/5461 1156/1207/2818 2019/2202/2821
f 2019/2202/2821 1966/2136/5461 2447/2858/5461
s 0
f 2394/2737/1400 1924/2082/1400 1927/2085/1400
f 1927/2085/1400 2202/2449/1400 2394/2737/1400
f 2428/2815/5462 2485/2958/5462 2047/2234/5462
f 2047/2234/5463 155/156/5463 2428/2815/5463
s 1
f 1091/1942/5464 821/2773/5465 2065/2255/5466
f 2065/2255/5467 1406/1477/2383 1091/1942/2382
f 1566/1653/5468 1150/2959/5469 843/2960/5470
f 843/2960/5470 2407/2767/5471 1566/1653/5468
f 992/1033/1760 391/396/382 394/399/385
f 394/399/385 993/1034/5472 992/1033/1760
f 1930/2088/2604 1931/2089/2607 1824/1964/5473
f 1824/1964/5473 1823/1963/5474 1930/2088/2604
f 672/697/699 2470/2919/5475 2366/2691/5476
f 2366/2691/5476 673/698/700 672/697/699
f 305/307/3540 2257/2525/3539 2477/2934/5477
f 2477/2934/5477 1099/1144/5478 305/307/3540
f 937/974/5479 1589/1679/4731 1987/2163/4730
f 1987/2163/5480 1699/1809/2165 937/974/5481
f 182/183/5482 1619/1713/5483 2279/2553/5484
f 2279/2553/3604 183/184/176 182/183/175
f 1789/2772/5485 878/909/5486 881/912/5487
f 881/912/5487 2063/2253/5488 1789/2772/5485
f 877/908/2703 876/907/5489 2422/2801/5490
f 2422/2801/5490 1266/1329/2704 877/908/2703
f 94/1051/1075 2250/2514/5242 383/388/5245
f 383/388/5245 386/391/1076 94/1051/1075
f 1336/1404/2624 1935/2098/2623 2486/2961/5491
f 2486/2961/5492 1337/1405/1526 1336/1404/1525
f 231/233/2187 636/661/5493 2330/2633/5494
f 2330/2633/5494 1707/1819/2187 231/233/2187
f 2012/2190/2795 760/788/801 763/791/804
f 763/791/804 965/1006/2796 2012/2190/2795
f 653/678/5495 132/133/5496 1037/1081/5497
f 1037/1081/5498 2116/2329/5499 653/678/5495
f 2377/2713/5500 747/775/1908 313/315/311
f 313/315/311 315/317/313 2377/2713/5500
f 1121/2761/1224 316/318/314 319/321/317
f 319/321/317 1122/1973/1225 1121/2761/1224
f 1492/2537/3561 51/51/3560 2269/2543/5027
f 2269/2543/5027 2466/2905/5501 1492/2537/3561
f 1979/2917/2699 2384/2721/5107 2165/2401/5502
f 2165/2401/5502 1980/2738/2700 1979/2917/2699
f 1159/1213/1275 44/1212/42 1170/1224/1287
f 1170/1224/1287 1169/1223/1286 1159/1213/1275
f 487/507/5503 486/506/5504 90/90/5505
f 90/90/5505 89/89/5506 487/507/5503
f 721/747/757 1638/1734/2044 1639/1737/2043
f 1639/1737/2043 722/748/758 721/747/757
f 486/506/5507 1973/2143/2685 1975/2145/2685
f 1975/2145/2685 90/90/5507 486/506/5507
f 1517/1604/5508 1693/1800/5509 1695/1802/5510
f 1695/1802/5510 757/785/5511 1517/1604/5508
f 1062/1106/1152 2315/2805/3783 2039/2224/4497
f 2039/2224/4497 295/297/1153 1062/1106/1152
f 134/135/5512 1418/1492/4049 1767/1893/4048
f 1767/1893/5513 1766/1892/5514 134/135/5515
f 2379/2715/4128 96/96/4127 95/95/5516
f 95/95/5517 1841/2962/5280 2379/2715/5162
f 1176/1231/1296 796/824/845 205/206/201
f 205/206/201 204/205/200 1176/1231/1296
f 1465/1544/1740 1253/1316/1739 2472/2925/5518
f 2472/2925/5519 2487/2963/5520 1465/1544/5521
f 958/998/5522 957/997/5523 2233/2768/5524
f 2233/2768/5524 2287/2964/5525 958/998/5522
f 630/2965/651 1539/1626/1850 2170/2408/3226
s 0
f 2170/2408/5526 631/2966/5526 630/2965/5526
s 1
f 1963/2132/3847 2241/2503/5527 1960/2129/2655
f 1960/2129/2655 1750/1873/2261 1963/2132/3847
f 430/443/5528 429/442/5529 2471/2923/5530
f 2471/2923/5530 681/706/5531 430/443/5528
f 762/790/2059 1993/2169/5532 634/659/5533
f 634/659/5533 633/658/2060 762/790/2059
f 1514/1599/5023 777/805/5022 607/632/5534
f 607/632/619 606/631/618 1514/1599/1808
s 0
f 1504/1589/689 1507/1592/689 2231/2486/689
f 2231/2486/2189 2191/2437/2189 1504/1589/2189
s 1
f 1150/2959/5535 1565/1652/5536 2255/2521/5537
f 2255/2521/5537 1151/2870/1266 1150/2959/1265
f 2026/2210/5538 1022/1066/5539 1774/1900/5540
f 1774/1900/5540 2029/2213/5541 2026/2210/5538
f 216/218/5542 150/151/5543 2050/2237/5544
s 0
f 2050/2237/5545 2049/2236/5545 216/218/5545
s 1
f 1323/1771/2093 1664/1770/2092 1064/2967/5546
f 1064/2967/5546 1063/2968/5547 1323/1771/2093
s 0
f 454/469/5548 136/137/5548 139/140/5548
s 1
f 139/140/4522 860/891/4525 454/469/302
f 915/949/5549 1079/1123/5550 1965/2134/5551
f 1965/2134/5552 2079/2277/4080 915/949/972
f 1079/1123/5550 1570/1832/5553 1716/1831/5554
f 1716/1831/5554 1965/2134/5551 1079/1123/5550
f 510/530/3897 509/529/5555 1317/2969/5556
f 1317/1384/5556 2205/2454/3898 510/2645/3897
f 819/1972/2429 1831/1971/2428 1788/1918/5557
f 1788/1918/5557 820/1917/5558 819/1972/2429
s 0
f 2375/2709/454 2376/2711/454 281/283/454
f 281/283/454 2445/2847/454 2375/2709/454
f 694/720/38 1838/1980/38 2032/2892/38
f 2032/2892/38 695/721/38 694/720/38
s 1
f 2016/2697/2808 1538/1625/1848 1539/1626/1850
f 1539/1626/1850 630/2965/651 2016/2697/2808
f 1392/1463/3579 2266/2540/3578 1227/1288/1372
f 1227/1288/1372 1226/1287/1371 1392/1463/3579
f 1213/1272/4658 1116/1165/1219 1119/1168/1222
f 1119/1168/1222 1885/2034/4659 1213/1272/4658
f 2059/2248/4102 2277/2551/4101 1240/1301/5559
f 1240/1301/5559 2272/2546/5560 2059/2248/4102
f 2151/2381/3195 2154/2384/3194 2439/2860/999
f 2439/2860/999 2448/2859/4770 2151/2381/3195
f 1796/1926/2360 72/72/2359 1271/1334/5561
f 1271/1334/5562 1270/1333/5563 1796/1926/5564
f 2023/2206/2833 267/269/2832 266/268/5326
f 266/268/5326 1394/1465/5325 2023/2206/2833
f 257/259/256 1827/1967/2418 2082/2528/2985
f 2082/2528/2985 258/260/257 257/259/256
f 2348/2665/3967 2483/2952/5565 1433/1508/5566
f 1433/1508/5567 2349/2666/3968 2348/2665/3967
s 0
f 2428/2815/454 580/603/454 549/571/454
f 549/571/454 2485/2958/454 2428/2815/454
s 1
f 2428/2815/5568 155/156/5569 158/159/5570
f 158/159/5570 1257/2816/5571 2428/2815/5568
f 1448/1526/5572 2395/2744/5573 2028/2212/2846
f 2028/2212/2846 1449/1527/2845 1448/1526/5572
f 1886/2035/3357 1216/1275/5574 1057/1101/5575
f 1057/1101/5575 1056/1100/3358 1886/2035/3357
f 1344/1412/5576 1347/1415/2188 1446/1524/2190
f 1446/1524/5577 1743/1863/5576 1344/1412/5576
f 1449/1527/1715 2030/2214/5578 2175/2414/5579
f 2175/2414/5579 1450/1528/1716 1449/1527/1715
f 1093/1138/5580 2032/2217/4952 1866/2016/4953
f 1866/2016/4953 675/700/5581 1093/1138/5580
f 2081/2282/5582 1999/2176/2755 1998/2175/2754
f 1998/2175/2754 2412/2779/5583 2081/2282/5582
f 1832/1974/2431 1476/1555/3087 2119/2332/3090
f 2119/2332/3090 1878/2740/5584 1832/1974/2431
f 195/196/189 194/195/188 1246/2951/5585
f 1246/1869/5585 1747/1868/5586 195/1870/189
f 1840/1982/5587 1008/1052/5587 1264/1327/1964
f 1264/1327/1964 1608/1698/1963 1840/1982/5587
s 0
f 2092/2355/454 2136/2354/454 2375/2709/454
f 2375/2709/454 1646/1746/454 2092/2355/454
s 1
f 2376/2883/5588 2243/2505/3502 1666/1773/2095
f 1666/1773/2095 1665/1772/2094 2376/2883/5588
s 0
f 2229/2484/4081 1415/1489/4081 562/585/4081
f 562/585/252 904/935/252 2229/2484/252
s 1
f 1730/1848/5589 958/998/5522 2287/2964/5525
f 2287/2964/5525 290/292/5590 1730/1848/5589
f 1278/1341/1449 1870/2014/4104 1523/1610/4104
f 1523/1610/4104 1279/1342/1450 1278/1341/1449
f 2429/2818/5591 2325/2625/3807 2436/2830/4603
f 2436/2830/4603 2441/2838/5116 2429/2818/5591
f 88/88/85 87/87/84 113/2687/111
f 113/2687/111 112/2970/110 88/88/85
f 1372/1442/5592 350/354/5593 396/2971/5594
f 396/2971/5594 1290/1354/5595 1372/1442/5592
f 408/417/1920 781/809/1919 2267/2541/5324
f 2267/2541/5324 2386/2723/5324 408/417/1920
f 498/518/498 2123/2337/5087 1931/2089/5088
f 1931/2089/5088 499/519/499 498/518/498
f 1682/1789/2126 217/2777/216 220/2881/219
f 220/2881/219 1683/1790/2127 1682/1789/2126
f 322/324/2882 321/323/2332 1782/1910/2334
f 1782/1910/2334 692/718/2882 322/324/2882
f 230/232/230 633/658/654 636/661/657
f 636/661/657 231/233/231 230/232/230
f 400/409/5596 2186/2427/5597 2187/2430/5598
f 2187/2430/5598 401/410/5599 400/409/5596
f 2153/2383/3193 687/712/5600 619/715/635
f 619/715/635 618/2972/634 2153/2383/3193
f 549/2973/454 169/2936/5601 2336/2647/454
s 0
f 2336/2647/454 2485/2974/454 549/2973/454
s 1
f 1527/2891/1832 297/299/297 300/302/300
f 300/302/300 1528/2975/1833 1527/2891/1832
f 1483/1564/5602 1614/1707/1981 1616/1709/1983
f 1616/1709/1983 1484/1565/5603 1483/1564/5602
f 2471/2923/5604 2278/2552/5605 953/993/5606
f 953/993/5606 952/992/3586 2471/2923/5604
s 0
f 586/609/55 585/608/55 1156/1207/55
f 1156/1207/55 2447/2858/55 586/609/55
s 1
f 56/56/54 55/55/53 2452/2865/5607
f 2452/2865/5607 2016/2196/5608 56/56/54
f 2388/2725/4325 2083/2285/2991 1044/1088/2994
f 1044/1088/2994 1043/1087/4326 2388/2725/4325
f 1572/1660/1902 2374/2708/5112 1383/1454/5115
f 1383/1454/5115 703/729/1903 1572/1660/1902
f 1204/1263/5609 1203/1262/5610 2053/2241/5611
f 2053/2241/5611 2052/2240/5612 1204/1263/5609
f 1161/1215/1277 1629/1725/5613 2281/2559/5614
f 2281/2559/5614 291/293/1278 1161/1215/1277
f 908/942/964 1515/1600/1809 2430/2820/4537
f 2430/2820/4537 909/943/965 908/942/964
f 1093/1138/5615 675/700/5616 351/355/5617
f 351/355/5617 1094/1139/5618 1093/1138/5615
f 24/24/5619 23/23/4700 1687/2850/4703
f 1687/2850/4703 1686/2976/5619 24/24/5619
f 1686/2976/5620 2299/2939/5621 359/363/5622
f 359/363/5622 24/24/5623 1686/2976/5620
f 1860/2003/3633 732/2564/3632 20/480/463
f 20/480/463 466/483/466 1860/2003/3633
f 1374/1444/1574 1152/1203/1267 1682/1789/4336
f 1682/1789/4336 1681/1788/4337 1374/1444/1574
f 2442/2839/4656 2441/2838/4655 2150/2380/3189
f 2150/2380/3189 2149/2379/3188 2442/2839/4656
f 968/1009/1965 885/916/5624 2382/2719/5625
f 2382/2719/5625 1609/1699/1966 968/1009/1965
f 364/369/360 1561/1648/5626 196/197/5627
f 196/197/5627 365/370/360 364/369/360
f 1230/1291/1376 1641/1741/5628 1642/1742/5628
f 1642/1742/5628 1208/1267/1377 1230/1291/1376
f 1725/1841/5629 1330/1398/5630 864/895/918
f 864/895/918 1797/2977/5631 1725/1841/5629
f 1292/1358/4505 751/779/5399 1485/1566/5402
f 1485/1566/5402 1680/1787/4506 1292/1358/4505
s 0
f 1613/1706/5632 309/311/5632 312/314/5632
f 312/314/5632 2096/2978/5632 1613/1706/5632
s 1
f 927/964/989 926/963/988 208/2979/205
f 208/2979/205 207/1911/204 927/964/989
f 349/352/345 348/351/344 1366/2732/3916
f 1366/2732/3916 829/860/2160 349/352/345
f 452/467/5017 451/466/5633 2392/2729/5634
f 2392/2729/5634 202/203/5018 452/467/5017
f 1695/1802/5635 938/975/1000 940/978/1003
f 940/978/1003 2108/2320/5636 1695/1802/5635
f 1677/1784/2121 57/57/2120 60/60/3543
f 60/60/3543 1827/1967/2418 1677/1784/2121
f 1942/2105/2706 1734/1852/5637 497/517/5638
f 497/517/5638 185/186/2707 1942/2105/2706
f 326/328/3211 1832/2393/2431 1878/2026/5584
f 1878/2026/5584 1877/2025/5639 326/328/3211
f 218/220/217 2364/2685/5640 2363/2684/5641
f 2363/2684/5641 219/221/218 218/220/217
f 2178/2418/3985 1259/1322/1428 1380/1451/1583
f 1380/1451/1583 2169/2407/3223 2178/2418/3985
f 2203/2450/5642 2215/2469/5643 1179/1234/5644
f 1179/1234/5645 2488/2980/5646 2203/2450/5642
f 268/270/5647 271/273/491 492/512/490
s 0
f 492/512/5648 477/2490/5648 268/270/5648
s 1
f 1561/1648/5649 1053/1097/1830 197/198/1829
f 197/198/5650 196/197/5627 1561/1648/5626
s 0
f 894/925/4884 893/924/4884 1607/1697/4884
f 1607/1697/4884 1647/1747/4884 894/925/4884
s 1
f 963/1867/1024 2320/2981/1023 1306/2614/5651
s 0
f 1306/2614/5652 2319/2613/5652 963/1867/5652
f 253/255/5653 564/587/5653 1225/1284/5653
f 1225/1284/5653 254/256/5653 253/255/5653
s 1
f 1804/1935/2372 2087/2290/3001 2025/2209/3004
f 2025/2209/3004 1805/1936/2373 1804/1935/2372
f 985/1026/5654 2382/2719/5655 885/916/5656
s 0
f 885/916/5657 884/915/5657 985/1026/5657
s 1
f 638/663/5658 2455/2880/5659 2293/2580/5660
f 2293/2580/5660 983/1024/5661 638/663/5658
f 1133/1183/5373 2307/2598/3762 2144/2367/5662
f 2144/2367/5663 98/98/5664 1133/1183/5665
f 1955/2982/2650 1954/2616/2649 2320/2615/3793
f 2320/2615/3793 261/263/3609 1955/2982/2650
f 1304/1370/3476 1087/1131/2224 2171/2410/2224
f 2171/2410/2224 838/869/3477 1304/1370/3476
s 0
f 837/2017/5666 836/2856/5666 1381/1452/5666
f 1381/1452/5666 676/701/5666 837/2017/5666
s 1
f 327/329/325 326/328/324 1877/2025/5667
f 1877/2025/5667 1809/1940/3077 327/329/325
f 14/2692/4055 114/115/112 1784/1913/5668
f 1784/1913/5668 1673/2512/5669 14/2692/4055
f 1297/1363/1473 1299/1365/1476 2332/2637/5670
f 2332/2637/5670 1993/2302/5671 1297/1363/1473
f 845/876/898 844/875/897 1619/2983/1994
f 1619/2983/5672 1535/1622/3437 845/876/3436
s 0
f 1655/1759/3397 623/648/3397 1071/1115/3397
f 1071/1115/1481 2355/2673/1481 1655/1759/1481
s 1
f 2221/2476/5673 680/705/5674 682/707/5675
s 0
f 682/707/5676 2334/2644/5676 2221/2476/5676
s 1
f 2341/2653/4123 2378/2714/4122 2112/2325/5677
s 0
f 2112/2325/5678 2414/2785/5678 2341/2653/5678
s 1
f 1130/1180/2716 712/738/2715 1812/1944/5679
f 1812/1944/5679 1518/1605/5680 1130/1180/2716
f 636/661/5493 635/660/5681 2331/2634/5682
f 2331/2634/5682 2330/2633/5494 636/661/5493
f 1736/1854/2230 1410/1483/5683 805/834/5684
f 805/834/5684 804/833/2231 1736/1854/2230
f 1351/1419/1544 1792/1922/2352 2256/2810/3537
f 2256/2810/3537 1352/1420/1545 1351/1419/1544
f 2109/2321/5685 2420/2798/5686 2478/2935/5687
f 2478/2935/5687 1874/2021/5688 2109/2321/5689
f 1968/2138/4490 1245/1308/1405 1244/1307/1404
f 1244/1307/1404 2314/2606/4491 1968/2138/4490
s 0
f 346/353/5632 1613/1706/5632 2096/2978/5632
s 1
f 2096/2305/5690 2095/2304/5197 346/348/5196
s 0
f 671/696/5691 2221/2476/5691 2334/2644/5691
s 1
f 2334/2644/5130 672/697/5692 671/696/5693
f 506/526/5694 505/525/5695 1534/1621/5696
f 1534/1621/5696 1425/1500/5697 506/526/5694
f 1208/1267/1337 1642/1742/2335 1783/1912/2338
f 1783/1912/2338 1209/1268/1338 1208/1267/1337
f 1669/1776/2103 1591/1681/2102 856/887/1799
f 856/887/1799 1508/1593/1798 1669/1776/2103
f 175/176/2104 2437/2831/5698 140/141/5699
f 140/141/5699 143/144/2105 175/176/2104
f 1518/1605/5680 1812/1944/5679 1491/1572/1773
f 1491/1572/1773 1494/1575/1776 1518/1605/5680
f 443/458/5700 1859/2002/5701 70/70/5702
f 70/70/5702 943/982/5703 443/458/5700
f 1202/1261/1328 1742/1862/5704 1359/1429/2341
f 1359/1429/2341 1203/1262/1329 1202/1261/1328
f 663/688/5705 616/641/5706 2354/2672/5707
f 2354/2672/5707 6/6/3468 663/688/5705
f 2489/2984/5708 1601/1691/5709 1604/1694/5378
f 1604/1694/5378 2481/2944/5377 2489/2984/5708
f 1977/2149/5710 513/533/4886 1806/1937/4887
f 1806/1937/4887 1808/1939/5711 1977/2149/5710
f 2103/2312/3043 511/531/5712 514/534/5713
f 514/534/5713 1273/1336/3044 2103/2312/3043
f 50/50/5714 49/49/5715 1234/1295/1386
f 1234/1295/1386 1632/1728/5716 50/50/5714
f 1435/1510/5717 2305/2592/5718 1548/1635/4464
f 1548/1635/4464 1004/1045/5719 1435/1510/5717
f 2468/2949/5720 198/405/5721 397/404/3419
f 397/404/3419 2219/2473/3418 2468/2949/5720
f 2336/2647/5722 2335/2646/5723 2047/2652/5724
f 2047/2652/5725 2485/2974/5726 2336/2647/5727
s 0
f 1830/1970/5728 2203/2450/5728 2488/2980/5728
s 1
f 2488/2980/5729 2433/2825/4811 1830/1970/2424
f 1804/1935/5339 1605/2945/5338 2490/2985/5730
f 2490/2985/5730 2087/2290/5731 1804/1935/5339
f 481/501/2482 480/500/2263 828/859/2262
f 828/859/2262 1863/2006/2483 481/501/2482
s 0
f 1958/2127/454 1315/2425/454 1068/2986/454
f 1068/2986/454 1067/2987/454 1958/2127/454
s 1
f 946/986/5732 1036/1080/5733 1362/1432/5734
f 1362/1432/5734 947/987/5735 946/986/5736
f 2320/2615/5037 1306/1372/1485 1028/1072/1484
f 1028/1072/1484 495/515/5038 2320/2615/5037
f 1797/2977/5631 864/895/918 416/425/413
f 416/425/413 415/424/412 1797/2977/5631
f 2394/2737/5737 1672/1779/5738 1675/1782/5739
f 1675/1782/5739 1924/2082/2975 2394/2737/5737
f 1796/1926/4452 1270/1333/5740 868/899/5741
f 868/899/5741 2226/2481/4453 1796/1926/4452
s 0
f 661/686/5742 2229/2484/5742 904/935/5742
f 904/935/5743 662/687/5743 661/686/5743
s 1
f 1999/2176/2986 2082/2284/2985 2259/2736/3544
f 2259/2736/3544 2000/2177/5744 1999/2176/2986
f 1599/1689/5745 905/936/960 907/939/963
f 907/939/963 1600/1690/5426 1599/1689/5745
f 1741/1859/5746 1545/1632/5747 141/142/5748
f 141/142/5748 140/141/5749 1741/1859/5746
f 2411/2776/5202 2438/2832/4620 1758/2988/5750
f 1758/2988/5750 1759/2799/5751 2411/2776/5202
f 1328/1396/5752 1598/1688/5753 1597/1687/3522
f 1597/1687/3522 2252/2516/3521 1328/1396/5752
f 2164/2400/3218 2208/2457/3371 2491/2989/5754
f 2491/2989/5754 1934/2097/2622 2164/2400/3218
s 0
f 1568/1655/5755 1567/1654/5755 1843/1985/5755
s 1
f 1843/1985/5756 1842/1984/4687 1568/1655/4686
f 626/651/646 628/653/649 1045/1089/1128
f 1045/1089/1128 189/190/1127 626/651/646
f 1117/1166/1220 2100/2309/4854 910/944/4857
f 910/944/4857 1118/1167/1221 1117/1166/1220
f 813/842/857 743/771/5757 1313/1379/5758
f 1313/1379/5758 1312/1378/1495 813/842/857
f 2310/2601/5357 644/669/5759 647/672/5760
f 647/672/5761 1166/1220/1283 2310/2601/5357
f 2027/2211/5762 1120/1169/5763 325/1172/5764
f 325/1172/5764 324/2596/5765 2027/2211/5762
f 1798/1929/4739 2311/2602/3776 711/737/3777
f 711/737/3777 710/736/4740 1798/1929/4739
f 2136/2354/3139 1621/2357/3142 2244/2990/5766
f 2244/2990/5766 2243/2710/5767 2136/2354/3139
f 2161/2396/5768 2339/2650/5769 1076/1120/4285
f 1076/1120/4285 2162/2397/4284 2161/2396/5768
f 623/648/5770 622/647/2260 786/814/832
f 786/814/837 1071/1115/1164 623/648/5771
f 1808/1939/2377 1807/1938/2376 2381/2717/4137
f 2381/2717/4137 2351/2669/3970 1808/1939/2377
f 1099/1144/5772 2477/2934/5773 2254/2520/5774
f 2254/2520/5774 1100/1145/5775 1099/1144/5772
f 1605/1695/1958 825/855/1957 824/854/5776
f 824/854/5777 2490/2991/5778 1605/1695/5779
f 1745/1865/2249 624/649/4669 1333/1401/4670
f 1333/1401/4670 1332/1400/2250 1745/1865/2249
f 2492/2992/5780 1761/1884/2294 842/873/895
f 842/873/895 1772/1898/2309 2492/2992/5780
f 2463/2898/4982 2164/2400/3218 512/532/3217
f 512/532/3217 2464/2899/4983 2463/2898/4982
f 1962/2131/5781 521/541/5150 2052/2240/5153
s 0
f 2052/2240/5782 2054/2242/5782 1962/2131/5782
s 1
f 1451/1529/5783 2458/2888/4920 2395/2744/4919
s 0
f 2395/2744/5784 1448/1526/5784 1451/1529/5784
s 1
f 648/826/5785 797/825/5786 741/2993/5787
f 741/2994/5787 649/674/5788 648/673/5785
f 2059/2248/2911 2272/2546/5789 1023/1067/5789
f 1023/1067/5789 273/275/2912 2059/2248/2911
f 2249/2511/3513 1790/1920/2350 1351/1419/1544
f 1351/1419/1544 1350/1418/1543 2249/2511/3513
s 0
f 1009/1053/383 1470/1549/383 1671/1778/383
f 1671/1778/383 2413/2780/383 1009/1053/383
s 1
f 1586/1676/2800 822/1675/871 825/2092/874
f 825/2092/874 103/2091/2801 1586/1676/2800
f 1664/1770/4297 972/1013/4296 1109/2933/5790
f 1109/2933/5790 1064/2967/5791 1664/1770/4297
f 1215/1274/5792 88/88/85 112/2970/110
f 112/2970/110 1512/1739/2988 1215/1274/5792
f 2101/2310/3037 73/73/3036 2217/2471/3411
f 2217/2471/3411 2216/2470/3410 2101/2310/3037
f 2217/2471/5793 2425/2806/5794 2113/2326/3068
f 2113/2326/3068 2218/2472/3412 2217/2471/5793
f 2398/2995/5795 1959/2128/2654 1958/2127/2653
s 0
f 1958/2127/454 1067/2987/454 2398/2995/454
s 1
f 740/1136/5796 324/326/322 327/329/325
f 327/329/325 1092/1137/5797 740/1136/5796
f 1956/2946/5798 1959/2868/5799 2453/2869/5800
f 2453/2869/5800 2105/2947/5801 1956/2946/5798
f 2152/2382/4800 577/600/4799 687/712/5600
f 687/712/5600 2153/2383/3193 2152/2382/4800
f 1998/2175/4344 1439/1516/5802 1115/1164/5802
f 1115/1164/5802 593/616/4345 1998/2175/4344
f 660/685/680 659/684/680 1182/1237/1304
f 1182/1237/1304 1181/1236/1303 660/685/680
f 791/819/1170 1075/1119/1169 1851/1993/3242
f 1851/1993/3242 792/820/3241 791/819/5803
f 2488/2980/5804 1179/1234/5805 1178/1233/5806
f 1178/1233/5806 2017/2198/5807 2488/2980/5804
f 1126/1176/1229 1125/1175/1228 2142/2364/1322
f 2142/2364/1322 1976/2146/3156 1126/1176/1229
f 411/420/3422 52/52/3559 107/2538/3562
f 107/2538/3562 106/2474/3423 411/420/3422
f 2088/2291/3461 2003/2180/5808 1624/1718/5809
f 1624/1718/5809 1623/1717/3462 2088/2291/3461
f 2362/2683/5810 438/453/4742 437/452/5044
f 437/452/5044 2363/2684/5043 2362/2683/5810
f 208/984/5811 944/983/5812 2283/2562/5813
f 2283/2562/5813 209/2561/5814 208/984/5811
f 722/748/5815 2492/2992/5780 1772/1898/2309
f 1772/1898/2309 1771/1897/2308 722/748/5815
f 2209/2931/5816 1888/2038/3378 2012/2190/3381
f 2012/2190/3381 2011/2189/5817 2209/2931/5816
f 957/997/5818 956/996/5819 1348/1416/5820
f 1348/1416/5820 1349/1417/5821 957/997/5818
f 2140/2362/5822 1106/1151/5823 1105/1150/5824
f 1105/1150/5824 2043/2230/5825 2140/2362/5822
f 627/652/5826 1516/1602/2919 491/511/2922
f 491/511/2922 490/510/5827 627/652/5826
f 888/919/4638 887/918/5828 1900/2050/5829
f 1900/2050/5829 2440/2835/4639 888/919/4638
f 805/834/5684 1410/1483/5683 1409/1482/3960
f 1409/1482/3960 1929/2087/3959 805/834/5684
f 2194/2440/5830 2193/2439/4555 2427/2813/4557
f 2427/2813/4557 2378/2714/5830 2194/2440/5830
s 0
f 1996/2172/5831 2370/2701/5831 1536/2996/5831
s 1
f 1536/2996/5832 181/182/2747 1996/2172/2746
f 110/111/858 813/842/857 1312/1378/1495
f 1312/1378/1495 111/112/1603 110/111/858
f 1116/1165/1346 1134/1184/1345 1137/1187/5833
f 1137/1187/5833 1117/1166/5833 1116/1165/1346
f 1081/1125/4243 2329/2632/4242 58/58/56
f 58/58/56 57/57/55 1081/1125/4243
f 849/880/4531 848/879/5117 1193/1250/5118
f 1193/1250/5118 1192/1249/4532 849/880/4531
s 0
f 12/12/5834 11/11/5834 935/972/5834
f 935/972/5835 934/971/5835 12/12/5835
s 1
f 2351/2669/3970 2381/2717/4137 746/774/5836
f 746/774/5836 745/773/5837 2351/2669/3970
f 1691/1798/4155 852/883/4154 1072/1116/5838
f 1072/1116/5838 789/817/5839 1691/1798/4155
f 802/831/5840 801/830/5841 2069/2264/5842
f 2069/2264/5842 1922/2080/5843 802/831/5840
f 451/466/5844 2367/2695/4067 1989/2730/5845
s 0
f 1989/2730/5846 2392/2729/5846 451/466/5846
s 1
f 1150/1201/5469 1149/1200/2172 645/670/2171
f 645/670/2171 843/2997/5470 1150/1201/5469
f 2456/2885/5847 1007/1049/5847 1644/1744/5848
f 1644/1744/2053 1643/1743/2053 2456/2885/5847
f 1117/1166/5849 1137/1187/5850 2098/2307/3028
f 2098/2307/3028 2100/2309/3031 1117/1166/5849
f 2489/2984/5851 2481/2944/5320 2480/2943/5319
f 2480/2943/5319 2482/2948/5852 2489/2984/5851
f 1749/1872/4621 1059/1103/5434 2021/2204/5435
f 2021/2204/5435 2020/2203/4622 1749/1872/4621
f 202/203/198 2392/2729/5853 2393/2731/5854
f 2393/2731/5854 203/204/199 202/203/198
f 2415/2788/5094 478/498/477 481/501/480
f 481/501/480 1862/2005/5095 2415/2788/5094
f 2438/2832/4620 1821/1959/2411 1223/1962/1361
f 1223/1962/1361 1758/2988/5750 2438/2832/4620
f 2487/2963/5855 2472/2925/5856 833/864/5857
f 833/864/5857 835/866/5858 2487/2963/5855
f 516/536/3825 2107/2319/5859 1648/2078/5860
f 1648/2078/5860 541/562/3826 516/536/3825
f 2493/2998/5861 2494/2999/5862 2015/2195/5863
f 2015/2195/5864 2220/2475/5864 2493/2998/5864
f 2228/2483/5865 148/149/5866 147/148/5867
f 147/148/5867 215/217/5868 2228/2483/5865
f 2176/2415/4306 2409/2770/4309 2495/3000/5869
f 2495/3000/5870 2089/2292/3249 2176/2415/3248
f 1350/1418/1543 2496/3001/5393 1764/1890/2299
f 1764/1890/2299 2249/2511/3513 1350/1418/1543
f 2238/3002/5871 1015/3003/5872 2497/3004/5873
f 2497/3004/5874 2077/2275/5875 2238/3002/5871
s 0
f 2273/2547/5876 2484/2957/5876 2051/2239/5876
f 2051/2239/38 1777/2238/38 2273/2547/38
f 2370/3005/383 1989/2165/383 1537/1624/383
f 1537/1624/383 1536/1623/383 2370/3005/383
f 2498/3006/5877 2345/2658/5877 1248/1311/5877
f 1248/1311/5878 1720/1836/5878 2498/3006/5878
f 1603/1693/5879 1961/2130/5879 570/593/5879
f 570/593/5880 569/592/5880 1603/1693/5880
s 1
f 114/115/112 113/114/111 1785/1914/5881
f 1785/1914/5881 1784/1913/5668 114/115/112
s 0
f 2435/2829/5882 595/618/5882 390/395/5882
f 390/395/5883 389/394/5883 2435/2829/5883
s 1
f 2465/2900/5083 2499/3007/5884 2396/2745/5304
f 2396/2745/5304 2397/2746/4247 2465/2900/5083
f 2500/3008/5885 2501/3009/5886 2502/3010/5887
s 0
f 2502/3010/5888 2503/3011/5888 2500/3008/5888
s 1
f 1670/1777/2108 1174/1229/1294 2494/2999/5889
s 0
f 2494/2999/5890 2493/2998/5890 1670/1777/5890
s 1
f 511/531/5712 2189/2433/3290 1729/1846/3289
f 1729/1846/5891 2461/2896/5892 511/531/5893
s 0
f 2497/3004/5894 1015/3003/5894 631/2966/5894
f 631/2966/5895 2170/2408/5895 2497/3004/5895
s 1
f 1293/1359/1469 1296/1362/1472 2504/3012/5896
f 2504/3012/5897 1318/1385/4772 1293/1359/4771
f 2448/2859/4770 447/462/447 446/461/446
f 446/461/446 2505/3013/5898 2448/2859/4770
s 0
f 2156/2388/454 423/434/454 1155/1206/454
f 1155/1206/5899 1320/1387/5899 2156/2388/5899
s 1
f 2506/3014/5900 54/54/52 53/53/51
s 0
f 53/53/5901 1722/1838/5901 2506/3014/5901
f 2507/3015/5902 2345/2658/5902 782/810/5902
s 1
f 782/810/5903 785/813/5904 2507/3015/2339
f 1314/1380/5905 951/991/5906 954/994/5907
f 954/994/5907 596/619/5908 1314/1380/5905
s 0
f 1148/1199/5909 1147/1198/5909 1671/1778/5909
f 1671/1778/454 2403/2756/454 1148/1199/454
s 1
f 428/441/3072 604/629/3071 961/1001/5910
f 961/1001/5910 960/1000/5911 428/441/3072
s 0
f 1865/2008/5912 1231/1292/5912 2367/2903/5912
f 2367/2695/5913 1933/2095/5913 1865/2096/5913
s 1
f 119/120/3997 118/119/4845 2128/2343/4846
f 2128/2343/4846 2508/3016/5914 119/120/3997
f 2156/2388/5915 1295/1361/5916 130/131/5917
f 130/131/5917 423/434/5918 2156/2388/5915
s 0
f 811/840/5919 1337/1405/5919 2509/3017/5919
f 2509/3017/5920 1356/1426/5920 811/840/5920
f 2509/3017/5921 2423/2803/5921 1357/1427/5921
f 1357/1427/5922 1356/1426/5922 2509/3017/5922
s 1
f 1935/2098/5923 2491/2989/5923 2510/3018/5923
f 2510/3018/5924 2511/3019/5925 1935/2098/5926
f 2278/2552/3603 2471/2923/5927 429/442/5186
f 429/442/5186 1026/1070/1103 2278/2552/3603
s 0
f 2263/2535/5928 2316/2609/5928 2512/3020/5928
f 2512/3020/5929 2443/2841/5929 2263/2535/5929
f 2500/3008/5930 2503/3011/5930 2297/2584/5930
s 1
f 2297/2584/5931 2296/2583/5932 2500/3008/5933
s 0
f 431/444/5934 2015/2195/5934 2467/2909/5934
s 1
f 2467/2909/5054 2046/2233/2896 431/444/3073
s 0
f 2513/3021/5935 1603/1693/5935 569/592/5935
f 569/592/5877 1722/1838/5877 2513/3021/5877
f 2512/3020/2224 2058/2247/2224 272/274/2224
f 272/274/5936 275/277/5936 2512/3020/5936
f 2462/2897/5937 1728/1845/5937 2514/3022/5937
s 1
f 2514/3022/5938 2463/2898/5939 2462/2897/5940
f 2510/3018/5941 2372/2706/5942 2459/2889/5943
f 2459/2889/5944 2511/3019/5945 2510/3018/5946
f 2515/3023/5947 2365/2844/5948 2292/2577/3689
f 2292/2577/3689 1904/2579/3692 2515/3023/5947
s 0
f 2511/3019/5949 2459/2889/5949 2423/2803/5949
f 2423/2803/5950 2509/3017/5950 2511/3019/5950
s 1
f 2514/3024/5951 2476/2929/5195 2475/2928/5194
f 2475/3025/5952 2516/3026/5953 2514/3022/5954
f 2271/2545/5955 2517/3027/5956 1611/1702/5957
s 0
f 1611/1702/5958 1047/1091/5958 2271/2545/5958
s 1
f 1526/1613/3122 1529/1616/5959 2318/3028/5960
f 2318/3028/5960 1500/1583/1789 1526/1613/3122
s 0
f 2353/2671/4607 2060/2249/4607 2500/3029/4607
s 1
f 2500/3029/5961 2182/3030/5961 2353/2671/5961
f 1497/2796/5962 1724/1840/5963 1723/1839/5964
s 0
f 1723/1839/454 2469/3031/454 1497/2796/454
s 1
f 2518/3032/5965 1031/1075/1111 1034/1078/1110
f 1034/1078/5966 1047/1091/5967 2518/3032/5968
f 1611/1702/5969 2519/3033/5970 1822/1960/5971
s 0
f 1822/1960/5972 1032/1076/5972 1611/1702/5972
s 1
f 2451/2863/5973 1140/1190/5974 2344/2657/5975
f 2344/2657/5975 372/2906/5976 2451/2863/5973
f 1148/1199/5977 2403/2756/5978 2480/2943/5979
f 2480/2943/5979 2090/2293/5980 1148/1199/5977
f 2452/2865/5981 339/341/5982 1141/1192/5983
f 1141/2954/5984 2368/2696/5985 2452/3034/5986
f 834/865/4117 2377/2713/5987 2520/3035/5988
f 1676/1783/5445 1361/1431/5989 1951/2120/5446
f 1337/1405/5990 2486/2961/5991 2509/3017/5992
s 0
f 677/702/5993 308/310/5993 307/309/5993
s 1
f 1464/1543/5443 2521/3036/5994 2444/2853/5444
f 2522/3037/5995 387/392/378 1822/2243/2901
f 1788/1918/2407 178/179/2410 1546/1633/5996
f 2366/2691/5476 2470/2919/5475 2523/3038/5997
f 876/907/5489 2234/2871/5998 2422/2801/5490
f 1046/1090/5999 1544/1631/4960 2460/2893/4959
f 330/332/6000 1254/1317/4735 331/333/4734
f 145/146/143 144/145/6001 2240/2501/3499
f 2501/3009/5886 2500/3008/5885 388/3039/6002
f 182/3040/5482 1535/1622/6003 1619/2983/5483
f 1289/3041/5103 1288/2031/2517 1882/2030/38
f 2496/3001/5393 1763/1887/2298 1764/1890/2299
s 0
f 2231/2486/55 1901/2051/55 2191/2437/55
s 1
f 1154/1205/6004 1320/1387/6005 1155/1206/5274
s 0
f 980/3042/38 1581/1669/38 981/3043/38
s 1
f 2437/2831/6006 1739/1857/2238 140/141/2241
f 2501/3009/6007 388/3039/6002 2522/3044/252
f 2124/3045/6008 1914/2065/3690 1913/2064/6009
f 1291/1356/6010 340/342/6011 1241/1303/6012
s 0
f 741/2993/4081 797/825/4081 980/3042/4081
s 1
f 86/86/6013 841/872/6014 144/145/6015
f 336/338/6016 2263/2535/6017 337/339/6018
f 571/594/583 1760/1883/6019 283/2743/6020
f 590/613/3114 2508/3016/2184 2128/2343/3111
s 0
f 1266/1329/6021 1265/1328/6021 2104/3046/6021
f 2516/3026/383 2524/3047/383 2525/3048/383
f 7/7/454 6/6/454 2452/2865/454
s 1
f 2088/2866/6022 824/853/873 823/852/872
f 2522/3044/6023 1822/1960/5971 2519/3033/5970
s 0
f 2513/3021/6024 1604/1694/6024 1603/1693/6024
f 1729/1846/6025 1728/1845/6025 2526/3049/6025
s 1
f 2527/3050/6026 2177/2416/6027 1727/1843/6028
s 0
f 2484/2957/6029 2273/2547/6029 2272/2546/6029
s 1
f 1341/1409/3032 1946/2112/2640 80/80/6030
f 1256/1319/1423 168/1449/1581 1257/1320/1424
f 1060/1104/1150 186/187/6031 2346/2660/6032
f 425/436/425 670/695/6033 426/437/426
f 1060/1104/1150 187/188/1149 186/187/6031
f 975/1016/1232 1128/1178/1231 552/575/4432
f 1338/1406/1527 1337/1405/1526 811/840/6034
s 0
f 1737/1855/6035 1720/1836/6035 1873/2020/6035
s 1
f 2228/2483/6036 215/217/6037 2276/2550/6038
s 0
f 2528/3051/6039 1912/3052/6039 1726/1847/6039
f 6/6/6040 2354/2672/6040 2452/2865/6040
s 1
f 314/316/6041 1314/1380/5905 596/619/5908
s 0
f 2074/2272/6042 2497/3004/6042 2265/2539/6042
f 1507/1592/6043 2228/2483/6043 1902/2052/6043
s 1
f 2217/2471/5793 73/73/6044 2425/2806/5794
s 0
f 2232/2489/6045 2410/2774/6045 1815/1947/6045
f 1493/2487/6046 2466/3053/6046 2232/2488/6046
f 777/805/6047 2367/2903/6047 778/806/6047
f 2529/3054/6048 2435/2829/6048 389/394/6048
s 1
f 2513/3021/6049 2159/2391/3208 1604/1694/3209
s 0
f 730/756/6050 1462/1541/6050 731/757/6050
s 1
f 2479/2940/6051 2237/2497/3493 2238/2498/3494
f 679/704/708 305/307/6052 308/310/709
s 0
f 2449/2861/6053 2180/2420/6053 2530/3055/6053
f 2507/3015/252 1248/1311/252 2345/2658/252
f 2506/3014/252 1722/1838/252 569/592/252
s 1
f 2358/2677/3990 890/921/4660 2416/2790/6054
f 2262/2531/4021 2365/2686/4022 2531/3056/6055
s 0
f 2532/3057/6056 103/3058/6056 1586/3059/6056
s 1
f 1464/1543/1738 1463/1542/1737 2521/3036/6057
f 1610/1701/6058 1047/1091/6059 1611/1702/6060
f 2396/2745/5304 2499/3007/5884 2007/2185/5301
f 1396/1467/3455 240/242/240 243/245/243
f 1531/1618/4316 2258/2526/3542 2263/2535/6061
f 2208/2457/4816 2076/2274/4815 2491/2989/4968
s 0
f 2527/3050/6062 2408/2769/6062 2177/2416/6062
s 1
f 307/309/6063 306/308/3346 247/249/3345
s 0
f 2533/3060/6064 2525/3048/6064 2238/3002/6064
f 453/468/454 2327/2627/454 1511/1596/454
s 1
f 1676/1783/6065 1660/1766/3040 1917/2069/3039
f 570/593/6066 1960/2129/2655 2241/2503/5527
f 2046/2233/2896 1173/1228/5053 1985/2160/3245
s 0
f 2529/3054/6067 389/394/6067 2520/3035/6067
s 1
f 87/87/5351 146/147/6068 917/951/5352
f 509/1957/2406 689/714/2405 1317/1384/6069
f 494/514/2787 2007/2185/2786 2499/3007/6070
f 2295/2582/3714 2298/2585/3717 2534/3061/6071
f 1581/1669/6072 1580/1668/6073 1699/1810/6074
f 1289/3062/5103 1882/2374/38 2146/2373/3173
s 0
f 1974/2144/454 1973/2143/454 485/505/454
s 1
f 1295/1361/4405 2271/2545/4404 130/131/6075
s 0
f 2502/3010/6076 2517/3027/6076 2503/3011/6076
s 1
f 2180/2420/3268 2183/2423/6077 2535/3063/6078
f 426/1704/1977 670/2378/6079 1404/1475/1978
f 45/45/43 2523/3038/6080 46/46/44
f 511/531/510 2464/2899/6081 512/532/511
s 0
f 362/3064/6082 1409/3065/6082 195/3066/6082
f 1762/2781/6083 731/757/6083 1461/1540/6083
s 1
f 2452/3034/5986 2368/2696/5985 2016/2697/6084
f 900/931/6085 1327/1395/6086 901/932/954
f 876/907/931 875/906/930 2234/2871/6087
s 0
f 2536/3067/6088 2271/2545/6088 2297/2584/6088
f 2516/3026/6089 2475/3025/6089 2524/3047/6089
s 1
f 2402/2755/4264 2405/2758/4268 2537/3068/6090
s 0
f 2528/3051/6091 1913/2826/6091 1912/3052/6091
s 1
f 119/120/3997 2508/3016/5914 589/612/3998
s 0
f 2491/2989/6092 2076/2274/6092 2510/3018/6092
f 2487/2963/6093 2061/2250/6093 2352/2670/6093
s 1
f 1993/2302/3021 2332/2637/6094 1249/1312/3022
f 2538/3069/6095 2090/2293/6096 2474/2927/6097
f 2387/2724/6098 2324/2624/3804 2325/2625/3807
s 0
f 2473/2926/6099 2177/2416/6099 2538/3069/6099
s 1
f 2218/2472/3412 2113/2326/3068 883/914/3067
s 0
f 985/1026/6100 749/777/6100 2022/2205/6100
s 1
f 339/341/6101 338/340/6102 1141/1192/1251
f 1680/1787/2124 2391/2728/5355 2426/2809/6103
s 0
f 2181/3070/6104 2539/3071/6104 2182/3030/6104
f 2534/3061/6105 1295/1361/6105 1294/1360/6105
s 1
f 1006/2953/5408 530/550/533 529/549/532
f 1275/1338/6106 1905/2055/4763 1276/1339/4762
f 1307/1373/3238 2175/2414/3237 1773/1899/6107
f 2478/2935/6108 1345/1413/2507 1874/2021/2506
s 0
f 420/2913/6109 1257/2816/6109 158/159/6109
f 1473/1552/454 2371/2703/454 1620/1714/454
s 1
f 63/63/60 536/557/4984 550/573/6110
f 1298/1364/5375 1133/1183/5374 1132/1182/6111
f 2514/3022/5954 2516/3026/5953 2206/2455/6112
s 0
f 1989/2730/6113 441/1345/6113 1281/1344/6113
s 1
f 1961/2130/2656 1960/2129/2655 570/593/6066
s 0
f 2182/2422/6114 2296/2583/6114 2295/2582/6114
s 1
f 1728/1844/6115 1727/1843/6028 2177/2416/6027
f 1291/1356/6116 1241/1303/6010 1288/1357/6117
s 0
f 2531/3056/6118 2515/3072/6118 1904/2054/6118
f 1467/1546/454 1473/1552/454 1466/1545/454
f 1912/2062/6119 1911/2061/6119 2408/2769/6119
s 1
f 1198/1257/2921 1919/2072/2920 1199/1258/3814
s 0
f 2340/2651/6120 1670/1777/6120 2493/2998/6120
s 1
f 552/575/4432 63/63/60 550/573/6110
s 0
f 2503/3011/6121 2536/3067/6121 2297/2584/6121
s 1
f 2316/2609/6122 2058/2247/6123 2512/3020/6124
s 0
f 2521/3073/6125 2401/2754/6125 2444/2845/6125
s 1
f 2429/2818/5591 2387/2724/6098 2325/2625/3807
f 2186/2427/4713 2138/2851/3147 1852/2428/3146
f 1935/2098/2623 2511/3019/6126 2486/2961/5491
s 0
f 2524/3047/6127 2475/3025/6127 2479/3074/6127
s 1
f 2473/2926/5192 2538/3069/6128 2474/2927/5193
f 657/682/677 2086/2289/6129 1883/2032/4759
s 0
f 1473/1552/454 1620/1714/454 1474/1553/454
s 1
f 431/444/3073 2046/2233/2896 605/630/617
f 2510/3018/5941 2075/2273/69 2372/2706/5942
s 0
f 2501/3009/6130 2519/3033/6130 2502/3010/6130
f 2295/2582/6131 2534/3061/6131 1294/1360/6131
f 303/305/454 1321/1388/454 1154/1205/454
f 1656/1760/999 1502/1587/999 2120/2333/999
s 1
f 1541/1628/3919 2342/2655/3918 2426/2809/6132
f 1881/2029/6133 1001/1042/6133 1000/1041/6133
s 0
f 2503/3011/55 2517/3027/55 2536/3067/55
s 1
f 2505/3013/5898 2151/2381/3195 2448/2859/4770
s 0
f 1240/1301/6134 2484/2957/6134 2272/2546/6134
f 1646/1746/454 2375/2709/454 1643/1743/454
s 1
f 2030/2214/5578 1773/1899/6135 2175/2414/5579
f 87/87/5351 86/86/6136 146/147/6068
f 2535/3063/6137 2183/2423/6138 1294/1360/6139
f 1274/1337/6140 1273/1336/3044 514/534/5713
f 607/632/6141 777/805/820 776/804/819
s 0
f 2390/2727/6142 1321/1388/6142 303/305/6142
f 1536/1623/6143 1535/1622/6143 182/3040/6143
s 1
f 1321/1388/6144 1320/1387/6005 1154/1205/6004
f 1255/1318/1421 330/332/1420 2350/2668/6145
s 0
f 1728/1844/6146 2177/2416/6146 2473/2926/6146
f 2268/2542/6147 50/50/6147 1632/1728/6147
s 1
f 1501/1584/1790 1493/2487/3480 1368/1585/1791
s 0
f 511/531/6148 2461/2896/6148 2464/2899/6148
f 2188/2432/6149 2528/3051/6149 1726/1847/6149
s 1
f 2188/2432/4591 1913/2826/4590 2528/3051/6150
f 2498/3006/6151 1049/1093/2674 1967/2137/6152
s 0
f 2507/3015/6153 785/813/6153 1248/1311/6153
s 1
f 1072/1116/1166 2355/2673/6154 1071/1115/6155
f 129/130/127 128/129/6156 2540/3075/6157
f 337/339/335 1140/1190/6158 338/340/336
f 821/2773/5465 2063/2253/6159 2065/2255/5466
f 2077/2275/6160 2497/3004/6161 2074/2272/2965
f 1465/1544/6162 2487/2963/5520 2450/3076/5180
s 0
f 2496/3001/6163 1353/1421/6163 1763/1887/6163
s 1
f 107/108/2388 1492/1573/6164 1491/1572/2389
s 0
f 2401/2754/6165 2389/2726/6165 302/304/6165
s 1
f 190/191/1130 2380/2716/6166 1948/2115/2643
f 753/781/2641 1946/2112/2640 1341/1409/3032
f 1501/2611/4753 1494/1575/4752 1493/1574/6167
s 0
f 2124/2338/6168 1913/2826/6168 2125/2339/6168
f 1720/1836/6169 1247/1310/6169 1873/2020/6169
s 1
f 2486/2961/5991 2511/3019/6170 2509/3017/5992
s 0
f 2111/2372/38 367/372/38 370/375/38
s 1
f 1610/1701/1970 1031/1075/1969 2518/3032/6171
f 2199/2789/4396 759/1242/6172 572/595/2096
f 213/215/4321 2483/2952/5565 2348/2665/3967
f 1012/1056/6173 1715/1829/6174 1013/1057/38
s 0
f 1728/1844/6175 2476/2929/6175 2514/3024/6175
s 1
f 2461/2896/6176 2526/3049/6177 2462/2897/6178
f 645/670/1992 844/1712/897 843/2997/896
f 1100/1145/1196 1564/1651/1885 1097/1142/1193
s 0
f 973/1014/6179 1163/1217/6179 974/1015/6179
s 1
f 142/143/4956 628/653/4955 490/510/6180
f 2444/2845/4690 2401/2754/6181 302/304/4691
f 2489/2984/5708 2537/3068/6182 1601/1691/5709
f 2222/2477/6183 2424/2804/6184 2493/2998/6185
f 2488/2980/5729 2017/2198/5455 2433/2825/4811
f 1029/1073/1487 1307/1373/1486 1773/1899/6186
f 1902/2052/6187 2228/2483/6188 2276/2550/6038
f 1433/1508/6189 1432/1507/6190 2349/2666/3968
s 0
f 2409/2770/6191 1146/1197/6191 2495/3000/6191
f 2538/3069/6192 2177/2416/6192 2090/2293/6192
f 2253/2518/6193 1715/1830/6193 1287/2227/6193
s 1
f 2534/3061/6194 2298/2585/4406 1295/1361/4405
f 2402/2755/5364 2537/3068/6195 2482/2948/5361
f 2465/2900/5002 494/514/5001 2499/3007/6196
f 2103/2312/3043 2189/2433/3290 511/531/5712
s 0
f 1533/2268/6197 2146/2373/6197 2073/2269/6197
s 1
f 2504/3012/6198 1296/1362/6199 2155/2387/4272
s 0
f 2535/3063/6200 1294/1360/6200 1321/1388/6200
f 2103/2312/6201 2125/2339/6201 2189/2433/6201
s 1
f 1529/1616/5959 2454/3077/55 2318/3028/5960
f 991/1032/6202 428/441/3072 960/1000/5911
f 900/931/1291 1172/1227/1290 1327/1395/1516
s 0
f 2182/2422/6203 2500/3008/6203 2296/2583/6203
s 1
f 2425/2806/6204 76/76/6205 1633/1729/6206
s 0
f 2510/3018/6207 2076/2274/6207 2075/2273/6207
s 1
f 2352/2670/6208 2539/3071/6209 2181/3070/6210
f 2204/2453/4594 1275/1338/4593 1977/2149/6211
s 0
f 2180/2420/6212 1321/1388/6212 2390/2727/6212
s 1
f 46/46/6213 2523/3038/6214 2417/2791/4407
f 422/433/4349 2540/3075/6215 1738/1856/4350
f 2276/2550/6038 215/217/6037 1239/1300/6216
f 240/242/240 1753/1876/4624 241/243/241
f 1903/2053/2555 2531/3056/6217 1904/2054/2556
s 0
f 1506/1591/454 2228/2483/454 1507/1592/454
s 1
f 1046/1090/1129 2460/2893/6218 190/191/1130
f 1934/2097/2622 2491/2989/5754 1935/2098/6219
s 0
f 1726/1842/6220 2408/2769/6220 2527/3050/6220
f 1726/1842/6221 1912/2062/6221 2408/2769/6221
f 1013/1057/6074 1668/1775/6074 2418/2793/6074
s 1
f 2504/3012/6222 2155/2387/3201 1319/1386/3200
f 2522/3037/5995 388/393/6223 387/392/378
f 1361/1431/1561 1360/1430/1560 1951/2120/2646
f 2449/2861/4775 2530/3055/6224 2389/2726/4776
s 0
f 834/865/6225 2520/3035/6225 389/394/6225
s 1
f 2085/2288/3598 2277/2551/3601 2086/2289/3871
f 335/337/6226 2053/2241/6227 1359/1429/6228
s 0
f 2406/2760/6229 213/215/6229 1191/1248/6229
s 1
f 731/1885/2296 1639/1737/2295 729/1736/2042
f 2525/3048/6230 2479/3074/6231 2238/3002/6232
s 0
f 589/612/6233 2508/3016/6233 590/613/6233
s 1
f 1815/1947/6234 1814/1946/4727 1369/1439/4726
f 2505/3013/6235 446/461/5058 2152/2382/5057
s 0
f 689/2315/6236 2105/2314/6236 2453/2894/6236
f 422/433/6237 129/130/6237 2540/3075/6237
s 1
f 1676/1783/6238 1917/2069/2575 1593/1683/2574
f 2340/2651/6239 2493/2998/6185 2424/2804/6184
f 1715/1829/6174 1668/1775/38 1013/1057/38
f 2349/2667/55 2454/3077/55 1529/1616/5959
f 1426/1501/6240 707/733/741 573/596/1674
s 0
f 2531/3056/6118 2365/2686/6118 2515/3072/6118
s 1
f 2541/3078/6241 2124/2338/3102 2102/2311/3101
f 2223/2478/6242 1499/1580/1786 1042/1086/1785
f 1577/1665/1910 111/112/109 313/315/311
f 2536/3067/6243 2517/3027/6244 2271/2545/5955
f 985/1026/5654 2022/2205/3586 2382/2719/5655
f 2232/2489/3482 1815/1947/6245 1369/1439/1569
s 0
f 2530/3055/6246 2180/2420/6246 2390/2727/6246
f 883/914/6247 986/1027/6247 884/915/6247
s 1
f 2057/2246/2908 1946/2112/2907 1396/2111/3455
f 2463/2898/5939 2514/3022/5938 2164/2400/6248
f 190/191/1130 2460/2893/6218 2380/2716/6166
s 0
f 2530/3055/6249 2390/2727/6249 2389/2726/6249
f 1728/1844/6250 2473/2926/6250 2476/2929/6250
f 377/382/6251 376/381/6251 121/122/6251
s 1
f 169/2936/5269 2192/2438/5268 2336/2647/454
s 0
f 2207/2456/6252 2533/3060/6252 2077/2275/6252
f 1467/1546/454 342/344/454 1473/1552/454
s 1
f 121/3079/3284 120/2431/3284 1813/1945/3283
f 1405/1476/1625 1404/1475/1624 670/2378/6253
f 619/644/6254 2399/2895/4259 1070/2704/4258
f 2537/3068/6255 1602/1692/1953 1601/1691/1952
f 1025/1069/6256 991/1032/1054 990/1031/1053
s 0
f 1671/1778/6257 1961/2130/6257 2404/2757/6257
f 1671/1778/454 2404/2757/454 2403/2756/454
s 1
f 1047/1091/1132 1033/1077/1996 1048/1092/1133
f 2182/2422/6258 1294/1360/6139 2183/2423/6138
f 329/331/327 2350/2668/6259 330/332/328
f 811/840/855 1356/1426/6260 812/841/856
f 1247/1310/5427 899/930/6261 898/929/6262
f 843/2960/6263 1762/2781/4357 2407/2767/4356
f 2529/3054/6264 2434/2828/4600 2435/2829/4602
s 0
f 1094/1139/6265 1372/1442/6265 1371/1441/6265
s 1
f 1768/1894/6266 1767/1893/6267 667/692/6268
s 0
f 1643/1743/454 2375/2709/454 2456/2885/454
s 1
f 1150/2959/6269 1566/1653/1887 1565/1652/1886
s 0
f 1720/1836/6270 1248/1311/6270 1247/1310/6270
s 1
f 1541/1628/5266 2426/2809/5266 2391/2728/5266
s 0
f 690/716/6271 1069/2705/6271 1267/1330/6271
s 1
f 1761/1884/2294 2492/2992/5780 1639/1737/6272
f 1255/1318/6273 2472/2925/5518 1253/1316/1739
f 2352/2670/3971 2353/2671/3974 2539/3071/6274
s 0
f 663/688/6275 617/642/6275 616/641/6275
f 1465/2752/6276 2450/2862/6276 2400/2753/6276
s 1
f 1726/1842/2219 2527/3050/6277 1727/1843/2220
f 1287/1351/6278 1715/1829/6174 1012/1056/6173
f 2223/2478/4386 2373/2707/4389 2421/2800/6279
f 2377/2713/6280 315/317/6281 2434/2828/6282
s 0
f 2232/2904/6283 2268/2542/6283 2410/2787/6283
f 2182/2422/6284 2295/2582/6284 1294/1360/6284
s 1
f 1342/1410/6285 80/80/6286 213/215/6287
s 0
f 1155/1206/6288 1737/1855/6288 1873/2020/6288
f 2354/2672/6289 903/934/6289 339/341/6289
s 1
f 141/142/4954 1545/1632/1860 1045/1089/1859
s 0
f 2529/3054/6290 2520/3035/6290 2377/2713/6290
s 1
f 2487/2963/6291 2352/2670/6292 2181/3070/6293
s 0
f 2498/3006/6294 1720/1836/6294 1049/1093/6294
s 1
f 2223/2478/6295 1042/1086/1123 1041/1085/1122
f 2022/2205/6296 749/777/6297 1631/1727/6298
f 2529/3054/6299 2377/2713/6300 2434/2828/6282
f 2281/2559/5614 1629/1725/5613 1703/1815/6301
s 0
f 2541/3078/6302 1364/1434/6302 2124/2338/6302
s 1
f 666/691/2503 722/748/5815 1771/1897/2308
s 0
f 1902/2052/6303 2276/2550/6303 1899/2049/6303
s 1
f 2494/2999/6304 2467/2909/6305 2015/2195/6306
f 571/594/583 574/597/586 1760/1883/6019
f 479/499/5348 478/498/4395 1164/1218/4394
f 2041/2228/4741 438/453/4742 2362/2683/5810
f 2134/2350/3975 353/357/3976 1382/1453/6307
s 0
f 1781/1907/6308 80/80/6308 79/79/6308
f 2404/2757/6309 1961/2130/6309 1603/1693/6309
s 1
f 1940/2103/6310 1939/2102/3934 948/988/3933
f 1364/2578/6311 1914/2065/3690 2124/3045/6008
f 1738/1856/2237 2540/3075/6312 1721/1837/2233
f 2206/2455/6313 2533/3060/6314 2207/2456/6315
s 0
f 1873/2020/55 1247/1310/55 898/929/55
s 1
f 2513/3021/6316 1722/1838/2214 2159/2391/3881
s 0
f 2401/2754/6317 2400/2753/6317 2389/2726/6317
s 1
f 1555/1642/4084 920/954/977 919/953/976
f 1536/2996/5832 182/183/6318 181/182/2747
f 2354/2672/6319 339/341/5982 2452/2865/5981
s 0
f 136/137/454 454/469/454 453/468/454
s 1
f 2505/3013/6320 2152/2382/3191 2151/2381/3190
f 1363/1433/3045 2541/3078/6321 2102/2311/3042
f 185/186/179 2346/2660/6322 186/187/180
s 0
f 1231/1292/6323 778/806/6323 2367/2903/6323
s 1
f 283/285/6324 2264/2536/6325 280/282/6326
f 2413/2780/6327 1671/1778/685 1147/1198/6328
s 0
f 2512/3020/6329 275/277/6329 2225/2480/6329
s 1
f 2498/3006/6330 1967/2137/3936 2345/2658/3935
s 0
f 2526/3049/6331 1728/1845/6331 2462/2897/6331
s 1
f 1013/1057/2948 2418/2793/6332 2070/2265/2949
f 2502/3010/6333 1611/1702/6334 2517/3027/6335
f 1072/1116/4939 2356/2674/4938 2355/2673/6336
f 1047/1091/5967 1034/1078/5966 1033/1077/6337
f 212/214/5406 2483/2952/5407 213/215/6338
f 749/777/6339 748/776/6340 1631/1727/6298
s 0
f 2206/2455/6341 2516/3026/6341 2533/3060/6341
s 1
f 337/339/5333 2343/2656/5332 1140/1190/6342
f 2524/3047/6343 2479/3074/6344 2525/3048/6230
f 2451/2863/4779 372/2906/6345 371/2864/4780
f 1326/1394/1515 1814/1946/6346 1327/1395/1516
f 2469/2918/454 1723/2108/454 1944/2107/5124
f 2484/2957/5453 2049/2236/5452 2051/2239/6347
f 91/91/3663 2239/2499/3498 92/92/3497
f 1493/1574/6348 1492/1573/6349 2466/3080/6350
f 1239/1300/3600 1240/1301/6351 2277/2551/3601
f 2318/3028/5960 1501/1584/1790 1500/1583/1789
s 0
f 1752/1875/6352 700/726/6352 699/725/6352
s 1
f 2502/3010/6333 2519/3033/6353 1611/1702/6334
f 1631/1727/6354 748/776/1749 1471/1550/1748
s 0
f 2370/2701/6355 1996/2172/6355 442/457/6355
s 1
f 73/73/6356 76/76/6205 2425/2806/6204
f 2090/2293/5292 2480/2943/6357 2479/2940/5293
s 0
f 1425/2075/6358 1920/2074/6358 2347/2661/6358
f 2501/3009/6359 2522/3044/6359 2519/3033/6359
f 1911/2061/454 2413/2780/454 2408/2769/454
s 1
f 2487/2963/5520 2181/3070/5181 2450/3076/5180
f 2540/3075/6360 1719/1835/2208 1721/1837/2211
s 0
f 2497/3004/6361 2170/2408/6361 2265/2539/6361
s 1
f 1167/1221/1284 1166/1220/1283 2294/2581/3713
f 883/914/6362 2114/2327/6363 986/1027/6364
f 2487/2963/5855 835/866/5858 2061/2250/6365
f 1274/1337/1444 1977/2149/6366 1275/1338/1444
s 0
f 2516/3026/6367 2525/3048/6367 2533/3060/6367
s 1
f 2495/3000/6368 1146/1197/1261 1145/1196/1260
f 2461/2896/5892 1729/1846/5891 2526/3049/6369
f 1341/1409/6370 80/80/6286 1342/1410/6371
f 2421/2800/4477 2373/2707/4837 1923/2081/2596
f 299/301/299 298/300/298 1397/1468/2207
s 0
f 136/137/454 453/468/454 137/138/454
f 2494/2999/6372 1174/1229/6372 2467/2909/6372
f 245/247/6373 1588/1678/6373 2391/2728/6373
f 2349/2932/6374 2246/2508/6374 2454/2879/6374
s 1
f 220/222/4861 219/221/5045 1949/2117/4862
s 0
f 2523/3038/6375 2470/2919/6375 2417/2791/6375
s 1
f 528/548/531 527/547/530 2264/2914/5082
f 2408/2769/6376 2413/2780/6327 1147/1198/6328
f 2088/2866/3404 2490/3081/5778 824/853/5777
s 0
f 2222/2477/6377 2493/2998/6377 2220/2475/6377
s 1
f 2496/3001/3912 1350/1418/1548 1353/1421/1547
s 0
f 1871/2015/38 1581/1669/38 980/3042/38
s 1
f 2281/2559/3610 1703/1815/6378 2282/2560/3611
f 753/781/6379 752/780/4353 299/2113/299
f 1903/2053/3551 2262/2531/3551 2531/3056/6380
f 756/784/3338 759/787/6172 2199/2446/3339
s 0
f 453/468/454 456/471/454 2327/2627/454
s 1
f 2521/3073/6381 1463/2751/4260 2401/2754/4263
f 1713/1827/6382 800/829/1701 1441/1518/1700
f 500/520/3187 1060/1104/1150 2346/2660/6032
s 0
f 1318/1385/6383 2504/3012/6383 1319/1386/6383
f 2533/3060/6384 2238/3002/6384 2077/2275/6384
s 1
f 352/356/348 1382/1453/6385 353/357/349
f 108/109/105 111/112/109 1577/1665/1910
f 2086/2289/3871 2277/2551/3601 2316/2609/3872
s 0
f 797/825/6386 1871/2015/6386 980/3042/6386
f 377/1948/6387 121/3079/6387 1813/1945/6387
f 1581/1669/6388 1699/1810/6388 981/3043/6388
f 2539/3071/6389 2353/2671/6389 2182/3030/6389
s 1
f 2053/2241/6390 1203/1262/1329 1359/1429/2341
f 1610/1701/6058 2518/3032/6391 1047/1091/6059
f 2046/2233/2896 1985/2160/3245 1984/2159/2895
f 45/45/4051 2366/2691/4050 2523/3038/6081
f 1731/1849/3743 678/703/6392 989/1030/3744
s 0
f 1155/1206/454 423/434/454 1737/1855/454
s 1
f 2018/2201/5176 238/240/5175 237/239/6393
f 607/632/4043 1615/1708/4042 608/633/6394
f 2495/3000/6395 1145/1196/3006 2089/2292/3005
s 0
f 2506/3014/6396 569/592/6396 54/54/6396
s 1
f 2492/2992/5780 722/748/5815 1639/1737/6272
f 1346/1414/5254 1345/1413/6397 2478/2935/5255
f 678/703/6398 1941/2104/2629 679/704/3538
f 128/129/3672 1719/1835/3673 2540/3075/6399
f 2443/2841/6400 2512/3020/6401 2225/2480/4667
f 305/307/6402 1099/1144/1195 1098/1143/1194
s 0
f 2180/2420/6403 2535/3063/6403 1321/1388/6403
s 1
f 2088/2291/6404 2087/2290/5731 2490/2985/5730
s 0
f 2060/2249/6405 388/393/6405 2500/3029/6405
s 1
f 2358/2677/3990 2416/2790/6054 2319/2613/3791
f 1255/1318/5183 2350/2668/6406 1002/1043/5184
s 0
f 1973/2143/454 486/506/454 485/505/454
s 1
f 1363/1433/1563 1364/1434/1564 2541/3078/6407
s 0
f 976/1017/6408 975/1016/6408 552/575/6408
s 1
f 315/317/6409 314/316/6041 596/619/5908
f 2482/2948/5852 2537/3068/6410 2489/2984/5851
f 953/993/5606 2278/2552/5605 766/794/6411
s 0
f 2164/2400/6412 2514/3022/6412 2206/2455/6412
s 1
f 2405/2758/4434 1602/1692/4433 2537/3068/6413
